id,title,description,link,image_link,availability,price,brand,condition,google_product_category,product_type
CCOT021,Kailash Kalamkari Srikalahasthi Pen Kalamkari Hand-Painted Cotton Silk Dupatta - CCOT021,Authentic hand-painted Srikalahasthi (Srikalahasti) Pen Kalamkari Cotton Silk Dupatta (Code: CCOT021). 100% natural organic vegetable dyes hand-drawn using traditional tamarind twig pens directly from Kailash Kalamkari master artisans since 1984.,https://www.kailash-kalamkari.com/?department=dupatta&product=srikalahasthi-pen-kalamkari-cotton-silk-CCOT021,https://lh3.googleusercontent.com/d/=w1200,in_stock,1500 INR,Kailash Kalamkari,new,212,Apparel & Accessories > Clothing > Traditional Clothing > Pen Kalamkari Dupattas
CCOT022,Kailash Kalamkari Srikalahasthi Pen Kalamkari Hand-Painted Cotton Silk Dupatta - CCOT022,Authentic hand-painted Srikalahasthi (Srikalahasti) Pen Kalamkari Cotton Silk Dupatta (Code: CCOT022). 100% natural organic vegetable dyes hand-drawn using traditional tamarind twig pens directly from Kailash Kalamkari master artisans since 1984.,https://www.kailash-kalamkari.com/?department=dupatta&product=srikalahasthi-pen-kalamkari-cotton-silk-CCOT022,https://lh3.googleusercontent.com/d/=w1200,in_stock,1500 INR,Kailash Kalamkari,new,212,Apparel & Accessories > Clothing > Traditional Clothing > Pen Kalamkari Dupattas
CCOT023,Kailash Kalamkari Srikalahasthi Pen Kalamkari Hand-Painted Cotton Silk Dupatta - CCOT023,Authentic hand-painted Srikalahasthi (Srikalahasti) Pen Kalamkari Cotton Silk Dupatta (Code: CCOT023). 100% natural organic vegetable dyes hand-drawn using traditional tamarind twig pens directly from Kailash Kalamkari master artisans since 1984.,https://www.kailash-kalamkari.com/?department=dupatta&product=srikalahasthi-pen-kalamkari-cotton-silk-CCOT023,https://lh3.googleusercontent.com/d/=w1200,in_stock,1500 INR,Kailash Kalamkari,new,212,Apparel & Accessories > Clothing > Traditional Clothing > Pen Kalamkari Dupattas
CCOT036,Kailash Kalamkari Srikalahasthi Pen Kalamkari Hand-Painted Cotton black and white Saree - CCOT036,Authentic hand-painted Srikalahasthi (Srikalahasti) Pen Kalamkari Cotton black and white Saree (Code: CCOT036). 100% natural organic vegetable dyes hand-drawn using traditional tamarind twig pens directly from Kailash Kalamkari master artisans since 1984.,https://www.kailash-kalamkari.com/?department=saree&product=srikalahasthi-pen-kalamkari-cotton-black-and-white-CCOT036,https://lh3.googleusercontent.com/d/=w1200,in_stock,3500 INR,Kailash Kalamkari,new,2271,Apparel & Accessories > Clothing > Traditional Clothing > Pen Kalamkari Sarees
CCOT037,Kailash Kalamkari Srikalahasthi Pen Kalamkari Hand-Painted Cotton black and white Saree - CCOT037,Authentic hand-painted Srikalahasthi (Srikalahasti) Pen Kalamkari Cotton black and white Saree (Code: CCOT037). 100% natural organic vegetable dyes hand-drawn using traditional tamarind twig pens directly from Kailash Kalamkari master artisans since 1984.,https://www.kailash-kalamkari.com/?department=saree&product=srikalahasthi-pen-kalamkari-cotton-black-and-white-CCOT037,https://lh3.googleusercontent.com/d/=w1200,in_stock,3500 INR,Kailash Kalamkari,new,2271,Apparel & Accessories > Clothing > Traditional Clothing > Pen Kalamkari Sarees
CCOT038,Kailash Kalamkari Srikalahasthi Pen Kalamkari Hand-Painted Cotton black and white Saree - CCOT038,Authentic hand-painted Srikalahasthi (Srikalahasti) Pen Kalamkari Cotton black and white Saree (Code: CCOT038). 100% natural organic vegetable dyes hand-drawn using traditional tamarind twig pens directly from Kailash Kalamkari master artisans since 1984.,https://www.kailash-kalamkari.com/?department=saree&product=srikalahasthi-pen-kalamkari-cotton-black-and-white-CCOT038,https://lh3.googleusercontent.com/d/=w1200,in_stock,3500 INR,Kailash Kalamkari,new,2271,Apparel & Accessories > Clothing > Traditional Clothing > Pen Kalamkari Sarees
CCOT039,Kailash Kalamkari Srikalahasthi Pen Kalamkari Hand-Painted Cotton black and white Saree - CCOT039,Authentic hand-painted Srikalahasthi (Srikalahasti) Pen Kalamkari Cotton black and white Saree (Code: CCOT039). 100% natural organic vegetable dyes hand-drawn using traditional tamarind twig pens directly from Kailash Kalamkari master artisans since 1984.,https://www.kailash-kalamkari.com/?department=saree&product=srikalahasthi-pen-kalamkari-cotton-black-and-white-CCOT039,https://lh3.googleusercontent.com/d/=w1200,in_stock,3500 INR,Kailash Kalamkari,new,2271,Apparel & Accessories > Clothing > Traditional Clothing > Pen Kalamkari Sarees
CCOT040,Kailash Kalamkari Srikalahasthi Pen Kalamkari Hand-Painted Cotton black and white Saree - CCOT040,Authentic hand-painted Srikalahasthi (Srikalahasti) Pen Kalamkari Cotton black and white Saree (Code: CCOT040). 100% natural organic vegetable dyes hand-drawn using traditional tamarind twig pens directly from Kailash Kalamkari master artisans since 1984.,https://www.kailash-kalamkari.com/?department=saree&product=srikalahasthi-pen-kalamkari-cotton-black-and-white-CCOT040,https://lh3.googleusercontent.com/d/=w1200,in_stock,3500 INR,Kailash Kalamkari,new,2271,Apparel & Accessories > Clothing > Traditional Clothing > Pen Kalamkari Sarees
CCOT041,Kailash Kalamkari Srikalahasthi Pen Kalamkari Hand-Painted Cotton black and white Saree - CCOT041,Authentic hand-painted Srikalahasthi (Srikalahasti) Pen Kalamkari Cotton black and white Saree (Code: CCOT041). 100% natural organic vegetable dyes hand-drawn using traditional tamarind twig pens directly from Kailash Kalamkari master artisans since 1984.,https://www.kailash-kalamkari.com/?department=saree&product=srikalahasthi-pen-kalamkari-cotton-black-and-white-CCOT041,https://lh3.googleusercontent.com/d/=w1200,in_stock,3500 INR,Kailash Kalamkari,new,2271,Apparel & Accessories > Clothing > Traditional Clothing > Pen Kalamkari Sarees
CCOT042,Kailash Kalamkari Srikalahasthi Pen Kalamkari Hand-Painted Cotton black and white Saree - CCOT042,Authentic hand-painted Srikalahasthi (Srikalahasti) Pen Kalamkari Cotton black and white Saree (Code: CCOT042). 100% natural organic vegetable dyes hand-drawn using traditional tamarind twig pens directly from Kailash Kalamkari master artisans since 1984.,https://www.kailash-kalamkari.com/?department=saree&product=srikalahasthi-pen-kalamkari-cotton-black-and-white-CCOT042,https://lh3.googleusercontent.com/d/=w1200,in_stock,3500 INR,Kailash Kalamkari,new,2271,Apparel & Accessories > Clothing > Traditional Clothing > Pen Kalamkari Sarees
CCOT043,Kailash Kalamkari Srikalahasthi Pen Kalamkari Hand-Painted Cotton black and white Saree - CCOT043,Authentic hand-painted Srikalahasthi (Srikalahasti) Pen Kalamkari Cotton black and white Saree (Code: CCOT043). 100% natural organic vegetable dyes hand-drawn using traditional tamarind twig pens directly from Kailash Kalamkari master artisans since 1984.,https://www.kailash-kalamkari.com/?department=saree&product=srikalahasthi-pen-kalamkari-cotton-black-and-white-CCOT043,https://lh3.googleusercontent.com/d/=w1200,in_stock,3500 INR,Kailash Kalamkari,new,2271,Apparel & Accessories > Clothing > Traditional Clothing > Pen Kalamkari Sarees
CCOT045,Kailash Kalamkari Srikalahasthi Pen Kalamkari Hand-Painted Cotton black and white Saree - CCOT045,Authentic hand-painted Srikalahasthi (Srikalahasti) Pen Kalamkari Cotton black and white Saree (Code: CCOT045). 100% natural organic vegetable dyes hand-drawn using traditional tamarind twig pens directly from Kailash Kalamkari master artisans since 1984.,https://www.kailash-kalamkari.com/?department=saree&product=srikalahasthi-pen-kalamkari-cotton-black-and-white-CCOT045,https://lh3.googleusercontent.com/d/=w1200,in_stock,3500 INR,Kailash Kalamkari,new,2271,Apparel & Accessories > Clothing > Traditional Clothing > Pen Kalamkari Sarees
CCOT046,Kailash Kalamkari Srikalahasthi Pen Kalamkari Hand-Painted Cotton black and white Saree - CCOT046,Authentic hand-painted Srikalahasthi (Srikalahasti) Pen Kalamkari Cotton black and white Saree (Code: CCOT046). 100% natural organic vegetable dyes hand-drawn using traditional tamarind twig pens directly from Kailash Kalamkari master artisans since 1984.,https://www.kailash-kalamkari.com/?department=saree&product=srikalahasthi-pen-kalamkari-cotton-black-and-white-CCOT046,https://lh3.googleusercontent.com/d/=w1200,in_stock,3500 INR,Kailash Kalamkari,new,2271,Apparel & Accessories > Clothing > Traditional Clothing > Pen Kalamkari Sarees
CCOT047,Kailash Kalamkari Srikalahasthi Pen Kalamkari Hand-Painted Cotton black and white Saree - CCOT047,Authentic hand-painted Srikalahasthi (Srikalahasti) Pen Kalamkari Cotton black and white Saree (Code: CCOT047). 100% natural organic vegetable dyes hand-drawn using traditional tamarind twig pens directly from Kailash Kalamkari master artisans since 1984.,https://www.kailash-kalamkari.com/?department=saree&product=srikalahasthi-pen-kalamkari-cotton-black-and-white-CCOT047,https://lh3.googleusercontent.com/d/=w1200,in_stock,3500 INR,Kailash Kalamkari,new,2271,Apparel & Accessories > Clothing > Traditional Clothing > Pen Kalamkari Sarees
CCOT048,Kailash Kalamkari Srikalahasthi Pen Kalamkari Hand-Painted Cotton black and white Saree - CCOT048,Authentic hand-painted Srikalahasthi (Srikalahasti) Pen Kalamkari Cotton black and white Saree (Code: CCOT048). 100% natural organic vegetable dyes hand-drawn using traditional tamarind twig pens directly from Kailash Kalamkari master artisans since 1984.,https://www.kailash-kalamkari.com/?department=saree&product=srikalahasthi-pen-kalamkari-cotton-black-and-white-CCOT048,https://lh3.googleusercontent.com/d/=w1200,in_stock,3500 INR,Kailash Kalamkari,new,2271,Apparel & Accessories > Clothing > Traditional Clothing > Pen Kalamkari Sarees
CCOT049,Kailash Kalamkari Srikalahasthi Pen Kalamkari Hand-Painted Cotton black and white Saree - CCOT049,Authentic hand-painted Srikalahasthi (Srikalahasti) Pen Kalamkari Cotton black and white Saree (Code: CCOT049). 100% natural organic vegetable dyes hand-drawn using traditional tamarind twig pens directly from Kailash Kalamkari master artisans since 1984.,https://www.kailash-kalamkari.com/?department=saree&product=srikalahasthi-pen-kalamkari-cotton-black-and-white-CCOT049,https://lh3.googleusercontent.com/d/=w1200,in_stock,3500 INR,Kailash Kalamkari,new,2271,Apparel & Accessories > Clothing > Traditional Clothing > Pen Kalamkari Sarees
CCOT050,Kailash Kalamkari Srikalahasthi Pen Kalamkari Hand-Painted Cotton black and white Saree - CCOT050,Authentic hand-painted Srikalahasthi (Srikalahasti) Pen Kalamkari Cotton black and white Saree (Code: CCOT050). 100% natural organic vegetable dyes hand-drawn using traditional tamarind twig pens directly from Kailash Kalamkari master artisans since 1984.,https://www.kailash-kalamkari.com/?department=saree&product=srikalahasthi-pen-kalamkari-cotton-black-and-white-CCOT050,https://lh3.googleusercontent.com/d/=w1200,in_stock,3500 INR,Kailash Kalamkari,new,2271,Apparel & Accessories > Clothing > Traditional Clothing > Pen Kalamkari Sarees
CCOT051,Kailash Kalamkari Srikalahasthi Pen Kalamkari Hand-Painted Cotton black and white Saree - CCOT051,Authentic hand-painted Srikalahasthi (Srikalahasti) Pen Kalamkari Cotton black and white Saree (Code: CCOT051). 100% natural organic vegetable dyes hand-drawn using traditional tamarind twig pens directly from Kailash Kalamkari master artisans since 1984.,https://www.kailash-kalamkari.com/?department=saree&product=srikalahasthi-pen-kalamkari-cotton-black-and-white-CCOT051,https://lh3.googleusercontent.com/d/=w1200,in_stock,3500 INR,Kailash Kalamkari,new,2271,Apparel & Accessories > Clothing > Traditional Clothing > Pen Kalamkari Sarees
CCOT052,Kailash Kalamkari Srikalahasthi Pen Kalamkari Hand-Painted Cotton black and white Saree - CCOT052,Authentic hand-painted Srikalahasthi (Srikalahasti) Pen Kalamkari Cotton black and white Saree (Code: CCOT052). 100% natural organic vegetable dyes hand-drawn using traditional tamarind twig pens directly from Kailash Kalamkari master artisans since 1984.,https://www.kailash-kalamkari.com/?department=saree&product=srikalahasthi-pen-kalamkari-cotton-black-and-white-CCOT052,https://lh3.googleusercontent.com/d/=w1200,in_stock,3500 INR,Kailash Kalamkari,new,2271,Apparel & Accessories > Clothing > Traditional Clothing > Pen Kalamkari Sarees
CCOT053,Kailash Kalamkari Srikalahasthi Pen Kalamkari Hand-Painted Cotton black and white Saree - CCOT053,Authentic hand-painted Srikalahasthi (Srikalahasti) Pen Kalamkari Cotton black and white Saree (Code: CCOT053). 100% natural organic vegetable dyes hand-drawn using traditional tamarind twig pens directly from Kailash Kalamkari master artisans since 1984.,https://www.kailash-kalamkari.com/?department=saree&product=srikalahasthi-pen-kalamkari-cotton-black-and-white-CCOT053,https://lh3.googleusercontent.com/d/=w1200,in_stock,3500 INR,Kailash Kalamkari,new,2271,Apparel & Accessories > Clothing > Traditional Clothing > Pen Kalamkari Sarees
CCOT055,Kailash Kalamkari Srikalahasthi Pen Kalamkari Hand-Painted Cotton black and white Saree - CCOT055,Authentic hand-painted Srikalahasthi (Srikalahasti) Pen Kalamkari Cotton black and white Saree (Code: CCOT055). 100% natural organic vegetable dyes hand-drawn using traditional tamarind twig pens directly from Kailash Kalamkari master artisans since 1984.,https://www.kailash-kalamkari.com/?department=saree&product=srikalahasthi-pen-kalamkari-cotton-black-and-white-CCOT055,https://lh3.googleusercontent.com/d/=w1200,in_stock,3500 INR,Kailash Kalamkari,new,2271,Apparel & Accessories > Clothing > Traditional Clothing > Pen Kalamkari Sarees
CCOT027,Kailash Kalamkari Srikalahasthi Pen Kalamkari Hand-Painted Cotton black and white Saree - CCOT027,Authentic hand-painted Srikalahasthi (Srikalahasti) Pen Kalamkari Cotton black and white Saree (Code: CCOT027). 100% natural organic vegetable dyes hand-drawn using traditional tamarind twig pens directly from Kailash Kalamkari master artisans since 1984.,https://www.kailash-kalamkari.com/?department=saree&product=srikalahasthi-pen-kalamkari-cotton-black-and-white-CCOT027,https://lh3.googleusercontent.com/d/=w1200,in_stock,3500 INR,Kailash Kalamkari,new,2271,Apparel & Accessories > Clothing > Traditional Clothing > Pen Kalamkari Sarees
CCOT025,Kailash Kalamkari Srikalahasthi Pen Kalamkari Hand-Painted Cotton black and white Saree - CCOT025,Authentic hand-painted Srikalahasthi (Srikalahasti) Pen Kalamkari Cotton black and white Saree (Code: CCOT025). 100% natural organic vegetable dyes hand-drawn using traditional tamarind twig pens directly from Kailash Kalamkari master artisans since 1984.,https://www.kailash-kalamkari.com/?department=saree&product=srikalahasthi-pen-kalamkari-cotton-black-and-white-CCOT025,https://lh3.googleusercontent.com/d/=w1200,in_stock,3500 INR,Kailash Kalamkari,new,2271,Apparel & Accessories > Clothing > Traditional Clothing > Pen Kalamkari Sarees
CCOT056,Kailash Kalamkari Srikalahasthi Pen Kalamkari Hand-Painted Cotton black and white Saree - CCOT056,Authentic hand-painted Srikalahasthi (Srikalahasti) Pen Kalamkari Cotton black and white Saree (Code: CCOT056). 100% natural organic vegetable dyes hand-drawn using traditional tamarind twig pens directly from Kailash Kalamkari master artisans since 1984.,https://www.kailash-kalamkari.com/?department=saree&product=srikalahasthi-pen-kalamkari-cotton-black-and-white-CCOT056,https://lh3.googleusercontent.com/d/=w1200,in_stock,3500 INR,Kailash Kalamkari,new,2271,Apparel & Accessories > Clothing > Traditional Clothing > Pen Kalamkari Sarees
CCOT016,Kailash Kalamkari Srikalahasthi Pen Kalamkari Hand-Painted Cotton black and white Saree - CCOT016,Authentic hand-painted Srikalahasthi (Srikalahasti) Pen Kalamkari Cotton black and white Saree (Code: CCOT016). 100% natural organic vegetable dyes hand-drawn using traditional tamarind twig pens directly from Kailash Kalamkari master artisans since 1984.,https://www.kailash-kalamkari.com/?department=saree&product=srikalahasthi-pen-kalamkari-cotton-black-and-white-CCOT016,https://lh3.googleusercontent.com/d/=w1200,in_stock,3500 INR,Kailash Kalamkari,new,2271,Apparel & Accessories > Clothing > Traditional Clothing > Pen Kalamkari Sarees
CCOT017,Kailash Kalamkari Srikalahasthi Pen Kalamkari Hand-Painted Cotton black and white Saree - CCOT017,Authentic hand-painted Srikalahasthi (Srikalahasti) Pen Kalamkari Cotton black and white Saree (Code: CCOT017). 100% natural organic vegetable dyes hand-drawn using traditional tamarind twig pens directly from Kailash Kalamkari master artisans since 1984.,https://www.kailash-kalamkari.com/?department=saree&product=srikalahasthi-pen-kalamkari-cotton-black-and-white-CCOT017,https://lh3.googleusercontent.com/d/=w1200,in_stock,3500 INR,Kailash Kalamkari,new,2271,Apparel & Accessories > Clothing > Traditional Clothing > Pen Kalamkari Sarees
CCOT018,Kailash Kalamkari Srikalahasthi Pen Kalamkari Hand-Painted Cotton black and white Saree - CCOT018,Authentic hand-painted Srikalahasthi (Srikalahasti) Pen Kalamkari Cotton black and white Saree (Code: CCOT018). 100% natural organic vegetable dyes hand-drawn using traditional tamarind twig pens directly from Kailash Kalamkari master artisans since 1984.,https://www.kailash-kalamkari.com/?department=saree&product=srikalahasthi-pen-kalamkari-cotton-black-and-white-CCOT018,https://lh3.googleusercontent.com/d/=w1200,in_stock,3500 INR,Kailash Kalamkari,new,2271,Apparel & Accessories > Clothing > Traditional Clothing > Pen Kalamkari Sarees
CCOT011,Kailash Kalamkari Srikalahasthi Pen Kalamkari Hand-Painted Cotton black and white Saree - CCOT011,Authentic hand-painted Srikalahasthi (Srikalahasti) Pen Kalamkari Cotton black and white Saree (Code: CCOT011). 100% natural organic vegetable dyes hand-drawn using traditional tamarind twig pens directly from Kailash Kalamkari master artisans since 1984.,https://www.kailash-kalamkari.com/?department=saree&product=srikalahasthi-pen-kalamkari-cotton-black-and-white-CCOT011,https://lh3.googleusercontent.com/d/=w1200,in_stock,3500 INR,Kailash Kalamkari,new,2271,Apparel & Accessories > Clothing > Traditional Clothing > Pen Kalamkari Sarees
CCOT058,Kailash Kalamkari Srikalahasthi Pen Kalamkari Hand-Painted Pure Cotton Black&white Dupatta - CCOT058,Authentic hand-painted Srikalahasthi (Srikalahasti) Pen Kalamkari Pure Cotton Black&white Dupatta (Code: CCOT058). 100% natural organic vegetable dyes hand-drawn using traditional tamarind twig pens directly from Kailash Kalamkari master artisans since 1984.,https://www.kailash-kalamkari.com/?department=dupatta&product=srikalahasthi-pen-kalamkari-pure-cotton-black-white-CCOT058,https://lh3.googleusercontent.com/d/=w1200,in_stock,1200 INR,Kailash Kalamkari,new,212,Apparel & Accessories > Clothing > Traditional Clothing > Pen Kalamkari Dupattas
CCOT059,Kailash Kalamkari Srikalahasthi Pen Kalamkari Hand-Painted Pure Cotton Black&white Dupatta - CCOT059,Authentic hand-painted Srikalahasthi (Srikalahasti) Pen Kalamkari Pure Cotton Black&white Dupatta (Code: CCOT059). 100% natural organic vegetable dyes hand-drawn using traditional tamarind twig pens directly from Kailash Kalamkari master artisans since 1984.,https://www.kailash-kalamkari.com/?department=dupatta&product=srikalahasthi-pen-kalamkari-pure-cotton-black-white-CCOT059,https://lh3.googleusercontent.com/d/=w1200,in_stock,1200 INR,Kailash Kalamkari,new,212,Apparel & Accessories > Clothing > Traditional Clothing > Pen Kalamkari Dupattas
CCOT030,Kailash Kalamkari Srikalahasthi Pen Kalamkari Hand-Painted Pure Cotton Black&white Dupatta - CCOT030,Authentic hand-painted Srikalahasthi (Srikalahasti) Pen Kalamkari Pure Cotton Black&white Dupatta (Code: CCOT030). 100% natural organic vegetable dyes hand-drawn using traditional tamarind twig pens directly from Kailash Kalamkari master artisans since 1984.,https://www.kailash-kalamkari.com/?department=dupatta&product=srikalahasthi-pen-kalamkari-pure-cotton-black-white-CCOT030,https://lh3.googleusercontent.com/d/=w1200,in_stock,1200 INR,Kailash Kalamkari,new,212,Apparel & Accessories > Clothing > Traditional Clothing > Pen Kalamkari Dupattas
CCOT031,Kailash Kalamkari Srikalahasthi Pen Kalamkari Hand-Painted Pure Cotton Black&white Dupatta - CCOT031,Authentic hand-painted Srikalahasthi (Srikalahasti) Pen Kalamkari Pure Cotton Black&white Dupatta (Code: CCOT031). 100% natural organic vegetable dyes hand-drawn using traditional tamarind twig pens directly from Kailash Kalamkari master artisans since 1984.,https://www.kailash-kalamkari.com/?department=dupatta&product=srikalahasthi-pen-kalamkari-pure-cotton-black-white-CCOT031,https://lh3.googleusercontent.com/d/=w1200,in_stock,1200 INR,Kailash Kalamkari,new,212,Apparel & Accessories > Clothing > Traditional Clothing > Pen Kalamkari Dupattas
CCOT032,Kailash Kalamkari Srikalahasthi Pen Kalamkari Hand-Painted Pure Cotton Black&white Dupatta - CCOT032,Authentic hand-painted Srikalahasthi (Srikalahasti) Pen Kalamkari Pure Cotton Black&white Dupatta (Code: CCOT032). 100% natural organic vegetable dyes hand-drawn using traditional tamarind twig pens directly from Kailash Kalamkari master artisans since 1984.,https://www.kailash-kalamkari.com/?department=dupatta&product=srikalahasthi-pen-kalamkari-pure-cotton-black-white-CCOT032,https://lh3.googleusercontent.com/d/=w1200,in_stock,1200 INR,Kailash Kalamkari,new,212,Apparel & Accessories > Clothing > Traditional Clothing > Pen Kalamkari Dupattas
CCOT033,Kailash Kalamkari Srikalahasthi Pen Kalamkari Hand-Painted Pure Cotton Black&white Dupatta - CCOT033,Authentic hand-painted Srikalahasthi (Srikalahasti) Pen Kalamkari Pure Cotton Black&white Dupatta (Code: CCOT033). 100% natural organic vegetable dyes hand-drawn using traditional tamarind twig pens directly from Kailash Kalamkari master artisans since 1984.,https://www.kailash-kalamkari.com/?department=dupatta&product=srikalahasthi-pen-kalamkari-pure-cotton-black-white-CCOT033,https://lh3.googleusercontent.com/d/=w1200,in_stock,1200 INR,Kailash Kalamkari,new,212,Apparel & Accessories > Clothing > Traditional Clothing > Pen Kalamkari Dupattas
CCOT006,Kailash Kalamkari Srikalahasthi Pen Kalamkari Hand-Painted Pure Cotton Black&white Dupatta - CCOT006,Authentic hand-painted Srikalahasthi (Srikalahasti) Pen Kalamkari Pure Cotton Black&white Dupatta (Code: CCOT006). 100% natural organic vegetable dyes hand-drawn using traditional tamarind twig pens directly from Kailash Kalamkari master artisans since 1984.,https://www.kailash-kalamkari.com/?department=dupatta&product=srikalahasthi-pen-kalamkari-pure-cotton-black-white-CCOT006,https://lh3.googleusercontent.com/d/=w1200,in_stock,950 INR,Kailash Kalamkari,new,212,Apparel & Accessories > Clothing > Traditional Clothing > Pen Kalamkari Dupattas
CCOT008,Kailash Kalamkari Srikalahasthi Pen Kalamkari Hand-Painted Pure Cotton Black&white Dupatta - CCOT008,Authentic hand-painted Srikalahasthi (Srikalahasti) Pen Kalamkari Pure Cotton Black&white Dupatta (Code: CCOT008). 100% natural organic vegetable dyes hand-drawn using traditional tamarind twig pens directly from Kailash Kalamkari master artisans since 1984.,https://www.kailash-kalamkari.com/?department=dupatta&product=srikalahasthi-pen-kalamkari-pure-cotton-black-white-CCOT008,https://lh3.googleusercontent.com/d/=w1200,in_stock,950 INR,Kailash Kalamkari,new,212,Apparel & Accessories > Clothing > Traditional Clothing > Pen Kalamkari Dupattas
CPCSD013,Kailash Kalamkari Srikalahasthi Pen Kalamkari Hand-Painted Pure Cotton Multicoloured Dupatta - CPCSD013,Authentic hand-painted Srikalahasthi (Srikalahasti) Pen Kalamkari Pure Cotton Multicoloured Dupatta (Code: CPCSD013). 100% natural organic vegetable dyes hand-drawn using traditional tamarind twig pens directly from Kailash Kalamkari master artisans since 1984.,https://www.kailash-kalamkari.com/?department=dupatta&product=srikalahasthi-pen-kalamkari-pure-cotton-multicoloured-CPCSD013,https://lh3.googleusercontent.com/d/=w1200,in_stock,2200 INR,Kailash Kalamkari,new,212,Apparel & Accessories > Clothing > Traditional Clothing > Pen Kalamkari Dupattas
CPCSD008,Kailash Kalamkari Srikalahasthi Pen Kalamkari Hand-Painted Pure Cotton Multicoloured Dupatta - CPCSD008,Authentic hand-painted Srikalahasthi (Srikalahasti) Pen Kalamkari Pure Cotton Multicoloured Dupatta (Code: CPCSD008). 100% natural organic vegetable dyes hand-drawn using traditional tamarind twig pens directly from Kailash Kalamkari master artisans since 1984.,https://www.kailash-kalamkari.com/?department=dupatta&product=srikalahasthi-pen-kalamkari-pure-cotton-multicoloured-CPCSD008,https://lh3.googleusercontent.com/d/=w1200,in_stock,2200 INR,Kailash Kalamkari,new,212,Apparel & Accessories > Clothing > Traditional Clothing > Pen Kalamkari Dupattas
CPCSD009,Kailash Kalamkari Srikalahasthi Pen Kalamkari Hand-Painted Pure Cotton Multicoloured Dupatta - CPCSD009,Authentic hand-painted Srikalahasthi (Srikalahasti) Pen Kalamkari Pure Cotton Multicoloured Dupatta (Code: CPCSD009). 100% natural organic vegetable dyes hand-drawn using traditional tamarind twig pens directly from Kailash Kalamkari master artisans since 1984.,https://www.kailash-kalamkari.com/?department=dupatta&product=srikalahasthi-pen-kalamkari-pure-cotton-multicoloured-CPCSD009,https://lh3.googleusercontent.com/d/=w1200,in_stock,2200 INR,Kailash Kalamkari,new,212,Apparel & Accessories > Clothing > Traditional Clothing > Pen Kalamkari Dupattas
CPCSD011,Kailash Kalamkari Srikalahasthi Pen Kalamkari Hand-Painted Pure Cotton Multicoloured Dupatta - CPCSD011,Authentic hand-painted Srikalahasthi (Srikalahasti) Pen Kalamkari Pure Cotton Multicoloured Dupatta (Code: CPCSD011). 100% natural organic vegetable dyes hand-drawn using traditional tamarind twig pens directly from Kailash Kalamkari master artisans since 1984.,https://www.kailash-kalamkari.com/?department=dupatta&product=srikalahasthi-pen-kalamkari-pure-cotton-multicoloured-CPCSD011,https://lh3.googleusercontent.com/d/=w1200,in_stock,2200 INR,Kailash Kalamkari,new,212,Apparel & Accessories > Clothing > Traditional Clothing > Pen Kalamkari Dupattas
CPCFD058,Kailash Kalamkari Srikalahasthi Pen Kalamkari Hand-Painted Pure Cotton Multicoloured Dupatta - CPCFD058,Authentic hand-painted Srikalahasthi (Srikalahasti) Pen Kalamkari Pure Cotton Multicoloured Dupatta (Code: CPCFD058). 100% natural organic vegetable dyes hand-drawn using traditional tamarind twig pens directly from Kailash Kalamkari master artisans since 1984.,https://www.kailash-kalamkari.com/?department=dupatta&product=srikalahasthi-pen-kalamkari-pure-cotton-multicoloured-CPCFD058,https://lh3.googleusercontent.com/d/=w1200,in_stock,1500 INR,Kailash Kalamkari,new,212,Apparel & Accessories > Clothing > Traditional Clothing > Pen Kalamkari Dupattas
CPCFD059,Kailash Kalamkari Srikalahasthi Pen Kalamkari Hand-Painted Pure Cotton Multicoloured Dupatta - CPCFD059,Authentic hand-painted Srikalahasthi (Srikalahasti) Pen Kalamkari Pure Cotton Multicoloured Dupatta (Code: CPCFD059). 100% natural organic vegetable dyes hand-drawn using traditional tamarind twig pens directly from Kailash Kalamkari master artisans since 1984.,https://www.kailash-kalamkari.com/?department=dupatta&product=srikalahasthi-pen-kalamkari-pure-cotton-multicoloured-CPCFD059,https://lh3.googleusercontent.com/d/=w1200,in_stock,1500 INR,Kailash Kalamkari,new,212,Apparel & Accessories > Clothing > Traditional Clothing > Pen Kalamkari Dupattas
CPCFD055,Kailash Kalamkari Srikalahasthi Pen Kalamkari Hand-Painted Pure Cotton Multicoloured Dupatta - CPCFD055,Authentic hand-painted Srikalahasthi (Srikalahasti) Pen Kalamkari Pure Cotton Multicoloured Dupatta (Code: CPCFD055). 100% natural organic vegetable dyes hand-drawn using traditional tamarind twig pens directly from Kailash Kalamkari master artisans since 1984.,https://www.kailash-kalamkari.com/?department=dupatta&product=srikalahasthi-pen-kalamkari-pure-cotton-multicoloured-CPCFD055,https://lh3.googleusercontent.com/d/=w1200,in_stock,1500 INR,Kailash Kalamkari,new,212,Apparel & Accessories > Clothing > Traditional Clothing > Pen Kalamkari Dupattas
CPCFD056,Kailash Kalamkari Srikalahasthi Pen Kalamkari Hand-Painted Pure Cotton Multicoloured Dupatta - CPCFD056,Authentic hand-painted Srikalahasthi (Srikalahasti) Pen Kalamkari Pure Cotton Multicoloured Dupatta (Code: CPCFD056). 100% natural organic vegetable dyes hand-drawn using traditional tamarind twig pens directly from Kailash Kalamkari master artisans since 1984.,https://www.kailash-kalamkari.com/?department=dupatta&product=srikalahasthi-pen-kalamkari-pure-cotton-multicoloured-CPCFD056,https://lh3.googleusercontent.com/d/=w1200,in_stock,1500 INR,Kailash Kalamkari,new,212,Apparel & Accessories > Clothing > Traditional Clothing > Pen Kalamkari Dupattas
CPCFD057,Kailash Kalamkari Srikalahasthi Pen Kalamkari Hand-Painted Pure Cotton Multicoloured Dupatta - CPCFD057,Authentic hand-painted Srikalahasthi (Srikalahasti) Pen Kalamkari Pure Cotton Multicoloured Dupatta (Code: CPCFD057). 100% natural organic vegetable dyes hand-drawn using traditional tamarind twig pens directly from Kailash Kalamkari master artisans since 1984.,https://www.kailash-kalamkari.com/?department=dupatta&product=srikalahasthi-pen-kalamkari-pure-cotton-multicoloured-CPCFD057,https://lh3.googleusercontent.com/d/=w1200,in_stock,1500 INR,Kailash Kalamkari,new,212,Apparel & Accessories > Clothing > Traditional Clothing > Pen Kalamkari Dupattas
CPUR445,Kailash Kalamkari Srikalahasthi Pen Kalamkari Hand-Painted Pure Cotton Multicoloured Dupatta - CPUR445,Authentic hand-painted Srikalahasthi (Srikalahasti) Pen Kalamkari Pure Cotton Multicoloured Dupatta (Code: CPUR445). 100% natural organic vegetable dyes hand-drawn using traditional tamarind twig pens directly from Kailash Kalamkari master artisans since 1984.,https://www.kailash-kalamkari.com/?department=dupatta&product=srikalahasthi-pen-kalamkari-pure-cotton-multicoloured-CPUR445,https://lh3.googleusercontent.com/d/=w1200,in_stock,1500 INR,Kailash Kalamkari,new,212,Apparel & Accessories > Clothing > Traditional Clothing > Pen Kalamkari Dupattas
CPUR446,Kailash Kalamkari Srikalahasthi Pen Kalamkari Hand-Painted Pure Cotton Multicoloured Dupatta - CPUR446,Authentic hand-painted Srikalahasthi (Srikalahasti) Pen Kalamkari Pure Cotton Multicoloured Dupatta (Code: CPUR446). 100% natural organic vegetable dyes hand-drawn using traditional tamarind twig pens directly from Kailash Kalamkari master artisans since 1984.,https://www.kailash-kalamkari.com/?department=dupatta&product=srikalahasthi-pen-kalamkari-pure-cotton-multicoloured-CPUR446,https://lh3.googleusercontent.com/d/=w1200,in_stock,1500 INR,Kailash Kalamkari,new,212,Apparel & Accessories > Clothing > Traditional Clothing > Pen Kalamkari Dupattas
CPUR447,Kailash Kalamkari Srikalahasthi Pen Kalamkari Hand-Painted Pure Cotton Multicoloured Dupatta - CPUR447,Authentic hand-painted Srikalahasthi (Srikalahasti) Pen Kalamkari Pure Cotton Multicoloured Dupatta (Code: CPUR447). 100% natural organic vegetable dyes hand-drawn using traditional tamarind twig pens directly from Kailash Kalamkari master artisans since 1984.,https://www.kailash-kalamkari.com/?department=dupatta&product=srikalahasthi-pen-kalamkari-pure-cotton-multicoloured-CPUR447,https://lh3.googleusercontent.com/d/=w1200,in_stock,1500 INR,Kailash Kalamkari,new,212,Apparel & Accessories > Clothing > Traditional Clothing > Pen Kalamkari Dupattas
CPUR448,Kailash Kalamkari Srikalahasthi Pen Kalamkari Hand-Painted Pure Cotton Multicoloured Dupatta - CPUR448,Authentic hand-painted Srikalahasthi (Srikalahasti) Pen Kalamkari Pure Cotton Multicoloured Dupatta (Code: CPUR448). 100% natural organic vegetable dyes hand-drawn using traditional tamarind twig pens directly from Kailash Kalamkari master artisans since 1984.,https://www.kailash-kalamkari.com/?department=dupatta&product=srikalahasthi-pen-kalamkari-pure-cotton-multicoloured-CPUR448,https://lh3.googleusercontent.com/d/=w1200,in_stock,1500 INR,Kailash Kalamkari,new,212,Apparel & Accessories > Clothing > Traditional Clothing > Pen Kalamkari Dupattas
CPCFD031,Kailash Kalamkari Srikalahasthi Pen Kalamkari Hand-Painted Pure Cotton Multicoloured Dupatta - CPCFD031,Authentic hand-painted Srikalahasthi (Srikalahasti) Pen Kalamkari Pure Cotton Multicoloured Dupatta (Code: CPCFD031). 100% natural organic vegetable dyes hand-drawn using traditional tamarind twig pens directly from Kailash Kalamkari master artisans since 1984.,https://www.kailash-kalamkari.com/?department=dupatta&product=srikalahasthi-pen-kalamkari-pure-cotton-multicoloured-CPCFD031,https://lh3.googleusercontent.com/d/=w1200,in_stock,1500 INR,Kailash Kalamkari,new,212,Apparel & Accessories > Clothing > Traditional Clothing > Pen Kalamkari Dupattas
CPCFD033,Kailash Kalamkari Srikalahasthi Pen Kalamkari Hand-Painted Pure Cotton Multicoloured Dupatta - CPCFD033,Authentic hand-painted Srikalahasthi (Srikalahasti) Pen Kalamkari Pure Cotton Multicoloured Dupatta (Code: CPCFD033). 100% natural organic vegetable dyes hand-drawn using traditional tamarind twig pens directly from Kailash Kalamkari master artisans since 1984.,https://www.kailash-kalamkari.com/?department=dupatta&product=srikalahasthi-pen-kalamkari-pure-cotton-multicoloured-CPCFD033,https://lh3.googleusercontent.com/d/=w1200,in_stock,1500 INR,Kailash Kalamkari,new,212,Apparel & Accessories > Clothing > Traditional Clothing > Pen Kalamkari Dupattas
CPCFD036,Kailash Kalamkari Srikalahasthi Pen Kalamkari Hand-Painted Pure Cotton Multicoloured Dupatta - CPCFD036,Authentic hand-painted Srikalahasthi (Srikalahasti) Pen Kalamkari Pure Cotton Multicoloured Dupatta (Code: CPCFD036). 100% natural organic vegetable dyes hand-drawn using traditional tamarind twig pens directly from Kailash Kalamkari master artisans since 1984.,https://www.kailash-kalamkari.com/?department=dupatta&product=srikalahasthi-pen-kalamkari-pure-cotton-multicoloured-CPCFD036,https://lh3.googleusercontent.com/d/=w1200,in_stock,1500 INR,Kailash Kalamkari,new,212,Apparel & Accessories > Clothing > Traditional Clothing > Pen Kalamkari Dupattas
CPCFD037,Kailash Kalamkari Srikalahasthi Pen Kalamkari Hand-Painted Pure Cotton Multicoloured Dupatta - CPCFD037,Authentic hand-painted Srikalahasthi (Srikalahasti) Pen Kalamkari Pure Cotton Multicoloured Dupatta (Code: CPCFD037). 100% natural organic vegetable dyes hand-drawn using traditional tamarind twig pens directly from Kailash Kalamkari master artisans since 1984.,https://www.kailash-kalamkari.com/?department=dupatta&product=srikalahasthi-pen-kalamkari-pure-cotton-multicoloured-CPCFD037,https://lh3.googleusercontent.com/d/=w1200,in_stock,1500 INR,Kailash Kalamkari,new,212,Apparel & Accessories > Clothing > Traditional Clothing > Pen Kalamkari Dupattas
CPCFD038,Kailash Kalamkari Srikalahasthi Pen Kalamkari Hand-Painted Pure Cotton Multicoloured Dupatta - CPCFD038,Authentic hand-painted Srikalahasthi (Srikalahasti) Pen Kalamkari Pure Cotton Multicoloured Dupatta (Code: CPCFD038). 100% natural organic vegetable dyes hand-drawn using traditional tamarind twig pens directly from Kailash Kalamkari master artisans since 1984.,https://www.kailash-kalamkari.com/?department=dupatta&product=srikalahasthi-pen-kalamkari-pure-cotton-multicoloured-CPCFD038,https://lh3.googleusercontent.com/d/=w1200,in_stock,1500 INR,Kailash Kalamkari,new,212,Apparel & Accessories > Clothing > Traditional Clothing > Pen Kalamkari Dupattas
CPCFD039,Kailash Kalamkari Srikalahasthi Pen Kalamkari Hand-Painted Pure Cotton Multicoloured Dupatta - CPCFD039,Authentic hand-painted Srikalahasthi (Srikalahasti) Pen Kalamkari Pure Cotton Multicoloured Dupatta (Code: CPCFD039). 100% natural organic vegetable dyes hand-drawn using traditional tamarind twig pens directly from Kailash Kalamkari master artisans since 1984.,https://www.kailash-kalamkari.com/?department=dupatta&product=srikalahasthi-pen-kalamkari-pure-cotton-multicoloured-CPCFD039,https://lh3.googleusercontent.com/d/=w1200,in_stock,1500 INR,Kailash Kalamkari,new,212,Apparel & Accessories > Clothing > Traditional Clothing > Pen Kalamkari Dupattas
CPCFD041,Kailash Kalamkari Srikalahasthi Pen Kalamkari Hand-Painted Pure Cotton Multicoloured Dupatta - CPCFD041,Authentic hand-painted Srikalahasthi (Srikalahasti) Pen Kalamkari Pure Cotton Multicoloured Dupatta (Code: CPCFD041). 100% natural organic vegetable dyes hand-drawn using traditional tamarind twig pens directly from Kailash Kalamkari master artisans since 1984.,https://www.kailash-kalamkari.com/?department=dupatta&product=srikalahasthi-pen-kalamkari-pure-cotton-multicoloured-CPCFD041,https://lh3.googleusercontent.com/d/=w1200,in_stock,1500 INR,Kailash Kalamkari,new,212,Apparel & Accessories > Clothing > Traditional Clothing > Pen Kalamkari Dupattas
CPCFD043,Kailash Kalamkari Srikalahasthi Pen Kalamkari Hand-Painted Pure Cotton Multicoloured Dupatta - CPCFD043,Authentic hand-painted Srikalahasthi (Srikalahasti) Pen Kalamkari Pure Cotton Multicoloured Dupatta (Code: CPCFD043). 100% natural organic vegetable dyes hand-drawn using traditional tamarind twig pens directly from Kailash Kalamkari master artisans since 1984.,https://www.kailash-kalamkari.com/?department=dupatta&product=srikalahasthi-pen-kalamkari-pure-cotton-multicoloured-CPCFD043,https://lh3.googleusercontent.com/d/=w1200,in_stock,1500 INR,Kailash Kalamkari,new,212,Apparel & Accessories > Clothing > Traditional Clothing > Pen Kalamkari Dupattas
CPCFD044,Kailash Kalamkari Srikalahasthi Pen Kalamkari Hand-Painted Pure Cotton Multicoloured Dupatta - CPCFD044,Authentic hand-painted Srikalahasthi (Srikalahasti) Pen Kalamkari Pure Cotton Multicoloured Dupatta (Code: CPCFD044). 100% natural organic vegetable dyes hand-drawn using traditional tamarind twig pens directly from Kailash Kalamkari master artisans since 1984.,https://www.kailash-kalamkari.com/?department=dupatta&product=srikalahasthi-pen-kalamkari-pure-cotton-multicoloured-CPCFD044,https://lh3.googleusercontent.com/d/=w1200,in_stock,1500 INR,Kailash Kalamkari,new,212,Apparel & Accessories > Clothing > Traditional Clothing > Pen Kalamkari Dupattas
CPCFD045,Kailash Kalamkari Srikalahasthi Pen Kalamkari Hand-Painted Pure Cotton Multicoloured Dupatta - CPCFD045,Authentic hand-painted Srikalahasthi (Srikalahasti) Pen Kalamkari Pure Cotton Multicoloured Dupatta (Code: CPCFD045). 100% natural organic vegetable dyes hand-drawn using traditional tamarind twig pens directly from Kailash Kalamkari master artisans since 1984.,https://www.kailash-kalamkari.com/?department=dupatta&product=srikalahasthi-pen-kalamkari-pure-cotton-multicoloured-CPCFD045,https://lh3.googleusercontent.com/d/=w1200,in_stock,1500 INR,Kailash Kalamkari,new,212,Apparel & Accessories > Clothing > Traditional Clothing > Pen Kalamkari Dupattas
CPCFD046,Kailash Kalamkari Srikalahasthi Pen Kalamkari Hand-Painted Pure Cotton Multicoloured Dupatta - CPCFD046,Authentic hand-painted Srikalahasthi (Srikalahasti) Pen Kalamkari Pure Cotton Multicoloured Dupatta (Code: CPCFD046). 100% natural organic vegetable dyes hand-drawn using traditional tamarind twig pens directly from Kailash Kalamkari master artisans since 1984.,https://www.kailash-kalamkari.com/?department=dupatta&product=srikalahasthi-pen-kalamkari-pure-cotton-multicoloured-CPCFD046,https://lh3.googleusercontent.com/d/=w1200,in_stock,1500 INR,Kailash Kalamkari,new,212,Apparel & Accessories > Clothing > Traditional Clothing > Pen Kalamkari Dupattas
CPCFD051,Kailash Kalamkari Srikalahasthi Pen Kalamkari Hand-Painted Pure Cotton Multicoloured Dupatta - CPCFD051,Authentic hand-painted Srikalahasthi (Srikalahasti) Pen Kalamkari Pure Cotton Multicoloured Dupatta (Code: CPCFD051). 100% natural organic vegetable dyes hand-drawn using traditional tamarind twig pens directly from Kailash Kalamkari master artisans since 1984.,https://www.kailash-kalamkari.com/?department=dupatta&product=srikalahasthi-pen-kalamkari-pure-cotton-multicoloured-CPCFD051,https://lh3.googleusercontent.com/d/=w1200,in_stock,1500 INR,Kailash Kalamkari,new,212,Apparel & Accessories > Clothing > Traditional Clothing > Pen Kalamkari Dupattas
CPCFD054,Kailash Kalamkari Srikalahasthi Pen Kalamkari Hand-Painted Pure Cotton Multicoloured Dupatta - CPCFD054,Authentic hand-painted Srikalahasthi (Srikalahasti) Pen Kalamkari Pure Cotton Multicoloured Dupatta (Code: CPCFD054). 100% natural organic vegetable dyes hand-drawn using traditional tamarind twig pens directly from Kailash Kalamkari master artisans since 1984.,https://www.kailash-kalamkari.com/?department=dupatta&product=srikalahasthi-pen-kalamkari-pure-cotton-multicoloured-CPCFD054,https://lh3.googleusercontent.com/d/=w1200,in_stock,1500 INR,Kailash Kalamkari,new,212,Apparel & Accessories > Clothing > Traditional Clothing > Pen Kalamkari Dupattas
CCRA001,Kailash Kalamkari Srikalahasthi Pen Kalamkari Hand-Painted Pure Creepe Dupatta - CCRA001,Authentic hand-painted Srikalahasthi (Srikalahasti) Pen Kalamkari Pure Creepe Dupatta (Code: CCRA001). 100% natural organic vegetable dyes hand-drawn using traditional tamarind twig pens directly from Kailash Kalamkari master artisans since 1984.,https://www.kailash-kalamkari.com/?department=dupatta&product=srikalahasthi-pen-kalamkari-pure-creepe-CCRA001,https://lh3.googleusercontent.com/d/=w1200,in_stock,4200 INR,Kailash Kalamkari,new,212,Apparel & Accessories > Clothing > Traditional Clothing > Pen Kalamkari Dupattas
CCRA002,Kailash Kalamkari Srikalahasthi Pen Kalamkari Hand-Painted Pure Creepe Dupatta - CCRA002,Authentic hand-painted Srikalahasthi (Srikalahasti) Pen Kalamkari Pure Creepe Dupatta (Code: CCRA002). 100% natural organic vegetable dyes hand-drawn using traditional tamarind twig pens directly from Kailash Kalamkari master artisans since 1984.,https://www.kailash-kalamkari.com/?department=dupatta&product=srikalahasthi-pen-kalamkari-pure-creepe-CCRA002,https://lh3.googleusercontent.com/d/=w1200,in_stock,4200 INR,Kailash Kalamkari,new,212,Apparel & Accessories > Clothing > Traditional Clothing > Pen Kalamkari Dupattas
CCRA003,Kailash Kalamkari Srikalahasthi Pen Kalamkari Hand-Painted Pure Creepe Dupatta - CCRA003,Authentic hand-painted Srikalahasthi (Srikalahasti) Pen Kalamkari Pure Creepe Dupatta (Code: CCRA003). 100% natural organic vegetable dyes hand-drawn using traditional tamarind twig pens directly from Kailash Kalamkari master artisans since 1984.,https://www.kailash-kalamkari.com/?department=dupatta&product=srikalahasthi-pen-kalamkari-pure-creepe-CCRA003,https://lh3.googleusercontent.com/d/=w1200,in_stock,4200 INR,Kailash Kalamkari,new,212,Apparel & Accessories > Clothing > Traditional Clothing > Pen Kalamkari Dupattas
CCRA004,Kailash Kalamkari Srikalahasthi Pen Kalamkari Hand-Painted Pure Creepe Dupatta - CCRA004,Authentic hand-painted Srikalahasthi (Srikalahasti) Pen Kalamkari Pure Creepe Dupatta (Code: CCRA004). 100% natural organic vegetable dyes hand-drawn using traditional tamarind twig pens directly from Kailash Kalamkari master artisans since 1984.,https://www.kailash-kalamkari.com/?department=dupatta&product=srikalahasthi-pen-kalamkari-pure-creepe-CCRA004,https://lh3.googleusercontent.com/d/=w1200,in_stock,4200 INR,Kailash Kalamkari,new,212,Apparel & Accessories > Clothing > Traditional Clothing > Pen Kalamkari Dupattas
CCRA005,Kailash Kalamkari Srikalahasthi Pen Kalamkari Hand-Painted Pure Creepe Dupatta - CCRA005,Authentic hand-painted Srikalahasthi (Srikalahasti) Pen Kalamkari Pure Creepe Dupatta (Code: CCRA005). 100% natural organic vegetable dyes hand-drawn using traditional tamarind twig pens directly from Kailash Kalamkari master artisans since 1984.,https://www.kailash-kalamkari.com/?department=dupatta&product=srikalahasthi-pen-kalamkari-pure-creepe-CCRA005,https://lh3.googleusercontent.com/d/=w1200,in_stock,4200 INR,Kailash Kalamkari,new,212,Apparel & Accessories > Clothing > Traditional Clothing > Pen Kalamkari Dupattas
CCRA007,Kailash Kalamkari Srikalahasthi Pen Kalamkari Hand-Painted Pure Creepe Dupatta - CCRA007,Authentic hand-painted Srikalahasthi (Srikalahasti) Pen Kalamkari Pure Creepe Dupatta (Code: CCRA007). 100% natural organic vegetable dyes hand-drawn using traditional tamarind twig pens directly from Kailash Kalamkari master artisans since 1984.,https://www.kailash-kalamkari.com/?department=dupatta&product=srikalahasthi-pen-kalamkari-pure-creepe-CCRA007,https://lh3.googleusercontent.com/d/=w1200,in_stock,4200 INR,Kailash Kalamkari,new,212,Apparel & Accessories > Clothing > Traditional Clothing > Pen Kalamkari Dupattas
CCRA009,Kailash Kalamkari Srikalahasthi Pen Kalamkari Hand-Painted Pure Creepe Dupatta - CCRA009,Authentic hand-painted Srikalahasthi (Srikalahasti) Pen Kalamkari Pure Creepe Dupatta (Code: CCRA009). 100% natural organic vegetable dyes hand-drawn using traditional tamarind twig pens directly from Kailash Kalamkari master artisans since 1984.,https://www.kailash-kalamkari.com/?department=dupatta&product=srikalahasthi-pen-kalamkari-pure-creepe-CCRA009,https://lh3.googleusercontent.com/d/=w1200,in_stock,4200 INR,Kailash Kalamkari,new,212,Apparel & Accessories > Clothing > Traditional Clothing > Pen Kalamkari Dupattas
CCRA010,Kailash Kalamkari Srikalahasthi Pen Kalamkari Hand-Painted Pure Creepe Dupatta - CCRA010,Authentic hand-painted Srikalahasthi (Srikalahasti) Pen Kalamkari Pure Creepe Dupatta (Code: CCRA010). 100% natural organic vegetable dyes hand-drawn using traditional tamarind twig pens directly from Kailash Kalamkari master artisans since 1984.,https://www.kailash-kalamkari.com/?department=dupatta&product=srikalahasthi-pen-kalamkari-pure-creepe-CCRA010,https://lh3.googleusercontent.com/d/=w1200,in_stock,4200 INR,Kailash Kalamkari,new,212,Apparel & Accessories > Clothing > Traditional Clothing > Pen Kalamkari Dupattas
CCRA011,Kailash Kalamkari Srikalahasthi Pen Kalamkari Hand-Painted Pure Creepe Dupatta - CCRA011,Authentic hand-painted Srikalahasthi (Srikalahasti) Pen Kalamkari Pure Creepe Dupatta (Code: CCRA011). 100% natural organic vegetable dyes hand-drawn using traditional tamarind twig pens directly from Kailash Kalamkari master artisans since 1984.,https://www.kailash-kalamkari.com/?department=dupatta&product=srikalahasthi-pen-kalamkari-pure-creepe-CCRA011,https://lh3.googleusercontent.com/d/=w1200,in_stock,4200 INR,Kailash Kalamkari,new,212,Apparel & Accessories > Clothing > Traditional Clothing > Pen Kalamkari Dupattas
CCRA012,Kailash Kalamkari Srikalahasthi Pen Kalamkari Hand-Painted Pure Creepe Dupatta - CCRA012,Authentic hand-painted Srikalahasthi (Srikalahasti) Pen Kalamkari Pure Creepe Dupatta (Code: CCRA012). 100% natural organic vegetable dyes hand-drawn using traditional tamarind twig pens directly from Kailash Kalamkari master artisans since 1984.,https://www.kailash-kalamkari.com/?department=dupatta&product=srikalahasthi-pen-kalamkari-pure-creepe-CCRA012,https://lh3.googleusercontent.com/d/=w1200,in_stock,4200 INR,Kailash Kalamkari,new,212,Apparel & Accessories > Clothing > Traditional Clothing > Pen Kalamkari Dupattas
CCRA013,Kailash Kalamkari Srikalahasthi Pen Kalamkari Hand-Painted Pure Creepe Dupatta - CCRA013,Authentic hand-painted Srikalahasthi (Srikalahasti) Pen Kalamkari Pure Creepe Dupatta (Code: CCRA013). 100% natural organic vegetable dyes hand-drawn using traditional tamarind twig pens directly from Kailash Kalamkari master artisans since 1984.,https://www.kailash-kalamkari.com/?department=dupatta&product=srikalahasthi-pen-kalamkari-pure-creepe-CCRA013,https://lh3.googleusercontent.com/d/=w1200,in_stock,4200 INR,Kailash Kalamkari,new,212,Apparel & Accessories > Clothing > Traditional Clothing > Pen Kalamkari Dupattas
CCRA014,Kailash Kalamkari Srikalahasthi Pen Kalamkari Hand-Painted Pure Creepe Dupatta - CCRA014,Authentic hand-painted Srikalahasthi (Srikalahasti) Pen Kalamkari Pure Creepe Dupatta (Code: CCRA014). 100% natural organic vegetable dyes hand-drawn using traditional tamarind twig pens directly from Kailash Kalamkari master artisans since 1984.,https://www.kailash-kalamkari.com/?department=dupatta&product=srikalahasthi-pen-kalamkari-pure-creepe-CCRA014,https://lh3.googleusercontent.com/d/=w1200,in_stock,4200 INR,Kailash Kalamkari,new,212,Apparel & Accessories > Clothing > Traditional Clothing > Pen Kalamkari Dupattas
CCRA015,Kailash Kalamkari Srikalahasthi Pen Kalamkari Hand-Painted Pure Creepe Dupatta - CCRA015,Authentic hand-painted Srikalahasthi (Srikalahasti) Pen Kalamkari Pure Creepe Dupatta (Code: CCRA015). 100% natural organic vegetable dyes hand-drawn using traditional tamarind twig pens directly from Kailash Kalamkari master artisans since 1984.,https://www.kailash-kalamkari.com/?department=dupatta&product=srikalahasthi-pen-kalamkari-pure-creepe-CCRA015,https://lh3.googleusercontent.com/d/=w1200,in_stock,4200 INR,Kailash Kalamkari,new,212,Apparel & Accessories > Clothing > Traditional Clothing > Pen Kalamkari Dupattas
CCRA016,Kailash Kalamkari Srikalahasthi Pen Kalamkari Hand-Painted Pure Creepe Dupatta - CCRA016,Authentic hand-painted Srikalahasthi (Srikalahasti) Pen Kalamkari Pure Creepe Dupatta (Code: CCRA016). 100% natural organic vegetable dyes hand-drawn using traditional tamarind twig pens directly from Kailash Kalamkari master artisans since 1984.,https://www.kailash-kalamkari.com/?department=dupatta&product=srikalahasthi-pen-kalamkari-pure-creepe-CCRA016,https://lh3.googleusercontent.com/d/=w1200,in_stock,4200 INR,Kailash Kalamkari,new,212,Apparel & Accessories > Clothing > Traditional Clothing > Pen Kalamkari Dupattas
CCRA017,Kailash Kalamkari Srikalahasthi Pen Kalamkari Hand-Painted Pure Creepe Dupatta - CCRA017,Authentic hand-painted Srikalahasthi (Srikalahasti) Pen Kalamkari Pure Creepe Dupatta (Code: CCRA017). 100% natural organic vegetable dyes hand-drawn using traditional tamarind twig pens directly from Kailash Kalamkari master artisans since 1984.,https://www.kailash-kalamkari.com/?department=dupatta&product=srikalahasthi-pen-kalamkari-pure-creepe-CCRA017,https://lh3.googleusercontent.com/d/=w1200,in_stock,4200 INR,Kailash Kalamkari,new,212,Apparel & Accessories > Clothing > Traditional Clothing > Pen Kalamkari Dupattas
CCRA018,Kailash Kalamkari Srikalahasthi Pen Kalamkari Hand-Painted Pure Creepe Dupatta - CCRA018,Authentic hand-painted Srikalahasthi (Srikalahasti) Pen Kalamkari Pure Creepe Dupatta (Code: CCRA018). 100% natural organic vegetable dyes hand-drawn using traditional tamarind twig pens directly from Kailash Kalamkari master artisans since 1984.,https://www.kailash-kalamkari.com/?department=dupatta&product=srikalahasthi-pen-kalamkari-pure-creepe-CCRA018,https://lh3.googleusercontent.com/d/=w1200,in_stock,4200 INR,Kailash Kalamkari,new,212,Apparel & Accessories > Clothing > Traditional Clothing > Pen Kalamkari Dupattas
CCRA019,Kailash Kalamkari Srikalahasthi Pen Kalamkari Hand-Painted Pure Creepe Dupatta - CCRA019,Authentic hand-painted Srikalahasthi (Srikalahasti) Pen Kalamkari Pure Creepe Dupatta (Code: CCRA019). 100% natural organic vegetable dyes hand-drawn using traditional tamarind twig pens directly from Kailash Kalamkari master artisans since 1984.,https://www.kailash-kalamkari.com/?department=dupatta&product=srikalahasthi-pen-kalamkari-pure-creepe-CCRA019,https://lh3.googleusercontent.com/d/=w1200,in_stock,4200 INR,Kailash Kalamkari,new,212,Apparel & Accessories > Clothing > Traditional Clothing > Pen Kalamkari Dupattas
CCRA020,Kailash Kalamkari Srikalahasthi Pen Kalamkari Hand-Painted Pure Creepe Dupatta - CCRA020,Authentic hand-painted Srikalahasthi (Srikalahasti) Pen Kalamkari Pure Creepe Dupatta (Code: CCRA020). 100% natural organic vegetable dyes hand-drawn using traditional tamarind twig pens directly from Kailash Kalamkari master artisans since 1984.,https://www.kailash-kalamkari.com/?department=dupatta&product=srikalahasthi-pen-kalamkari-pure-creepe-CCRA020,https://lh3.googleusercontent.com/d/=w1200,in_stock,4200 INR,Kailash Kalamkari,new,212,Apparel & Accessories > Clothing > Traditional Clothing > Pen Kalamkari Dupattas
CCRA021,Kailash Kalamkari Srikalahasthi Pen Kalamkari Hand-Painted Pure Creepe Dupatta - CCRA021,Authentic hand-painted Srikalahasthi (Srikalahasti) Pen Kalamkari Pure Creepe Dupatta (Code: CCRA021). 100% natural organic vegetable dyes hand-drawn using traditional tamarind twig pens directly from Kailash Kalamkari master artisans since 1984.,https://www.kailash-kalamkari.com/?department=dupatta&product=srikalahasthi-pen-kalamkari-pure-creepe-CCRA021,https://lh3.googleusercontent.com/d/=w1200,in_stock,4200 INR,Kailash Kalamkari,new,212,Apparel & Accessories > Clothing > Traditional Clothing > Pen Kalamkari Dupattas
CCRA022,Kailash Kalamkari Srikalahasthi Pen Kalamkari Hand-Painted Pure Creepe Dupatta - CCRA022,Authentic hand-painted Srikalahasthi (Srikalahasti) Pen Kalamkari Pure Creepe Dupatta (Code: CCRA022). 100% natural organic vegetable dyes hand-drawn using traditional tamarind twig pens directly from Kailash Kalamkari master artisans since 1984.,https://www.kailash-kalamkari.com/?department=dupatta&product=srikalahasthi-pen-kalamkari-pure-creepe-CCRA022,https://lh3.googleusercontent.com/d/=w1200,in_stock,4200 INR,Kailash Kalamkari,new,212,Apparel & Accessories > Clothing > Traditional Clothing > Pen Kalamkari Dupattas
CCRA023,Kailash Kalamkari Srikalahasthi Pen Kalamkari Hand-Painted Pure Creepe Dupatta - CCRA023,Authentic hand-painted Srikalahasthi (Srikalahasti) Pen Kalamkari Pure Creepe Dupatta (Code: CCRA023). 100% natural organic vegetable dyes hand-drawn using traditional tamarind twig pens directly from Kailash Kalamkari master artisans since 1984.,https://www.kailash-kalamkari.com/?department=dupatta&product=srikalahasthi-pen-kalamkari-pure-creepe-CCRA023,https://lh3.googleusercontent.com/d/=w1200,in_stock,4200 INR,Kailash Kalamkari,new,212,Apparel & Accessories > Clothing > Traditional Clothing > Pen Kalamkari Dupattas
CCRA024,Kailash Kalamkari Srikalahasthi Pen Kalamkari Hand-Painted Pure Creepe Dupatta - CCRA024,Authentic hand-painted Srikalahasthi (Srikalahasti) Pen Kalamkari Pure Creepe Dupatta (Code: CCRA024). 100% natural organic vegetable dyes hand-drawn using traditional tamarind twig pens directly from Kailash Kalamkari master artisans since 1984.,https://www.kailash-kalamkari.com/?department=dupatta&product=srikalahasthi-pen-kalamkari-pure-creepe-CCRA024,https://lh3.googleusercontent.com/d/=w1200,in_stock,4200 INR,Kailash Kalamkari,new,212,Apparel & Accessories > Clothing > Traditional Clothing > Pen Kalamkari Dupattas
CCRA025,Kailash Kalamkari Srikalahasthi Pen Kalamkari Hand-Painted Pure Creepe Dupatta - CCRA025,Authentic hand-painted Srikalahasthi (Srikalahasti) Pen Kalamkari Pure Creepe Dupatta (Code: CCRA025). 100% natural organic vegetable dyes hand-drawn using traditional tamarind twig pens directly from Kailash Kalamkari master artisans since 1984.,https://www.kailash-kalamkari.com/?department=dupatta&product=srikalahasthi-pen-kalamkari-pure-creepe-CCRA025,https://lh3.googleusercontent.com/d/=w1200,in_stock,4200 INR,Kailash Kalamkari,new,212,Apparel & Accessories > Clothing > Traditional Clothing > Pen Kalamkari Dupattas
CCRA026,Kailash Kalamkari Srikalahasthi Pen Kalamkari Hand-Painted Pure Creepe Dupatta - CCRA026,Authentic hand-painted Srikalahasthi (Srikalahasti) Pen Kalamkari Pure Creepe Dupatta (Code: CCRA026). 100% natural organic vegetable dyes hand-drawn using traditional tamarind twig pens directly from Kailash Kalamkari master artisans since 1984.,https://www.kailash-kalamkari.com/?department=dupatta&product=srikalahasthi-pen-kalamkari-pure-creepe-CCRA026,https://lh3.googleusercontent.com/d/=w1200,in_stock,4200 INR,Kailash Kalamkari,new,212,Apparel & Accessories > Clothing > Traditional Clothing > Pen Kalamkari Dupattas
CCRA027,Kailash Kalamkari Srikalahasthi Pen Kalamkari Hand-Painted Pure Creepe Dupatta - CCRA027,Authentic hand-painted Srikalahasthi (Srikalahasti) Pen Kalamkari Pure Creepe Dupatta (Code: CCRA027). 100% natural organic vegetable dyes hand-drawn using traditional tamarind twig pens directly from Kailash Kalamkari master artisans since 1984.,https://www.kailash-kalamkari.com/?department=dupatta&product=srikalahasthi-pen-kalamkari-pure-creepe-CCRA027,https://lh3.googleusercontent.com/d/=w1200,in_stock,4200 INR,Kailash Kalamkari,new,212,Apparel & Accessories > Clothing > Traditional Clothing > Pen Kalamkari Dupattas
CCRA028,Kailash Kalamkari Srikalahasthi Pen Kalamkari Hand-Painted Pure Creepe Dupatta - CCRA028,Authentic hand-painted Srikalahasthi (Srikalahasti) Pen Kalamkari Pure Creepe Dupatta (Code: CCRA028). 100% natural organic vegetable dyes hand-drawn using traditional tamarind twig pens directly from Kailash Kalamkari master artisans since 1984.,https://www.kailash-kalamkari.com/?department=dupatta&product=srikalahasthi-pen-kalamkari-pure-creepe-CCRA028,https://lh3.googleusercontent.com/d/=w1200,in_stock,4200 INR,Kailash Kalamkari,new,212,Apparel & Accessories > Clothing > Traditional Clothing > Pen Kalamkari Dupattas
CCRA029,Kailash Kalamkari Srikalahasthi Pen Kalamkari Hand-Painted Pure Creepe Dupatta - CCRA029,Authentic hand-painted Srikalahasthi (Srikalahasti) Pen Kalamkari Pure Creepe Dupatta (Code: CCRA029). 100% natural organic vegetable dyes hand-drawn using traditional tamarind twig pens directly from Kailash Kalamkari master artisans since 1984.,https://www.kailash-kalamkari.com/?department=dupatta&product=srikalahasthi-pen-kalamkari-pure-creepe-CCRA029,https://lh3.googleusercontent.com/d/=w1200,in_stock,4200 INR,Kailash Kalamkari,new,212,Apparel & Accessories > Clothing > Traditional Clothing > Pen Kalamkari Dupattas
CCRA030,Kailash Kalamkari Srikalahasthi Pen Kalamkari Hand-Painted Pure Creepe Dupatta - CCRA030,Authentic hand-painted Srikalahasthi (Srikalahasti) Pen Kalamkari Pure Creepe Dupatta (Code: CCRA030). 100% natural organic vegetable dyes hand-drawn using traditional tamarind twig pens directly from Kailash Kalamkari master artisans since 1984.,https://www.kailash-kalamkari.com/?department=dupatta&product=srikalahasthi-pen-kalamkari-pure-creepe-CCRA030,https://lh3.googleusercontent.com/d/=w1200,in_stock,4200 INR,Kailash Kalamkari,new,212,Apparel & Accessories > Clothing > Traditional Clothing > Pen Kalamkari Dupattas
CCD4003,Kailash Kalamkari Srikalahasthi Pen Kalamkari Hand-Painted Pure Creepe Dupatta - CCD4003,Authentic hand-painted Srikalahasthi (Srikalahasti) Pen Kalamkari Pure Creepe Dupatta (Code: CCD4003). 100% natural organic vegetable dyes hand-drawn using traditional tamarind twig pens directly from Kailash Kalamkari master artisans since 1984.,https://www.kailash-kalamkari.com/?department=dupatta&product=srikalahasthi-pen-kalamkari-pure-creepe-CCD4003,https://lh3.googleusercontent.com/d/=w1200,in_stock,4500 INR,Kailash Kalamkari,new,212,Apparel & Accessories > Clothing > Traditional Clothing > Pen Kalamkari Dupattas
CCD4004,Kailash Kalamkari Srikalahasthi Pen Kalamkari Hand-Painted Pure Creepe Dupatta - CCD4004,Authentic hand-painted Srikalahasthi (Srikalahasti) Pen Kalamkari Pure Creepe Dupatta (Code: CCD4004). 100% natural organic vegetable dyes hand-drawn using traditional tamarind twig pens directly from Kailash Kalamkari master artisans since 1984.,https://www.kailash-kalamkari.com/?department=dupatta&product=srikalahasthi-pen-kalamkari-pure-creepe-CCD4004,https://lh3.googleusercontent.com/d/=w1200,in_stock,4500 INR,Kailash Kalamkari,new,212,Apparel & Accessories > Clothing > Traditional Clothing > Pen Kalamkari Dupattas
CCD4005,Kailash Kalamkari Srikalahasthi Pen Kalamkari Hand-Painted Pure Creepe Dupatta - CCD4005,Authentic hand-painted Srikalahasthi (Srikalahasti) Pen Kalamkari Pure Creepe Dupatta (Code: CCD4005). 100% natural organic vegetable dyes hand-drawn using traditional tamarind twig pens directly from Kailash Kalamkari master artisans since 1984.,https://www.kailash-kalamkari.com/?department=dupatta&product=srikalahasthi-pen-kalamkari-pure-creepe-CCD4005,https://lh3.googleusercontent.com/d/=w1200,in_stock,4500 INR,Kailash Kalamkari,new,212,Apparel & Accessories > Clothing > Traditional Clothing > Pen Kalamkari Dupattas
CBMD128,Kailash Kalamkari Srikalahasthi Pen Kalamkari Hand-Painted Bangalore Silk multicoloured Dupatta - CBMD128,Authentic hand-painted Srikalahasthi (Srikalahasti) Pen Kalamkari Bangalore Silk multicoloured Dupatta (Code: CBMD128). 100% natural organic vegetable dyes hand-drawn using traditional tamarind twig pens directly from Kailash Kalamkari master artisans since 1984.,https://www.kailash-kalamkari.com/?department=dupatta&product=srikalahasthi-pen-kalamkari-bangalore-silk-multicoloured-CBMD128,https://lh3.googleusercontent.com/d/=w1200,in_stock,1800 INR,Kailash Kalamkari,new,212,Apparel & Accessories > Clothing > Traditional Clothing > Pen Kalamkari Dupattas
CBMD129,Kailash Kalamkari Srikalahasthi Pen Kalamkari Hand-Painted Bangalore Silk multicoloured Dupatta - CBMD129,Authentic hand-painted Srikalahasthi (Srikalahasti) Pen Kalamkari Bangalore Silk multicoloured Dupatta (Code: CBMD129). 100% natural organic vegetable dyes hand-drawn using traditional tamarind twig pens directly from Kailash Kalamkari master artisans since 1984.,https://www.kailash-kalamkari.com/?department=dupatta&product=srikalahasthi-pen-kalamkari-bangalore-silk-multicoloured-CBMD129,https://lh3.googleusercontent.com/d/=w1200,in_stock,1800 INR,Kailash Kalamkari,new,212,Apparel & Accessories > Clothing > Traditional Clothing > Pen Kalamkari Dupattas
CBMD130,Kailash Kalamkari Srikalahasthi Pen Kalamkari Hand-Painted Bangalore Silk multicoloured Dupatta - CBMD130,Authentic hand-painted Srikalahasthi (Srikalahasti) Pen Kalamkari Bangalore Silk multicoloured Dupatta (Code: CBMD130). 100% natural organic vegetable dyes hand-drawn using traditional tamarind twig pens directly from Kailash Kalamkari master artisans since 1984.,https://www.kailash-kalamkari.com/?department=dupatta&product=srikalahasthi-pen-kalamkari-bangalore-silk-multicoloured-CBMD130,https://lh3.googleusercontent.com/d/=w1200,in_stock,1800 INR,Kailash Kalamkari,new,212,Apparel & Accessories > Clothing > Traditional Clothing > Pen Kalamkari Dupattas
CBMD131,Kailash Kalamkari Srikalahasthi Pen Kalamkari Hand-Painted Bangalore Silk multicoloured Dupatta - CBMD131,Authentic hand-painted Srikalahasthi (Srikalahasti) Pen Kalamkari Bangalore Silk multicoloured Dupatta (Code: CBMD131). 100% natural organic vegetable dyes hand-drawn using traditional tamarind twig pens directly from Kailash Kalamkari master artisans since 1984.,https://www.kailash-kalamkari.com/?department=dupatta&product=srikalahasthi-pen-kalamkari-bangalore-silk-multicoloured-CBMD131,https://lh3.googleusercontent.com/d/=w1200,in_stock,1800 INR,Kailash Kalamkari,new,212,Apparel & Accessories > Clothing > Traditional Clothing > Pen Kalamkari Dupattas
CBMD132,Kailash Kalamkari Srikalahasthi Pen Kalamkari Hand-Painted Bangalore Silk multicoloured Dupatta - CBMD132,Authentic hand-painted Srikalahasthi (Srikalahasti) Pen Kalamkari Bangalore Silk multicoloured Dupatta (Code: CBMD132). 100% natural organic vegetable dyes hand-drawn using traditional tamarind twig pens directly from Kailash Kalamkari master artisans since 1984.,https://www.kailash-kalamkari.com/?department=dupatta&product=srikalahasthi-pen-kalamkari-bangalore-silk-multicoloured-CBMD132,https://lh3.googleusercontent.com/d/=w1200,in_stock,1800 INR,Kailash Kalamkari,new,212,Apparel & Accessories > Clothing > Traditional Clothing > Pen Kalamkari Dupattas
CBMD133,Kailash Kalamkari Srikalahasthi Pen Kalamkari Hand-Painted Bangalore Silk multicoloured Dupatta - CBMD133,Authentic hand-painted Srikalahasthi (Srikalahasti) Pen Kalamkari Bangalore Silk multicoloured Dupatta (Code: CBMD133). 100% natural organic vegetable dyes hand-drawn using traditional tamarind twig pens directly from Kailash Kalamkari master artisans since 1984.,https://www.kailash-kalamkari.com/?department=dupatta&product=srikalahasthi-pen-kalamkari-bangalore-silk-multicoloured-CBMD133,https://lh3.googleusercontent.com/d/=w1200,in_stock,1800 INR,Kailash Kalamkari,new,212,Apparel & Accessories > Clothing > Traditional Clothing > Pen Kalamkari Dupattas
CBMD134,Kailash Kalamkari Srikalahasthi Pen Kalamkari Hand-Painted Bangalore Silk multicoloured Dupatta - CBMD134,Authentic hand-painted Srikalahasthi (Srikalahasti) Pen Kalamkari Bangalore Silk multicoloured Dupatta (Code: CBMD134). 100% natural organic vegetable dyes hand-drawn using traditional tamarind twig pens directly from Kailash Kalamkari master artisans since 1984.,https://www.kailash-kalamkari.com/?department=dupatta&product=srikalahasthi-pen-kalamkari-bangalore-silk-multicoloured-CBMD134,https://lh3.googleusercontent.com/d/=w1200,in_stock,1800 INR,Kailash Kalamkari,new,212,Apparel & Accessories > Clothing > Traditional Clothing > Pen Kalamkari Dupattas
CBMD136,Kailash Kalamkari Srikalahasthi Pen Kalamkari Hand-Painted Bangalore Silk multicoloured Dupatta - CBMD136,Authentic hand-painted Srikalahasthi (Srikalahasti) Pen Kalamkari Bangalore Silk multicoloured Dupatta (Code: CBMD136). 100% natural organic vegetable dyes hand-drawn using traditional tamarind twig pens directly from Kailash Kalamkari master artisans since 1984.,https://www.kailash-kalamkari.com/?department=dupatta&product=srikalahasthi-pen-kalamkari-bangalore-silk-multicoloured-CBMD136,https://lh3.googleusercontent.com/d/=w1200,in_stock,1800 INR,Kailash Kalamkari,new,212,Apparel & Accessories > Clothing > Traditional Clothing > Pen Kalamkari Dupattas
CBMD137,Kailash Kalamkari Srikalahasthi Pen Kalamkari Hand-Painted Bangalore Silk multicoloured Dupatta - CBMD137,Authentic hand-painted Srikalahasthi (Srikalahasti) Pen Kalamkari Bangalore Silk multicoloured Dupatta (Code: CBMD137). 100% natural organic vegetable dyes hand-drawn using traditional tamarind twig pens directly from Kailash Kalamkari master artisans since 1984.,https://www.kailash-kalamkari.com/?department=dupatta&product=srikalahasthi-pen-kalamkari-bangalore-silk-multicoloured-CBMD137,https://lh3.googleusercontent.com/d/=w1200,in_stock,1800 INR,Kailash Kalamkari,new,212,Apparel & Accessories > Clothing > Traditional Clothing > Pen Kalamkari Dupattas
CBMD138,Kailash Kalamkari Srikalahasthi Pen Kalamkari Hand-Painted Bangalore Silk multicoloured Dupatta - CBMD138,Authentic hand-painted Srikalahasthi (Srikalahasti) Pen Kalamkari Bangalore Silk multicoloured Dupatta (Code: CBMD138). 100% natural organic vegetable dyes hand-drawn using traditional tamarind twig pens directly from Kailash Kalamkari master artisans since 1984.,https://www.kailash-kalamkari.com/?department=dupatta&product=srikalahasthi-pen-kalamkari-bangalore-silk-multicoloured-CBMD138,https://lh3.googleusercontent.com/d/=w1200,in_stock,1800 INR,Kailash Kalamkari,new,212,Apparel & Accessories > Clothing > Traditional Clothing > Pen Kalamkari Dupattas
CBMD139,Kailash Kalamkari Srikalahasthi Pen Kalamkari Hand-Painted Bangalore Silk multicoloured Dupatta - CBMD139,Authentic hand-painted Srikalahasthi (Srikalahasti) Pen Kalamkari Bangalore Silk multicoloured Dupatta (Code: CBMD139). 100% natural organic vegetable dyes hand-drawn using traditional tamarind twig pens directly from Kailash Kalamkari master artisans since 1984.,https://www.kailash-kalamkari.com/?department=dupatta&product=srikalahasthi-pen-kalamkari-bangalore-silk-multicoloured-CBMD139,https://lh3.googleusercontent.com/d/=w1200,in_stock,1800 INR,Kailash Kalamkari,new,212,Apparel & Accessories > Clothing > Traditional Clothing > Pen Kalamkari Dupattas
CBMD140,Kailash Kalamkari Srikalahasthi Pen Kalamkari Hand-Painted Bangalore Silk multicoloured Dupatta - CBMD140,Authentic hand-painted Srikalahasthi (Srikalahasti) Pen Kalamkari Bangalore Silk multicoloured Dupatta (Code: CBMD140). 100% natural organic vegetable dyes hand-drawn using traditional tamarind twig pens directly from Kailash Kalamkari master artisans since 1984.,https://www.kailash-kalamkari.com/?department=dupatta&product=srikalahasthi-pen-kalamkari-bangalore-silk-multicoloured-CBMD140,https://lh3.googleusercontent.com/d/=w1200,in_stock,1800 INR,Kailash Kalamkari,new,212,Apparel & Accessories > Clothing > Traditional Clothing > Pen Kalamkari Dupattas
CBMD141,Kailash Kalamkari Srikalahasthi Pen Kalamkari Hand-Painted Bangalore Silk multicoloured Dupatta - CBMD141,Authentic hand-painted Srikalahasthi (Srikalahasti) Pen Kalamkari Bangalore Silk multicoloured Dupatta (Code: CBMD141). 100% natural organic vegetable dyes hand-drawn using traditional tamarind twig pens directly from Kailash Kalamkari master artisans since 1984.,https://www.kailash-kalamkari.com/?department=dupatta&product=srikalahasthi-pen-kalamkari-bangalore-silk-multicoloured-CBMD141,https://lh3.googleusercontent.com/d/=w1200,in_stock,1800 INR,Kailash Kalamkari,new,212,Apparel & Accessories > Clothing > Traditional Clothing > Pen Kalamkari Dupattas
CBMD142,Kailash Kalamkari Srikalahasthi Pen Kalamkari Hand-Painted Bangalore Silk multicoloured Dupatta - CBMD142,Authentic hand-painted Srikalahasthi (Srikalahasti) Pen Kalamkari Bangalore Silk multicoloured Dupatta (Code: CBMD142). 100% natural organic vegetable dyes hand-drawn using traditional tamarind twig pens directly from Kailash Kalamkari master artisans since 1984.,https://www.kailash-kalamkari.com/?department=dupatta&product=srikalahasthi-pen-kalamkari-bangalore-silk-multicoloured-CBMD142,https://lh3.googleusercontent.com/d/=w1200,in_stock,1800 INR,Kailash Kalamkari,new,212,Apparel & Accessories > Clothing > Traditional Clothing > Pen Kalamkari Dupattas
CBMD123,Kailash Kalamkari Srikalahasthi Pen Kalamkari Hand-Painted Bangalore Silk multicoloured Dupatta - CBMD123,Authentic hand-painted Srikalahasthi (Srikalahasti) Pen Kalamkari Bangalore Silk multicoloured Dupatta (Code: CBMD123). 100% natural organic vegetable dyes hand-drawn using traditional tamarind twig pens directly from Kailash Kalamkari master artisans since 1984.,https://www.kailash-kalamkari.com/?department=dupatta&product=srikalahasthi-pen-kalamkari-bangalore-silk-multicoloured-CBMD123,https://lh3.googleusercontent.com/d/=w1200,in_stock,1800 INR,Kailash Kalamkari,new,212,Apparel & Accessories > Clothing > Traditional Clothing > Pen Kalamkari Dupattas
CBMD124,Kailash Kalamkari Srikalahasthi Pen Kalamkari Hand-Painted Bangalore Silk multicoloured Dupatta - CBMD124,Authentic hand-painted Srikalahasthi (Srikalahasti) Pen Kalamkari Bangalore Silk multicoloured Dupatta (Code: CBMD124). 100% natural organic vegetable dyes hand-drawn using traditional tamarind twig pens directly from Kailash Kalamkari master artisans since 1984.,https://www.kailash-kalamkari.com/?department=dupatta&product=srikalahasthi-pen-kalamkari-bangalore-silk-multicoloured-CBMD124,https://lh3.googleusercontent.com/d/=w1200,in_stock,1800 INR,Kailash Kalamkari,new,212,Apparel & Accessories > Clothing > Traditional Clothing > Pen Kalamkari Dupattas
CBMD125,Kailash Kalamkari Srikalahasthi Pen Kalamkari Hand-Painted Bangalore Silk multicoloured Dupatta - CBMD125,Authentic hand-painted Srikalahasthi (Srikalahasti) Pen Kalamkari Bangalore Silk multicoloured Dupatta (Code: CBMD125). 100% natural organic vegetable dyes hand-drawn using traditional tamarind twig pens directly from Kailash Kalamkari master artisans since 1984.,https://www.kailash-kalamkari.com/?department=dupatta&product=srikalahasthi-pen-kalamkari-bangalore-silk-multicoloured-CBMD125,https://lh3.googleusercontent.com/d/=w1200,in_stock,1800 INR,Kailash Kalamkari,new,212,Apparel & Accessories > Clothing > Traditional Clothing > Pen Kalamkari Dupattas
CBMD126,Kailash Kalamkari Srikalahasthi Pen Kalamkari Hand-Painted Bangalore Silk multicoloured Dupatta - CBMD126,Authentic hand-painted Srikalahasthi (Srikalahasti) Pen Kalamkari Bangalore Silk multicoloured Dupatta (Code: CBMD126). 100% natural organic vegetable dyes hand-drawn using traditional tamarind twig pens directly from Kailash Kalamkari master artisans since 1984.,https://www.kailash-kalamkari.com/?department=dupatta&product=srikalahasthi-pen-kalamkari-bangalore-silk-multicoloured-CBMD126,https://lh3.googleusercontent.com/d/=w1200,in_stock,1800 INR,Kailash Kalamkari,new,212,Apparel & Accessories > Clothing > Traditional Clothing > Pen Kalamkari Dupattas
CBMD114,Kailash Kalamkari Srikalahasthi Pen Kalamkari Hand-Painted Bangalore Silk multicoloured Dupatta - CBMD114,Authentic hand-painted Srikalahasthi (Srikalahasti) Pen Kalamkari Bangalore Silk multicoloured Dupatta (Code: CBMD114). 100% natural organic vegetable dyes hand-drawn using traditional tamarind twig pens directly from Kailash Kalamkari master artisans since 1984.,https://www.kailash-kalamkari.com/?department=dupatta&product=srikalahasthi-pen-kalamkari-bangalore-silk-multicoloured-CBMD114,https://lh3.googleusercontent.com/d/=w1200,in_stock,1800 INR,Kailash Kalamkari,new,212,Apparel & Accessories > Clothing > Traditional Clothing > Pen Kalamkari Dupattas
CBMD115,Kailash Kalamkari Srikalahasthi Pen Kalamkari Hand-Painted Bangalore Silk multicoloured Dupatta - CBMD115,Authentic hand-painted Srikalahasthi (Srikalahasti) Pen Kalamkari Bangalore Silk multicoloured Dupatta (Code: CBMD115). 100% natural organic vegetable dyes hand-drawn using traditional tamarind twig pens directly from Kailash Kalamkari master artisans since 1984.,https://www.kailash-kalamkari.com/?department=dupatta&product=srikalahasthi-pen-kalamkari-bangalore-silk-multicoloured-CBMD115,https://lh3.googleusercontent.com/d/=w1200,in_stock,1800 INR,Kailash Kalamkari,new,212,Apparel & Accessories > Clothing > Traditional Clothing > Pen Kalamkari Dupattas
CBMD119,Kailash Kalamkari Srikalahasthi Pen Kalamkari Hand-Painted Bangalore Silk multicoloured Dupatta - CBMD119,Authentic hand-painted Srikalahasthi (Srikalahasti) Pen Kalamkari Bangalore Silk multicoloured Dupatta (Code: CBMD119). 100% natural organic vegetable dyes hand-drawn using traditional tamarind twig pens directly from Kailash Kalamkari master artisans since 1984.,https://www.kailash-kalamkari.com/?department=dupatta&product=srikalahasthi-pen-kalamkari-bangalore-silk-multicoloured-CBMD119,https://lh3.googleusercontent.com/d/=w1200,in_stock,1800 INR,Kailash Kalamkari,new,212,Apparel & Accessories > Clothing > Traditional Clothing > Pen Kalamkari Dupattas
CBMD120,Kailash Kalamkari Srikalahasthi Pen Kalamkari Hand-Painted Bangalore Silk multicoloured Dupatta - CBMD120,Authentic hand-painted Srikalahasthi (Srikalahasti) Pen Kalamkari Bangalore Silk multicoloured Dupatta (Code: CBMD120). 100% natural organic vegetable dyes hand-drawn using traditional tamarind twig pens directly from Kailash Kalamkari master artisans since 1984.,https://www.kailash-kalamkari.com/?department=dupatta&product=srikalahasthi-pen-kalamkari-bangalore-silk-multicoloured-CBMD120,https://lh3.googleusercontent.com/d/=w1200,in_stock,1800 INR,Kailash Kalamkari,new,212,Apparel & Accessories > Clothing > Traditional Clothing > Pen Kalamkari Dupattas
CBMD103,Kailash Kalamkari Srikalahasthi Pen Kalamkari Hand-Painted Bangalore Silk multicoloured Dupatta - CBMD103,Authentic hand-painted Srikalahasthi (Srikalahasti) Pen Kalamkari Bangalore Silk multicoloured Dupatta (Code: CBMD103). 100% natural organic vegetable dyes hand-drawn using traditional tamarind twig pens directly from Kailash Kalamkari master artisans since 1984.,https://www.kailash-kalamkari.com/?department=dupatta&product=srikalahasthi-pen-kalamkari-bangalore-silk-multicoloured-CBMD103,https://lh3.googleusercontent.com/d/=w1200,in_stock,1800 INR,Kailash Kalamkari,new,212,Apparel & Accessories > Clothing > Traditional Clothing > Pen Kalamkari Dupattas
CBMD104,Kailash Kalamkari Srikalahasthi Pen Kalamkari Hand-Painted Bangalore Silk multicoloured Dupatta - CBMD104,Authentic hand-painted Srikalahasthi (Srikalahasti) Pen Kalamkari Bangalore Silk multicoloured Dupatta (Code: CBMD104). 100% natural organic vegetable dyes hand-drawn using traditional tamarind twig pens directly from Kailash Kalamkari master artisans since 1984.,https://www.kailash-kalamkari.com/?department=dupatta&product=srikalahasthi-pen-kalamkari-bangalore-silk-multicoloured-CBMD104,https://lh3.googleusercontent.com/d/=w1200,in_stock,1800 INR,Kailash Kalamkari,new,212,Apparel & Accessories > Clothing > Traditional Clothing > Pen Kalamkari Dupattas
CBMD105,Kailash Kalamkari Srikalahasthi Pen Kalamkari Hand-Painted Bangalore Silk multicoloured Dupatta - CBMD105,Authentic hand-painted Srikalahasthi (Srikalahasti) Pen Kalamkari Bangalore Silk multicoloured Dupatta (Code: CBMD105). 100% natural organic vegetable dyes hand-drawn using traditional tamarind twig pens directly from Kailash Kalamkari master artisans since 1984.,https://www.kailash-kalamkari.com/?department=dupatta&product=srikalahasthi-pen-kalamkari-bangalore-silk-multicoloured-CBMD105,https://lh3.googleusercontent.com/d/=w1200,in_stock,1800 INR,Kailash Kalamkari,new,212,Apparel & Accessories > Clothing > Traditional Clothing > Pen Kalamkari Dupattas
CBMD106,Kailash Kalamkari Srikalahasthi Pen Kalamkari Hand-Painted Bangalore Silk multicoloured Dupatta - CBMD106,Authentic hand-painted Srikalahasthi (Srikalahasti) Pen Kalamkari Bangalore Silk multicoloured Dupatta (Code: CBMD106). 100% natural organic vegetable dyes hand-drawn using traditional tamarind twig pens directly from Kailash Kalamkari master artisans since 1984.,https://www.kailash-kalamkari.com/?department=dupatta&product=srikalahasthi-pen-kalamkari-bangalore-silk-multicoloured-CBMD106,https://lh3.googleusercontent.com/d/=w1200,in_stock,1800 INR,Kailash Kalamkari,new,212,Apparel & Accessories > Clothing > Traditional Clothing > Pen Kalamkari Dupattas
CBMD097,Kailash Kalamkari Srikalahasthi Pen Kalamkari Hand-Painted Bangalore Silk multicoloured Dupatta - CBMD097,Authentic hand-painted Srikalahasthi (Srikalahasti) Pen Kalamkari Bangalore Silk multicoloured Dupatta (Code: CBMD097). 100% natural organic vegetable dyes hand-drawn using traditional tamarind twig pens directly from Kailash Kalamkari master artisans since 1984.,https://www.kailash-kalamkari.com/?department=dupatta&product=srikalahasthi-pen-kalamkari-bangalore-silk-multicoloured-CBMD097,https://lh3.googleusercontent.com/d/=w1200,in_stock,1800 INR,Kailash Kalamkari,new,212,Apparel & Accessories > Clothing > Traditional Clothing > Pen Kalamkari Dupattas
CBMD098,Kailash Kalamkari Srikalahasthi Pen Kalamkari Hand-Painted Bangalore Silk multicoloured Dupatta - CBMD098,Authentic hand-painted Srikalahasthi (Srikalahasti) Pen Kalamkari Bangalore Silk multicoloured Dupatta (Code: CBMD098). 100% natural organic vegetable dyes hand-drawn using traditional tamarind twig pens directly from Kailash Kalamkari master artisans since 1984.,https://www.kailash-kalamkari.com/?department=dupatta&product=srikalahasthi-pen-kalamkari-bangalore-silk-multicoloured-CBMD098,https://lh3.googleusercontent.com/d/=w1200,in_stock,1800 INR,Kailash Kalamkari,new,212,Apparel & Accessories > Clothing > Traditional Clothing > Pen Kalamkari Dupattas
CBMD082,Kailash Kalamkari Srikalahasthi Pen Kalamkari Hand-Painted Bangalore Silk multicoloured Dupatta - CBMD082,Authentic hand-painted Srikalahasthi (Srikalahasti) Pen Kalamkari Bangalore Silk multicoloured Dupatta (Code: CBMD082). 100% natural organic vegetable dyes hand-drawn using traditional tamarind twig pens directly from Kailash Kalamkari master artisans since 1984.,https://www.kailash-kalamkari.com/?department=dupatta&product=srikalahasthi-pen-kalamkari-bangalore-silk-multicoloured-CBMD082,https://lh3.googleusercontent.com/d/=w1200,in_stock,1800 INR,Kailash Kalamkari,new,212,Apparel & Accessories > Clothing > Traditional Clothing > Pen Kalamkari Dupattas
CBMD090,Kailash Kalamkari Srikalahasthi Pen Kalamkari Hand-Painted Bangalore Silk multicoloured Dupatta - CBMD090,Authentic hand-painted Srikalahasthi (Srikalahasti) Pen Kalamkari Bangalore Silk multicoloured Dupatta (Code: CBMD090). 100% natural organic vegetable dyes hand-drawn using traditional tamarind twig pens directly from Kailash Kalamkari master artisans since 1984.,https://www.kailash-kalamkari.com/?department=dupatta&product=srikalahasthi-pen-kalamkari-bangalore-silk-multicoloured-CBMD090,https://lh3.googleusercontent.com/d/=w1200,in_stock,1800 INR,Kailash Kalamkari,new,212,Apparel & Accessories > Clothing > Traditional Clothing > Pen Kalamkari Dupattas
CBMD017,Kailash Kalamkari Srikalahasthi Pen Kalamkari Hand-Painted Bangalore Silk multicoloured Dupatta - CBMD017,Authentic hand-painted Srikalahasthi (Srikalahasti) Pen Kalamkari Bangalore Silk multicoloured Dupatta (Code: CBMD017). 100% natural organic vegetable dyes hand-drawn using traditional tamarind twig pens directly from Kailash Kalamkari master artisans since 1984.,https://www.kailash-kalamkari.com/?department=dupatta&product=srikalahasthi-pen-kalamkari-bangalore-silk-multicoloured-CBMD017,https://lh3.googleusercontent.com/d/=w1200,in_stock,1800 INR,Kailash Kalamkari,new,212,Apparel & Accessories > Clothing > Traditional Clothing > Pen Kalamkari Dupattas
CBMD019,Kailash Kalamkari Srikalahasthi Pen Kalamkari Hand-Painted Bangalore Silk multicoloured Dupatta - CBMD019,Authentic hand-painted Srikalahasthi (Srikalahasti) Pen Kalamkari Bangalore Silk multicoloured Dupatta (Code: CBMD019). 100% natural organic vegetable dyes hand-drawn using traditional tamarind twig pens directly from Kailash Kalamkari master artisans since 1984.,https://www.kailash-kalamkari.com/?department=dupatta&product=srikalahasthi-pen-kalamkari-bangalore-silk-multicoloured-CBMD019,https://lh3.googleusercontent.com/d/=w1200,in_stock,1800 INR,Kailash Kalamkari,new,212,Apparel & Accessories > Clothing > Traditional Clothing > Pen Kalamkari Dupattas
CBMD021,Kailash Kalamkari Srikalahasthi Pen Kalamkari Hand-Painted Bangalore Silk multicoloured Dupatta - CBMD021,Authentic hand-painted Srikalahasthi (Srikalahasti) Pen Kalamkari Bangalore Silk multicoloured Dupatta (Code: CBMD021). 100% natural organic vegetable dyes hand-drawn using traditional tamarind twig pens directly from Kailash Kalamkari master artisans since 1984.,https://www.kailash-kalamkari.com/?department=dupatta&product=srikalahasthi-pen-kalamkari-bangalore-silk-multicoloured-CBMD021,https://lh3.googleusercontent.com/d/=w1200,in_stock,1800 INR,Kailash Kalamkari,new,212,Apparel & Accessories > Clothing > Traditional Clothing > Pen Kalamkari Dupattas
CBMD022,Kailash Kalamkari Srikalahasthi Pen Kalamkari Hand-Painted Bangalore Silk multicoloured Dupatta - CBMD022,Authentic hand-painted Srikalahasthi (Srikalahasti) Pen Kalamkari Bangalore Silk multicoloured Dupatta (Code: CBMD022). 100% natural organic vegetable dyes hand-drawn using traditional tamarind twig pens directly from Kailash Kalamkari master artisans since 1984.,https://www.kailash-kalamkari.com/?department=dupatta&product=srikalahasthi-pen-kalamkari-bangalore-silk-multicoloured-CBMD022,https://lh3.googleusercontent.com/d/=w1200,in_stock,1800 INR,Kailash Kalamkari,new,212,Apparel & Accessories > Clothing > Traditional Clothing > Pen Kalamkari Dupattas
CBMD023,Kailash Kalamkari Srikalahasthi Pen Kalamkari Hand-Painted Bangalore Silk multicoloured Dupatta - CBMD023,Authentic hand-painted Srikalahasthi (Srikalahasti) Pen Kalamkari Bangalore Silk multicoloured Dupatta (Code: CBMD023). 100% natural organic vegetable dyes hand-drawn using traditional tamarind twig pens directly from Kailash Kalamkari master artisans since 1984.,https://www.kailash-kalamkari.com/?department=dupatta&product=srikalahasthi-pen-kalamkari-bangalore-silk-multicoloured-CBMD023,https://lh3.googleusercontent.com/d/=w1200,in_stock,1800 INR,Kailash Kalamkari,new,212,Apparel & Accessories > Clothing > Traditional Clothing > Pen Kalamkari Dupattas
CBMD029,Kailash Kalamkari Srikalahasthi Pen Kalamkari Hand-Painted Bangalore Silk multicoloured Dupatta - CBMD029,Authentic hand-painted Srikalahasthi (Srikalahasti) Pen Kalamkari Bangalore Silk multicoloured Dupatta (Code: CBMD029). 100% natural organic vegetable dyes hand-drawn using traditional tamarind twig pens directly from Kailash Kalamkari master artisans since 1984.,https://www.kailash-kalamkari.com/?department=dupatta&product=srikalahasthi-pen-kalamkari-bangalore-silk-multicoloured-CBMD029,https://lh3.googleusercontent.com/d/=w1200,in_stock,1800 INR,Kailash Kalamkari,new,212,Apparel & Accessories > Clothing > Traditional Clothing > Pen Kalamkari Dupattas
CBMD030,Kailash Kalamkari Srikalahasthi Pen Kalamkari Hand-Painted Bangalore Silk multicoloured Dupatta - CBMD030,Authentic hand-painted Srikalahasthi (Srikalahasti) Pen Kalamkari Bangalore Silk multicoloured Dupatta (Code: CBMD030). 100% natural organic vegetable dyes hand-drawn using traditional tamarind twig pens directly from Kailash Kalamkari master artisans since 1984.,https://www.kailash-kalamkari.com/?department=dupatta&product=srikalahasthi-pen-kalamkari-bangalore-silk-multicoloured-CBMD030,https://lh3.googleusercontent.com/d/=w1200,in_stock,1800 INR,Kailash Kalamkari,new,212,Apparel & Accessories > Clothing > Traditional Clothing > Pen Kalamkari Dupattas
CBMD040,Kailash Kalamkari Srikalahasthi Pen Kalamkari Hand-Painted Bangalore Silk multicoloured Dupatta - CBMD040,Authentic hand-painted Srikalahasthi (Srikalahasti) Pen Kalamkari Bangalore Silk multicoloured Dupatta (Code: CBMD040). 100% natural organic vegetable dyes hand-drawn using traditional tamarind twig pens directly from Kailash Kalamkari master artisans since 1984.,https://www.kailash-kalamkari.com/?department=dupatta&product=srikalahasthi-pen-kalamkari-bangalore-silk-multicoloured-CBMD040,https://lh3.googleusercontent.com/d/=w1200,in_stock,1800 INR,Kailash Kalamkari,new,212,Apparel & Accessories > Clothing > Traditional Clothing > Pen Kalamkari Dupattas
CBMD043,Kailash Kalamkari Srikalahasthi Pen Kalamkari Hand-Painted Bangalore Silk multicoloured Dupatta - CBMD043,Authentic hand-painted Srikalahasthi (Srikalahasti) Pen Kalamkari Bangalore Silk multicoloured Dupatta (Code: CBMD043). 100% natural organic vegetable dyes hand-drawn using traditional tamarind twig pens directly from Kailash Kalamkari master artisans since 1984.,https://www.kailash-kalamkari.com/?department=dupatta&product=srikalahasthi-pen-kalamkari-bangalore-silk-multicoloured-CBMD043,https://lh3.googleusercontent.com/d/=w1200,in_stock,1800 INR,Kailash Kalamkari,new,212,Apparel & Accessories > Clothing > Traditional Clothing > Pen Kalamkari Dupattas
CBMD045,Kailash Kalamkari Srikalahasthi Pen Kalamkari Hand-Painted Bangalore Silk multicoloured Dupatta - CBMD045,Authentic hand-painted Srikalahasthi (Srikalahasti) Pen Kalamkari Bangalore Silk multicoloured Dupatta (Code: CBMD045). 100% natural organic vegetable dyes hand-drawn using traditional tamarind twig pens directly from Kailash Kalamkari master artisans since 1984.,https://www.kailash-kalamkari.com/?department=dupatta&product=srikalahasthi-pen-kalamkari-bangalore-silk-multicoloured-CBMD045,https://lh3.googleusercontent.com/d/=w1200,in_stock,1800 INR,Kailash Kalamkari,new,212,Apparel & Accessories > Clothing > Traditional Clothing > Pen Kalamkari Dupattas
CBMD049,Kailash Kalamkari Srikalahasthi Pen Kalamkari Hand-Painted Bangalore Silk multicoloured Dupatta - CBMD049,Authentic hand-painted Srikalahasthi (Srikalahasti) Pen Kalamkari Bangalore Silk multicoloured Dupatta (Code: CBMD049). 100% natural organic vegetable dyes hand-drawn using traditional tamarind twig pens directly from Kailash Kalamkari master artisans since 1984.,https://www.kailash-kalamkari.com/?department=dupatta&product=srikalahasthi-pen-kalamkari-bangalore-silk-multicoloured-CBMD049,https://lh3.googleusercontent.com/d/=w1200,in_stock,1800 INR,Kailash Kalamkari,new,212,Apparel & Accessories > Clothing > Traditional Clothing > Pen Kalamkari Dupattas
CBMD053,Kailash Kalamkari Srikalahasthi Pen Kalamkari Hand-Painted Bangalore Silk multicoloured Dupatta - CBMD053,Authentic hand-painted Srikalahasthi (Srikalahasti) Pen Kalamkari Bangalore Silk multicoloured Dupatta (Code: CBMD053). 100% natural organic vegetable dyes hand-drawn using traditional tamarind twig pens directly from Kailash Kalamkari master artisans since 1984.,https://www.kailash-kalamkari.com/?department=dupatta&product=srikalahasthi-pen-kalamkari-bangalore-silk-multicoloured-CBMD053,https://lh3.googleusercontent.com/d/=w1200,in_stock,1800 INR,Kailash Kalamkari,new,212,Apparel & Accessories > Clothing > Traditional Clothing > Pen Kalamkari Dupattas
CBMD061,Kailash Kalamkari Srikalahasthi Pen Kalamkari Hand-Painted Bangalore Silk multicoloured Dupatta - CBMD061,Authentic hand-painted Srikalahasthi (Srikalahasti) Pen Kalamkari Bangalore Silk multicoloured Dupatta (Code: CBMD061). 100% natural organic vegetable dyes hand-drawn using traditional tamarind twig pens directly from Kailash Kalamkari master artisans since 1984.,https://www.kailash-kalamkari.com/?department=dupatta&product=srikalahasthi-pen-kalamkari-bangalore-silk-multicoloured-CBMD061,https://lh3.googleusercontent.com/d/=w1200,in_stock,1800 INR,Kailash Kalamkari,new,212,Apparel & Accessories > Clothing > Traditional Clothing > Pen Kalamkari Dupattas
CBMD121,Kailash Kalamkari Srikalahasthi Pen Kalamkari Hand-Painted Bangalore Silk multicoloured Dupatta - CBMD121,Authentic hand-painted Srikalahasthi (Srikalahasti) Pen Kalamkari Bangalore Silk multicoloured Dupatta (Code: CBMD121). 100% natural organic vegetable dyes hand-drawn using traditional tamarind twig pens directly from Kailash Kalamkari master artisans since 1984.,https://www.kailash-kalamkari.com/?department=dupatta&product=srikalahasthi-pen-kalamkari-bangalore-silk-multicoloured-CBMD121,https://lh3.googleusercontent.com/d/=w1200,in_stock,2500 INR,Kailash Kalamkari,new,212,Apparel & Accessories > Clothing > Traditional Clothing > Pen Kalamkari Dupattas
CBMD122,Kailash Kalamkari Srikalahasthi Pen Kalamkari Hand-Painted Bangalore Silk multicoloured Dupatta - CBMD122,Authentic hand-painted Srikalahasthi (Srikalahasti) Pen Kalamkari Bangalore Silk multicoloured Dupatta (Code: CBMD122). 100% natural organic vegetable dyes hand-drawn using traditional tamarind twig pens directly from Kailash Kalamkari master artisans since 1984.,https://www.kailash-kalamkari.com/?department=dupatta&product=srikalahasthi-pen-kalamkari-bangalore-silk-multicoloured-CBMD122,https://lh3.googleusercontent.com/d/=w1200,in_stock,2500 INR,Kailash Kalamkari,new,212,Apparel & Accessories > Clothing > Traditional Clothing > Pen Kalamkari Dupattas
CBMD074,Kailash Kalamkari Srikalahasthi Pen Kalamkari Hand-Painted Bangalore Silk multicoloured Dupatta - CBMD074,Authentic hand-painted Srikalahasthi (Srikalahasti) Pen Kalamkari Bangalore Silk multicoloured Dupatta (Code: CBMD074). 100% natural organic vegetable dyes hand-drawn using traditional tamarind twig pens directly from Kailash Kalamkari master artisans since 1984.,https://www.kailash-kalamkari.com/?department=dupatta&product=srikalahasthi-pen-kalamkari-bangalore-silk-multicoloured-CBMD074,https://lh3.googleusercontent.com/d/=w1200,in_stock,2500 INR,Kailash Kalamkari,new,212,Apparel & Accessories > Clothing > Traditional Clothing > Pen Kalamkari Dupattas
CBMD075,Kailash Kalamkari Srikalahasthi Pen Kalamkari Hand-Painted Bangalore Silk multicoloured Dupatta - CBMD075,Authentic hand-painted Srikalahasthi (Srikalahasti) Pen Kalamkari Bangalore Silk multicoloured Dupatta (Code: CBMD075). 100% natural organic vegetable dyes hand-drawn using traditional tamarind twig pens directly from Kailash Kalamkari master artisans since 1984.,https://www.kailash-kalamkari.com/?department=dupatta&product=srikalahasthi-pen-kalamkari-bangalore-silk-multicoloured-CBMD075,https://lh3.googleusercontent.com/d/=w1200,in_stock,2500 INR,Kailash Kalamkari,new,212,Apparel & Accessories > Clothing > Traditional Clothing > Pen Kalamkari Dupattas
CB95070,Kailash Kalamkari Srikalahasthi Pen Kalamkari Hand-Painted Banglore Silk Colour Saree - CB95070,Authentic hand-painted Srikalahasthi (Srikalahasti) Pen Kalamkari Banglore Silk Colour Saree (Code: CB95070). 100% natural organic vegetable dyes hand-drawn using traditional tamarind twig pens directly from Kailash Kalamkari master artisans since 1984.,https://www.kailash-kalamkari.com/?department=saree&product=srikalahasthi-pen-kalamkari-banglore-silk-colour-CB95070,https://lh3.googleusercontent.com/d/=w1200,in_stock,9500 INR,Kailash Kalamkari,new,2271,Apparel & Accessories > Clothing > Traditional Clothing > Pen Kalamkari Sarees
CB95066,Kailash Kalamkari Srikalahasthi Pen Kalamkari Hand-Painted Banglore Silk Colour Saree - CB95066,Authentic hand-painted Srikalahasthi (Srikalahasti) Pen Kalamkari Banglore Silk Colour Saree (Code: CB95066). 100% natural organic vegetable dyes hand-drawn using traditional tamarind twig pens directly from Kailash Kalamkari master artisans since 1984.,https://www.kailash-kalamkari.com/?department=saree&product=srikalahasthi-pen-kalamkari-banglore-silk-colour-CB95066,https://lh3.googleusercontent.com/d/=w1200,in_stock,9500 INR,Kailash Kalamkari,new,2271,Apparel & Accessories > Clothing > Traditional Clothing > Pen Kalamkari Sarees
CB95061,Kailash Kalamkari Srikalahasthi Pen Kalamkari Hand-Painted Banglore Silk Colour Saree - CB95061,Authentic hand-painted Srikalahasthi (Srikalahasti) Pen Kalamkari Banglore Silk Colour Saree (Code: CB95061). 100% natural organic vegetable dyes hand-drawn using traditional tamarind twig pens directly from Kailash Kalamkari master artisans since 1984.,https://www.kailash-kalamkari.com/?department=saree&product=srikalahasthi-pen-kalamkari-banglore-silk-colour-CB95061,https://lh3.googleusercontent.com/d/=w1200,in_stock,9500 INR,Kailash Kalamkari,new,2271,Apparel & Accessories > Clothing > Traditional Clothing > Pen Kalamkari Sarees
CB95047,Kailash Kalamkari Srikalahasthi Pen Kalamkari Hand-Painted Banglore Silk Colour Saree - CB95047,Authentic hand-painted Srikalahasthi (Srikalahasti) Pen Kalamkari Banglore Silk Colour Saree (Code: CB95047). 100% natural organic vegetable dyes hand-drawn using traditional tamarind twig pens directly from Kailash Kalamkari master artisans since 1984.,https://www.kailash-kalamkari.com/?department=saree&product=srikalahasthi-pen-kalamkari-banglore-silk-colour-CB95047,https://lh3.googleusercontent.com/d/=w1200,in_stock,9500 INR,Kailash Kalamkari,new,2271,Apparel & Accessories > Clothing > Traditional Clothing > Pen Kalamkari Sarees
CB95050,Kailash Kalamkari Srikalahasthi Pen Kalamkari Hand-Painted Banglore Silk Colour Saree - CB95050,Authentic hand-painted Srikalahasthi (Srikalahasti) Pen Kalamkari Banglore Silk Colour Saree (Code: CB95050). 100% natural organic vegetable dyes hand-drawn using traditional tamarind twig pens directly from Kailash Kalamkari master artisans since 1984.,https://www.kailash-kalamkari.com/?department=saree&product=srikalahasthi-pen-kalamkari-banglore-silk-colour-CB95050,https://lh3.googleusercontent.com/d/=w1200,in_stock,9500 INR,Kailash Kalamkari,new,2271,Apparel & Accessories > Clothing > Traditional Clothing > Pen Kalamkari Sarees
CB95054,Kailash Kalamkari Srikalahasthi Pen Kalamkari Hand-Painted Banglore Silk Colour Saree - CB95054,Authentic hand-painted Srikalahasthi (Srikalahasti) Pen Kalamkari Banglore Silk Colour Saree (Code: CB95054). 100% natural organic vegetable dyes hand-drawn using traditional tamarind twig pens directly from Kailash Kalamkari master artisans since 1984.,https://www.kailash-kalamkari.com/?department=saree&product=srikalahasthi-pen-kalamkari-banglore-silk-colour-CB95054,https://lh3.googleusercontent.com/d/=w1200,in_stock,9500 INR,Kailash Kalamkari,new,2271,Apparel & Accessories > Clothing > Traditional Clothing > Pen Kalamkari Sarees
CB95055,Kailash Kalamkari Srikalahasthi Pen Kalamkari Hand-Painted Banglore Silk Colour Saree - CB95055,Authentic hand-painted Srikalahasthi (Srikalahasti) Pen Kalamkari Banglore Silk Colour Saree (Code: CB95055). 100% natural organic vegetable dyes hand-drawn using traditional tamarind twig pens directly from Kailash Kalamkari master artisans since 1984.,https://www.kailash-kalamkari.com/?department=saree&product=srikalahasthi-pen-kalamkari-banglore-silk-colour-CB95055,https://lh3.googleusercontent.com/d/=w1200,in_stock,9500 INR,Kailash Kalamkari,new,2271,Apparel & Accessories > Clothing > Traditional Clothing > Pen Kalamkari Sarees
CB95044,Kailash Kalamkari Srikalahasthi Pen Kalamkari Hand-Painted Banglore Silk Colour Saree - CB95044,Authentic hand-painted Srikalahasthi (Srikalahasti) Pen Kalamkari Banglore Silk Colour Saree (Code: CB95044). 100% natural organic vegetable dyes hand-drawn using traditional tamarind twig pens directly from Kailash Kalamkari master artisans since 1984.,https://www.kailash-kalamkari.com/?department=saree&product=srikalahasthi-pen-kalamkari-banglore-silk-colour-CB95044,https://lh3.googleusercontent.com/d/=w1200,in_stock,9500 INR,Kailash Kalamkari,new,2271,Apparel & Accessories > Clothing > Traditional Clothing > Pen Kalamkari Sarees
CB95028,Kailash Kalamkari Srikalahasthi Pen Kalamkari Hand-Painted Banglore Silk Colour Saree - CB95028,Authentic hand-painted Srikalahasthi (Srikalahasti) Pen Kalamkari Banglore Silk Colour Saree (Code: CB95028). 100% natural organic vegetable dyes hand-drawn using traditional tamarind twig pens directly from Kailash Kalamkari master artisans since 1984.,https://www.kailash-kalamkari.com/?department=saree&product=srikalahasthi-pen-kalamkari-banglore-silk-colour-CB95028,https://lh3.googleusercontent.com/d/=w1200,in_stock,9500 INR,Kailash Kalamkari,new,2271,Apparel & Accessories > Clothing > Traditional Clothing > Pen Kalamkari Sarees
CB95067,Kailash Kalamkari Srikalahasthi Pen Kalamkari Hand-Painted Banglore Silk Colour Saree - CB95067,Authentic hand-painted Srikalahasthi (Srikalahasti) Pen Kalamkari Banglore Silk Colour Saree (Code: CB95067). 100% natural organic vegetable dyes hand-drawn using traditional tamarind twig pens directly from Kailash Kalamkari master artisans since 1984.,https://www.kailash-kalamkari.com/?department=saree&product=srikalahasthi-pen-kalamkari-banglore-silk-colour-CB95067,https://lh3.googleusercontent.com/d/=w1200,in_stock,9500 INR,Kailash Kalamkari,new,2271,Apparel & Accessories > Clothing > Traditional Clothing > Pen Kalamkari Sarees
CB95068,Kailash Kalamkari Srikalahasthi Pen Kalamkari Hand-Painted Banglore Silk Colour Saree - CB95068,Authentic hand-painted Srikalahasthi (Srikalahasti) Pen Kalamkari Banglore Silk Colour Saree (Code: CB95068). 100% natural organic vegetable dyes hand-drawn using traditional tamarind twig pens directly from Kailash Kalamkari master artisans since 1984.,https://www.kailash-kalamkari.com/?department=saree&product=srikalahasthi-pen-kalamkari-banglore-silk-colour-CB95068,https://lh3.googleusercontent.com/d/=w1200,in_stock,9500 INR,Kailash Kalamkari,new,2271,Apparel & Accessories > Clothing > Traditional Clothing > Pen Kalamkari Sarees
CB95069,Kailash Kalamkari Srikalahasthi Pen Kalamkari Hand-Painted Banglore Silk Colour Saree - CB95069,Authentic hand-painted Srikalahasthi (Srikalahasti) Pen Kalamkari Banglore Silk Colour Saree (Code: CB95069). 100% natural organic vegetable dyes hand-drawn using traditional tamarind twig pens directly from Kailash Kalamkari master artisans since 1984.,https://www.kailash-kalamkari.com/?department=saree&product=srikalahasthi-pen-kalamkari-banglore-silk-colour-CB95069,https://lh3.googleusercontent.com/d/=w1200,in_stock,9500 INR,Kailash Kalamkari,new,2271,Apparel & Accessories > Clothing > Traditional Clothing > Pen Kalamkari Sarees
CB95041,Kailash Kalamkari Srikalahasthi Pen Kalamkari Hand-Painted Banglore Silk Colour Saree - CB95041,Authentic hand-painted Srikalahasthi (Srikalahasti) Pen Kalamkari Banglore Silk Colour Saree (Code: CB95041). 100% natural organic vegetable dyes hand-drawn using traditional tamarind twig pens directly from Kailash Kalamkari master artisans since 1984.,https://www.kailash-kalamkari.com/?department=saree&product=srikalahasthi-pen-kalamkari-banglore-silk-colour-CB95041,https://lh3.googleusercontent.com/d/=w1200,in_stock,9500 INR,Kailash Kalamkari,new,2271,Apparel & Accessories > Clothing > Traditional Clothing > Pen Kalamkari Sarees
CB90074,Kailash Kalamkari Srikalahasthi Pen Kalamkari Hand-Painted Banglore Silk Colour Saree - CB90074,Authentic hand-painted Srikalahasthi (Srikalahasti) Pen Kalamkari Banglore Silk Colour Saree (Code: CB90074). 100% natural organic vegetable dyes hand-drawn using traditional tamarind twig pens directly from Kailash Kalamkari master artisans since 1984.,https://www.kailash-kalamkari.com/?department=saree&product=srikalahasthi-pen-kalamkari-banglore-silk-colour-CB90074,https://lh3.googleusercontent.com/d/=w1200,in_stock,9000 INR,Kailash Kalamkari,new,2271,Apparel & Accessories > Clothing > Traditional Clothing > Pen Kalamkari Sarees
CB90075,Kailash Kalamkari Srikalahasthi Pen Kalamkari Hand-Painted Banglore Silk Colour Saree - CB90075,Authentic hand-painted Srikalahasthi (Srikalahasti) Pen Kalamkari Banglore Silk Colour Saree (Code: CB90075). 100% natural organic vegetable dyes hand-drawn using traditional tamarind twig pens directly from Kailash Kalamkari master artisans since 1984.,https://www.kailash-kalamkari.com/?department=saree&product=srikalahasthi-pen-kalamkari-banglore-silk-colour-CB90075,https://lh3.googleusercontent.com/d/=w1200,in_stock,9000 INR,Kailash Kalamkari,new,2271,Apparel & Accessories > Clothing > Traditional Clothing > Pen Kalamkari Sarees
CB90072,Kailash Kalamkari Srikalahasthi Pen Kalamkari Hand-Painted Banglore Silk Colour Saree - CB90072,Authentic hand-painted Srikalahasthi (Srikalahasti) Pen Kalamkari Banglore Silk Colour Saree (Code: CB90072). 100% natural organic vegetable dyes hand-drawn using traditional tamarind twig pens directly from Kailash Kalamkari master artisans since 1984.,https://www.kailash-kalamkari.com/?department=saree&product=srikalahasthi-pen-kalamkari-banglore-silk-colour-CB90072,https://lh3.googleusercontent.com/d/=w1200,in_stock,9000 INR,Kailash Kalamkari,new,2271,Apparel & Accessories > Clothing > Traditional Clothing > Pen Kalamkari Sarees
CB90073,Kailash Kalamkari Srikalahasthi Pen Kalamkari Hand-Painted Banglore Silk Colour Saree - CB90073,Authentic hand-painted Srikalahasthi (Srikalahasti) Pen Kalamkari Banglore Silk Colour Saree (Code: CB90073). 100% natural organic vegetable dyes hand-drawn using traditional tamarind twig pens directly from Kailash Kalamkari master artisans since 1984.,https://www.kailash-kalamkari.com/?department=saree&product=srikalahasthi-pen-kalamkari-banglore-silk-colour-CB90073,https://lh3.googleusercontent.com/d/=w1200,in_stock,9000 INR,Kailash Kalamkari,new,2271,Apparel & Accessories > Clothing > Traditional Clothing > Pen Kalamkari Sarees
CB90045,Kailash Kalamkari Srikalahasthi Pen Kalamkari Hand-Painted Banglore Silk Colour Saree - CB90045,Authentic hand-painted Srikalahasthi (Srikalahasti) Pen Kalamkari Banglore Silk Colour Saree (Code: CB90045). 100% natural organic vegetable dyes hand-drawn using traditional tamarind twig pens directly from Kailash Kalamkari master artisans since 1984.,https://www.kailash-kalamkari.com/?department=saree&product=srikalahasthi-pen-kalamkari-banglore-silk-colour-CB90045,https://lh3.googleusercontent.com/d/=w1200,in_stock,9000 INR,Kailash Kalamkari,new,2271,Apparel & Accessories > Clothing > Traditional Clothing > Pen Kalamkari Sarees
CB90047,Kailash Kalamkari Srikalahasthi Pen Kalamkari Hand-Painted Banglore Silk Colour Saree - CB90047,Authentic hand-painted Srikalahasthi (Srikalahasti) Pen Kalamkari Banglore Silk Colour Saree (Code: CB90047). 100% natural organic vegetable dyes hand-drawn using traditional tamarind twig pens directly from Kailash Kalamkari master artisans since 1984.,https://www.kailash-kalamkari.com/?department=saree&product=srikalahasthi-pen-kalamkari-banglore-silk-colour-CB90047,https://lh3.googleusercontent.com/d/=w1200,in_stock,9000 INR,Kailash Kalamkari,new,2271,Apparel & Accessories > Clothing > Traditional Clothing > Pen Kalamkari Sarees
CB90048,Kailash Kalamkari Srikalahasthi Pen Kalamkari Hand-Painted Banglore Silk Colour Saree - CB90048,Authentic hand-painted Srikalahasthi (Srikalahasti) Pen Kalamkari Banglore Silk Colour Saree (Code: CB90048). 100% natural organic vegetable dyes hand-drawn using traditional tamarind twig pens directly from Kailash Kalamkari master artisans since 1984.,https://www.kailash-kalamkari.com/?department=saree&product=srikalahasthi-pen-kalamkari-banglore-silk-colour-CB90048,https://lh3.googleusercontent.com/d/=w1200,in_stock,9000 INR,Kailash Kalamkari,new,2271,Apparel & Accessories > Clothing > Traditional Clothing > Pen Kalamkari Sarees
CB90049,Kailash Kalamkari Srikalahasthi Pen Kalamkari Hand-Painted Banglore Silk Colour Saree - CB90049,Authentic hand-painted Srikalahasthi (Srikalahasti) Pen Kalamkari Banglore Silk Colour Saree (Code: CB90049). 100% natural organic vegetable dyes hand-drawn using traditional tamarind twig pens directly from Kailash Kalamkari master artisans since 1984.,https://www.kailash-kalamkari.com/?department=saree&product=srikalahasthi-pen-kalamkari-banglore-silk-colour-CB90049,https://lh3.googleusercontent.com/d/=w1200,in_stock,9000 INR,Kailash Kalamkari,new,2271,Apparel & Accessories > Clothing > Traditional Clothing > Pen Kalamkari Sarees
CB90056,Kailash Kalamkari Srikalahasthi Pen Kalamkari Hand-Painted Banglore Silk Colour Saree - CB90056,Authentic hand-painted Srikalahasthi (Srikalahasti) Pen Kalamkari Banglore Silk Colour Saree (Code: CB90056). 100% natural organic vegetable dyes hand-drawn using traditional tamarind twig pens directly from Kailash Kalamkari master artisans since 1984.,https://www.kailash-kalamkari.com/?department=saree&product=srikalahasthi-pen-kalamkari-banglore-silk-colour-CB90056,https://lh3.googleusercontent.com/d/=w1200,in_stock,9000 INR,Kailash Kalamkari,new,2271,Apparel & Accessories > Clothing > Traditional Clothing > Pen Kalamkari Sarees
CB90058,Kailash Kalamkari Srikalahasthi Pen Kalamkari Hand-Painted Banglore Silk Colour Saree - CB90058,Authentic hand-painted Srikalahasthi (Srikalahasti) Pen Kalamkari Banglore Silk Colour Saree (Code: CB90058). 100% natural organic vegetable dyes hand-drawn using traditional tamarind twig pens directly from Kailash Kalamkari master artisans since 1984.,https://www.kailash-kalamkari.com/?department=saree&product=srikalahasthi-pen-kalamkari-banglore-silk-colour-CB90058,https://lh3.googleusercontent.com/d/=w1200,in_stock,9000 INR,Kailash Kalamkari,new,2271,Apparel & Accessories > Clothing > Traditional Clothing > Pen Kalamkari Sarees
CB90060,Kailash Kalamkari Srikalahasthi Pen Kalamkari Hand-Painted Banglore Silk Colour Saree - CB90060,Authentic hand-painted Srikalahasthi (Srikalahasti) Pen Kalamkari Banglore Silk Colour Saree (Code: CB90060). 100% natural organic vegetable dyes hand-drawn using traditional tamarind twig pens directly from Kailash Kalamkari master artisans since 1984.,https://www.kailash-kalamkari.com/?department=saree&product=srikalahasthi-pen-kalamkari-banglore-silk-colour-CB90060,https://lh3.googleusercontent.com/d/=w1200,in_stock,9000 INR,Kailash Kalamkari,new,2271,Apparel & Accessories > Clothing > Traditional Clothing > Pen Kalamkari Sarees
CB90061,Kailash Kalamkari Srikalahasthi Pen Kalamkari Hand-Painted Banglore Silk Colour Saree - CB90061,Authentic hand-painted Srikalahasthi (Srikalahasti) Pen Kalamkari Banglore Silk Colour Saree (Code: CB90061). 100% natural organic vegetable dyes hand-drawn using traditional tamarind twig pens directly from Kailash Kalamkari master artisans since 1984.,https://www.kailash-kalamkari.com/?department=saree&product=srikalahasthi-pen-kalamkari-banglore-silk-colour-CB90061,https://lh3.googleusercontent.com/d/=w1200,in_stock,9000 INR,Kailash Kalamkari,new,2271,Apparel & Accessories > Clothing > Traditional Clothing > Pen Kalamkari Sarees
CB90062,Kailash Kalamkari Srikalahasthi Pen Kalamkari Hand-Painted Banglore Silk Colour Saree - CB90062,Authentic hand-painted Srikalahasthi (Srikalahasti) Pen Kalamkari Banglore Silk Colour Saree (Code: CB90062). 100% natural organic vegetable dyes hand-drawn using traditional tamarind twig pens directly from Kailash Kalamkari master artisans since 1984.,https://www.kailash-kalamkari.com/?department=saree&product=srikalahasthi-pen-kalamkari-banglore-silk-colour-CB90062,https://lh3.googleusercontent.com/d/=w1200,in_stock,9000 INR,Kailash Kalamkari,new,2271,Apparel & Accessories > Clothing > Traditional Clothing > Pen Kalamkari Sarees
CB85182,Kailash Kalamkari Srikalahasthi Pen Kalamkari Hand-Painted Banglore Silk Colour Saree - CB85182,Authentic hand-painted Srikalahasthi (Srikalahasti) Pen Kalamkari Banglore Silk Colour Saree (Code: CB85182). 100% natural organic vegetable dyes hand-drawn using traditional tamarind twig pens directly from Kailash Kalamkari master artisans since 1984.,https://www.kailash-kalamkari.com/?department=saree&product=srikalahasthi-pen-kalamkari-banglore-silk-colour-CB85182,https://lh3.googleusercontent.com/d/=w1200,in_stock,8500 INR,Kailash Kalamkari,new,2271,Apparel & Accessories > Clothing > Traditional Clothing > Pen Kalamkari Sarees
CB85178,Kailash Kalamkari Srikalahasthi Pen Kalamkari Hand-Painted Banglore Silk Colour Saree - CB85178,Authentic hand-painted Srikalahasthi (Srikalahasti) Pen Kalamkari Banglore Silk Colour Saree (Code: CB85178). 100% natural organic vegetable dyes hand-drawn using traditional tamarind twig pens directly from Kailash Kalamkari master artisans since 1984.,https://www.kailash-kalamkari.com/?department=saree&product=srikalahasthi-pen-kalamkari-banglore-silk-colour-CB85178,https://lh3.googleusercontent.com/d/=w1200,in_stock,8500 INR,Kailash Kalamkari,new,2271,Apparel & Accessories > Clothing > Traditional Clothing > Pen Kalamkari Sarees
CB85179,Kailash Kalamkari Srikalahasthi Pen Kalamkari Hand-Painted Banglore Silk Colour Saree - CB85179,Authentic hand-painted Srikalahasthi (Srikalahasti) Pen Kalamkari Banglore Silk Colour Saree (Code: CB85179). 100% natural organic vegetable dyes hand-drawn using traditional tamarind twig pens directly from Kailash Kalamkari master artisans since 1984.,https://www.kailash-kalamkari.com/?department=saree&product=srikalahasthi-pen-kalamkari-banglore-silk-colour-CB85179,https://lh3.googleusercontent.com/d/=w1200,in_stock,8500 INR,Kailash Kalamkari,new,2271,Apparel & Accessories > Clothing > Traditional Clothing > Pen Kalamkari Sarees
CB85180,Kailash Kalamkari Srikalahasthi Pen Kalamkari Hand-Painted Banglore Silk Colour Saree - CB85180,Authentic hand-painted Srikalahasthi (Srikalahasti) Pen Kalamkari Banglore Silk Colour Saree (Code: CB85180). 100% natural organic vegetable dyes hand-drawn using traditional tamarind twig pens directly from Kailash Kalamkari master artisans since 1984.,https://www.kailash-kalamkari.com/?department=saree&product=srikalahasthi-pen-kalamkari-banglore-silk-colour-CB85180,https://lh3.googleusercontent.com/d/=w1200,in_stock,8500 INR,Kailash Kalamkari,new,2271,Apparel & Accessories > Clothing > Traditional Clothing > Pen Kalamkari Sarees
CB85181,Kailash Kalamkari Srikalahasthi Pen Kalamkari Hand-Painted Banglore Silk Colour Saree - CB85181,Authentic hand-painted Srikalahasthi (Srikalahasti) Pen Kalamkari Banglore Silk Colour Saree (Code: CB85181). 100% natural organic vegetable dyes hand-drawn using traditional tamarind twig pens directly from Kailash Kalamkari master artisans since 1984.,https://www.kailash-kalamkari.com/?department=saree&product=srikalahasthi-pen-kalamkari-banglore-silk-colour-CB85181,https://lh3.googleusercontent.com/d/=w1200,in_stock,8500 INR,Kailash Kalamkari,new,2271,Apparel & Accessories > Clothing > Traditional Clothing > Pen Kalamkari Sarees
CB85130,Kailash Kalamkari Srikalahasthi Pen Kalamkari Hand-Painted Banglore Silk Colour Saree - CB85130,Authentic hand-painted Srikalahasthi (Srikalahasti) Pen Kalamkari Banglore Silk Colour Saree (Code: CB85130). 100% natural organic vegetable dyes hand-drawn using traditional tamarind twig pens directly from Kailash Kalamkari master artisans since 1984.,https://www.kailash-kalamkari.com/?department=saree&product=srikalahasthi-pen-kalamkari-banglore-silk-colour-CB85130,https://lh3.googleusercontent.com/d/=w1200,in_stock,8500 INR,Kailash Kalamkari,new,2271,Apparel & Accessories > Clothing > Traditional Clothing > Pen Kalamkari Sarees
CB85131,Kailash Kalamkari Srikalahasthi Pen Kalamkari Hand-Painted Banglore Silk Colour Saree - CB85131,Authentic hand-painted Srikalahasthi (Srikalahasti) Pen Kalamkari Banglore Silk Colour Saree (Code: CB85131). 100% natural organic vegetable dyes hand-drawn using traditional tamarind twig pens directly from Kailash Kalamkari master artisans since 1984.,https://www.kailash-kalamkari.com/?department=saree&product=srikalahasthi-pen-kalamkari-banglore-silk-colour-CB85131,https://lh3.googleusercontent.com/d/=w1200,in_stock,8500 INR,Kailash Kalamkari,new,2271,Apparel & Accessories > Clothing > Traditional Clothing > Pen Kalamkari Sarees
CB85132,Kailash Kalamkari Srikalahasthi Pen Kalamkari Hand-Painted Banglore Silk Colour Saree - CB85132,Authentic hand-painted Srikalahasthi (Srikalahasti) Pen Kalamkari Banglore Silk Colour Saree (Code: CB85132). 100% natural organic vegetable dyes hand-drawn using traditional tamarind twig pens directly from Kailash Kalamkari master artisans since 1984.,https://www.kailash-kalamkari.com/?department=saree&product=srikalahasthi-pen-kalamkari-banglore-silk-colour-CB85132,https://lh3.googleusercontent.com/d/=w1200,in_stock,8500 INR,Kailash Kalamkari,new,2271,Apparel & Accessories > Clothing > Traditional Clothing > Pen Kalamkari Sarees
CB85170,Kailash Kalamkari Srikalahasthi Pen Kalamkari Hand-Painted Banglore Silk Colour Saree - CB85170,Authentic hand-painted Srikalahasthi (Srikalahasti) Pen Kalamkari Banglore Silk Colour Saree (Code: CB85170). 100% natural organic vegetable dyes hand-drawn using traditional tamarind twig pens directly from Kailash Kalamkari master artisans since 1984.,https://www.kailash-kalamkari.com/?department=saree&product=srikalahasthi-pen-kalamkari-banglore-silk-colour-CB85170,https://lh3.googleusercontent.com/d/=w1200,in_stock,8500 INR,Kailash Kalamkari,new,2271,Apparel & Accessories > Clothing > Traditional Clothing > Pen Kalamkari Sarees
CB85133,Kailash Kalamkari Srikalahasthi Pen Kalamkari Hand-Painted Banglore Silk Colour Saree - CB85133,Authentic hand-painted Srikalahasthi (Srikalahasti) Pen Kalamkari Banglore Silk Colour Saree (Code: CB85133). 100% natural organic vegetable dyes hand-drawn using traditional tamarind twig pens directly from Kailash Kalamkari master artisans since 1984.,https://www.kailash-kalamkari.com/?department=saree&product=srikalahasthi-pen-kalamkari-banglore-silk-colour-CB85133,https://lh3.googleusercontent.com/d/=w1200,in_stock,8500 INR,Kailash Kalamkari,new,2271,Apparel & Accessories > Clothing > Traditional Clothing > Pen Kalamkari Sarees
CB85134,Kailash Kalamkari Srikalahasthi Pen Kalamkari Hand-Painted Banglore Silk Colour Saree - CB85134,Authentic hand-painted Srikalahasthi (Srikalahasti) Pen Kalamkari Banglore Silk Colour Saree (Code: CB85134). 100% natural organic vegetable dyes hand-drawn using traditional tamarind twig pens directly from Kailash Kalamkari master artisans since 1984.,https://www.kailash-kalamkari.com/?department=saree&product=srikalahasthi-pen-kalamkari-banglore-silk-colour-CB85134,https://lh3.googleusercontent.com/d/=w1200,in_stock,8500 INR,Kailash Kalamkari,new,2271,Apparel & Accessories > Clothing > Traditional Clothing > Pen Kalamkari Sarees
CB85135,Kailash Kalamkari Srikalahasthi Pen Kalamkari Hand-Painted Banglore Silk Colour Saree - CB85135,Authentic hand-painted Srikalahasthi (Srikalahasti) Pen Kalamkari Banglore Silk Colour Saree (Code: CB85135). 100% natural organic vegetable dyes hand-drawn using traditional tamarind twig pens directly from Kailash Kalamkari master artisans since 1984.,https://www.kailash-kalamkari.com/?department=saree&product=srikalahasthi-pen-kalamkari-banglore-silk-colour-CB85135,https://lh3.googleusercontent.com/d/=w1200,in_stock,8500 INR,Kailash Kalamkari,new,2271,Apparel & Accessories > Clothing > Traditional Clothing > Pen Kalamkari Sarees
CB85136,Kailash Kalamkari Srikalahasthi Pen Kalamkari Hand-Painted Banglore Silk Colour Saree - CB85136,Authentic hand-painted Srikalahasthi (Srikalahasti) Pen Kalamkari Banglore Silk Colour Saree (Code: CB85136). 100% natural organic vegetable dyes hand-drawn using traditional tamarind twig pens directly from Kailash Kalamkari master artisans since 1984.,https://www.kailash-kalamkari.com/?department=saree&product=srikalahasthi-pen-kalamkari-banglore-silk-colour-CB85136,https://lh3.googleusercontent.com/d/=w1200,in_stock,8500 INR,Kailash Kalamkari,new,2271,Apparel & Accessories > Clothing > Traditional Clothing > Pen Kalamkari Sarees
CB85137,Kailash Kalamkari Srikalahasthi Pen Kalamkari Hand-Painted Banglore Silk Colour Saree - CB85137,Authentic hand-painted Srikalahasthi (Srikalahasti) Pen Kalamkari Banglore Silk Colour Saree (Code: CB85137). 100% natural organic vegetable dyes hand-drawn using traditional tamarind twig pens directly from Kailash Kalamkari master artisans since 1984.,https://www.kailash-kalamkari.com/?department=saree&product=srikalahasthi-pen-kalamkari-banglore-silk-colour-CB85137,https://lh3.googleusercontent.com/d/=w1200,in_stock,8500 INR,Kailash Kalamkari,new,2271,Apparel & Accessories > Clothing > Traditional Clothing > Pen Kalamkari Sarees
CB85139,Kailash Kalamkari Srikalahasthi Pen Kalamkari Hand-Painted Banglore Silk Colour Saree - CB85139,Authentic hand-painted Srikalahasthi (Srikalahasti) Pen Kalamkari Banglore Silk Colour Saree (Code: CB85139). 100% natural organic vegetable dyes hand-drawn using traditional tamarind twig pens directly from Kailash Kalamkari master artisans since 1984.,https://www.kailash-kalamkari.com/?department=saree&product=srikalahasthi-pen-kalamkari-banglore-silk-colour-CB85139,https://lh3.googleusercontent.com/d/=w1200,in_stock,8500 INR,Kailash Kalamkari,new,2271,Apparel & Accessories > Clothing > Traditional Clothing > Pen Kalamkari Sarees
CB85140,Kailash Kalamkari Srikalahasthi Pen Kalamkari Hand-Painted Banglore Silk Colour Saree - CB85140,Authentic hand-painted Srikalahasthi (Srikalahasti) Pen Kalamkari Banglore Silk Colour Saree (Code: CB85140). 100% natural organic vegetable dyes hand-drawn using traditional tamarind twig pens directly from Kailash Kalamkari master artisans since 1984.,https://www.kailash-kalamkari.com/?department=saree&product=srikalahasthi-pen-kalamkari-banglore-silk-colour-CB85140,https://lh3.googleusercontent.com/d/=w1200,in_stock,8500 INR,Kailash Kalamkari,new,2271,Apparel & Accessories > Clothing > Traditional Clothing > Pen Kalamkari Sarees
CB85141,Kailash Kalamkari Srikalahasthi Pen Kalamkari Hand-Painted Banglore Silk Colour Saree - CB85141,Authentic hand-painted Srikalahasthi (Srikalahasti) Pen Kalamkari Banglore Silk Colour Saree (Code: CB85141). 100% natural organic vegetable dyes hand-drawn using traditional tamarind twig pens directly from Kailash Kalamkari master artisans since 1984.,https://www.kailash-kalamkari.com/?department=saree&product=srikalahasthi-pen-kalamkari-banglore-silk-colour-CB85141,https://lh3.googleusercontent.com/d/=w1200,in_stock,8500 INR,Kailash Kalamkari,new,2271,Apparel & Accessories > Clothing > Traditional Clothing > Pen Kalamkari Sarees
CB85142,Kailash Kalamkari Srikalahasthi Pen Kalamkari Hand-Painted Banglore Silk Colour Saree - CB85142,Authentic hand-painted Srikalahasthi (Srikalahasti) Pen Kalamkari Banglore Silk Colour Saree (Code: CB85142). 100% natural organic vegetable dyes hand-drawn using traditional tamarind twig pens directly from Kailash Kalamkari master artisans since 1984.,https://www.kailash-kalamkari.com/?department=saree&product=srikalahasthi-pen-kalamkari-banglore-silk-colour-CB85142,https://lh3.googleusercontent.com/d/=w1200,in_stock,8500 INR,Kailash Kalamkari,new,2271,Apparel & Accessories > Clothing > Traditional Clothing > Pen Kalamkari Sarees
CB85143,Kailash Kalamkari Srikalahasthi Pen Kalamkari Hand-Painted Banglore Silk Colour Saree - CB85143,Authentic hand-painted Srikalahasthi (Srikalahasti) Pen Kalamkari Banglore Silk Colour Saree (Code: CB85143). 100% natural organic vegetable dyes hand-drawn using traditional tamarind twig pens directly from Kailash Kalamkari master artisans since 1984.,https://www.kailash-kalamkari.com/?department=saree&product=srikalahasthi-pen-kalamkari-banglore-silk-colour-CB85143,https://lh3.googleusercontent.com/d/=w1200,in_stock,8500 INR,Kailash Kalamkari,new,2271,Apparel & Accessories > Clothing > Traditional Clothing > Pen Kalamkari Sarees
CB85144,Kailash Kalamkari Srikalahasthi Pen Kalamkari Hand-Painted Banglore Silk Colour Saree - CB85144,Authentic hand-painted Srikalahasthi (Srikalahasti) Pen Kalamkari Banglore Silk Colour Saree (Code: CB85144). 100% natural organic vegetable dyes hand-drawn using traditional tamarind twig pens directly from Kailash Kalamkari master artisans since 1984.,https://www.kailash-kalamkari.com/?department=saree&product=srikalahasthi-pen-kalamkari-banglore-silk-colour-CB85144,https://lh3.googleusercontent.com/d/=w1200,in_stock,8500 INR,Kailash Kalamkari,new,2271,Apparel & Accessories > Clothing > Traditional Clothing > Pen Kalamkari Sarees
CB85145,Kailash Kalamkari Srikalahasthi Pen Kalamkari Hand-Painted Banglore Silk Colour Saree - CB85145,Authentic hand-painted Srikalahasthi (Srikalahasti) Pen Kalamkari Banglore Silk Colour Saree (Code: CB85145). 100% natural organic vegetable dyes hand-drawn using traditional tamarind twig pens directly from Kailash Kalamkari master artisans since 1984.,https://www.kailash-kalamkari.com/?department=saree&product=srikalahasthi-pen-kalamkari-banglore-silk-colour-CB85145,https://lh3.googleusercontent.com/d/=w1200,in_stock,8500 INR,Kailash Kalamkari,new,2271,Apparel & Accessories > Clothing > Traditional Clothing > Pen Kalamkari Sarees
CB85146,Kailash Kalamkari Srikalahasthi Pen Kalamkari Hand-Painted Banglore Silk Colour Saree - CB85146,Authentic hand-painted Srikalahasthi (Srikalahasti) Pen Kalamkari Banglore Silk Colour Saree (Code: CB85146). 100% natural organic vegetable dyes hand-drawn using traditional tamarind twig pens directly from Kailash Kalamkari master artisans since 1984.,https://www.kailash-kalamkari.com/?department=saree&product=srikalahasthi-pen-kalamkari-banglore-silk-colour-CB85146,https://lh3.googleusercontent.com/d/=w1200,in_stock,8500 INR,Kailash Kalamkari,new,2271,Apparel & Accessories > Clothing > Traditional Clothing > Pen Kalamkari Sarees
CB85147,Kailash Kalamkari Srikalahasthi Pen Kalamkari Hand-Painted Banglore Silk Colour Saree - CB85147,Authentic hand-painted Srikalahasthi (Srikalahasti) Pen Kalamkari Banglore Silk Colour Saree (Code: CB85147). 100% natural organic vegetable dyes hand-drawn using traditional tamarind twig pens directly from Kailash Kalamkari master artisans since 1984.,https://www.kailash-kalamkari.com/?department=saree&product=srikalahasthi-pen-kalamkari-banglore-silk-colour-CB85147,https://lh3.googleusercontent.com/d/=w1200,in_stock,8500 INR,Kailash Kalamkari,new,2271,Apparel & Accessories > Clothing > Traditional Clothing > Pen Kalamkari Sarees
CB85148,Kailash Kalamkari Srikalahasthi Pen Kalamkari Hand-Painted Banglore Silk Colour Saree - CB85148,Authentic hand-painted Srikalahasthi (Srikalahasti) Pen Kalamkari Banglore Silk Colour Saree (Code: CB85148). 100% natural organic vegetable dyes hand-drawn using traditional tamarind twig pens directly from Kailash Kalamkari master artisans since 1984.,https://www.kailash-kalamkari.com/?department=saree&product=srikalahasthi-pen-kalamkari-banglore-silk-colour-CB85148,https://lh3.googleusercontent.com/d/=w1200,in_stock,8500 INR,Kailash Kalamkari,new,2271,Apparel & Accessories > Clothing > Traditional Clothing > Pen Kalamkari Sarees
CB85171,Kailash Kalamkari Srikalahasthi Pen Kalamkari Hand-Painted Banglore Silk Colour Saree - CB85171,Authentic hand-painted Srikalahasthi (Srikalahasti) Pen Kalamkari Banglore Silk Colour Saree (Code: CB85171). 100% natural organic vegetable dyes hand-drawn using traditional tamarind twig pens directly from Kailash Kalamkari master artisans since 1984.,https://www.kailash-kalamkari.com/?department=saree&product=srikalahasthi-pen-kalamkari-banglore-silk-colour-CB85171,https://lh3.googleusercontent.com/d/=w1200,in_stock,8500 INR,Kailash Kalamkari,new,2271,Apparel & Accessories > Clothing > Traditional Clothing > Pen Kalamkari Sarees
CB85149,Kailash Kalamkari Srikalahasthi Pen Kalamkari Hand-Painted Banglore Silk Colour Saree - CB85149,Authentic hand-painted Srikalahasthi (Srikalahasti) Pen Kalamkari Banglore Silk Colour Saree (Code: CB85149). 100% natural organic vegetable dyes hand-drawn using traditional tamarind twig pens directly from Kailash Kalamkari master artisans since 1984.,https://www.kailash-kalamkari.com/?department=saree&product=srikalahasthi-pen-kalamkari-banglore-silk-colour-CB85149,https://lh3.googleusercontent.com/d/=w1200,in_stock,8500 INR,Kailash Kalamkari,new,2271,Apparel & Accessories > Clothing > Traditional Clothing > Pen Kalamkari Sarees
CB85172,Kailash Kalamkari Srikalahasthi Pen Kalamkari Hand-Painted Banglore Silk Colour Saree - CB85172,Authentic hand-painted Srikalahasthi (Srikalahasti) Pen Kalamkari Banglore Silk Colour Saree (Code: CB85172). 100% natural organic vegetable dyes hand-drawn using traditional tamarind twig pens directly from Kailash Kalamkari master artisans since 1984.,https://www.kailash-kalamkari.com/?department=saree&product=srikalahasthi-pen-kalamkari-banglore-silk-colour-CB85172,https://lh3.googleusercontent.com/d/=w1200,in_stock,8500 INR,Kailash Kalamkari,new,2271,Apparel & Accessories > Clothing > Traditional Clothing > Pen Kalamkari Sarees
CB85150,Kailash Kalamkari Srikalahasthi Pen Kalamkari Hand-Painted Banglore Silk Colour Saree - CB85150,Authentic hand-painted Srikalahasthi (Srikalahasti) Pen Kalamkari Banglore Silk Colour Saree (Code: CB85150). 100% natural organic vegetable dyes hand-drawn using traditional tamarind twig pens directly from Kailash Kalamkari master artisans since 1984.,https://www.kailash-kalamkari.com/?department=saree&product=srikalahasthi-pen-kalamkari-banglore-silk-colour-CB85150,https://lh3.googleusercontent.com/d/=w1200,in_stock,8500 INR,Kailash Kalamkari,new,2271,Apparel & Accessories > Clothing > Traditional Clothing > Pen Kalamkari Sarees
CB85173,Kailash Kalamkari Srikalahasthi Pen Kalamkari Hand-Painted Banglore Silk Colour Saree - CB85173,Authentic hand-painted Srikalahasthi (Srikalahasti) Pen Kalamkari Banglore Silk Colour Saree (Code: CB85173). 100% natural organic vegetable dyes hand-drawn using traditional tamarind twig pens directly from Kailash Kalamkari master artisans since 1984.,https://www.kailash-kalamkari.com/?department=saree&product=srikalahasthi-pen-kalamkari-banglore-silk-colour-CB85173,https://lh3.googleusercontent.com/d/=w1200,in_stock,8500 INR,Kailash Kalamkari,new,2271,Apparel & Accessories > Clothing > Traditional Clothing > Pen Kalamkari Sarees
CB85151,Kailash Kalamkari Srikalahasthi Pen Kalamkari Hand-Painted Banglore Silk Colour Saree - CB85151,Authentic hand-painted Srikalahasthi (Srikalahasti) Pen Kalamkari Banglore Silk Colour Saree (Code: CB85151). 100% natural organic vegetable dyes hand-drawn using traditional tamarind twig pens directly from Kailash Kalamkari master artisans since 1984.,https://www.kailash-kalamkari.com/?department=saree&product=srikalahasthi-pen-kalamkari-banglore-silk-colour-CB85151,https://lh3.googleusercontent.com/d/=w1200,in_stock,8500 INR,Kailash Kalamkari,new,2271,Apparel & Accessories > Clothing > Traditional Clothing > Pen Kalamkari Sarees
CB85152,Kailash Kalamkari Srikalahasthi Pen Kalamkari Hand-Painted Banglore Silk Colour Saree - CB85152,Authentic hand-painted Srikalahasthi (Srikalahasti) Pen Kalamkari Banglore Silk Colour Saree (Code: CB85152). 100% natural organic vegetable dyes hand-drawn using traditional tamarind twig pens directly from Kailash Kalamkari master artisans since 1984.,https://www.kailash-kalamkari.com/?department=saree&product=srikalahasthi-pen-kalamkari-banglore-silk-colour-CB85152,https://lh3.googleusercontent.com/d/=w1200,in_stock,8500 INR,Kailash Kalamkari,new,2271,Apparel & Accessories > Clothing > Traditional Clothing > Pen Kalamkari Sarees
CB85153,Kailash Kalamkari Srikalahasthi Pen Kalamkari Hand-Painted Banglore Silk Colour Saree - CB85153,Authentic hand-painted Srikalahasthi (Srikalahasti) Pen Kalamkari Banglore Silk Colour Saree (Code: CB85153). 100% natural organic vegetable dyes hand-drawn using traditional tamarind twig pens directly from Kailash Kalamkari master artisans since 1984.,https://www.kailash-kalamkari.com/?department=saree&product=srikalahasthi-pen-kalamkari-banglore-silk-colour-CB85153,https://lh3.googleusercontent.com/d/=w1200,in_stock,8500 INR,Kailash Kalamkari,new,2271,Apparel & Accessories > Clothing > Traditional Clothing > Pen Kalamkari Sarees
CB85154,Kailash Kalamkari Srikalahasthi Pen Kalamkari Hand-Painted Banglore Silk Colour Saree - CB85154,Authentic hand-painted Srikalahasthi (Srikalahasti) Pen Kalamkari Banglore Silk Colour Saree (Code: CB85154). 100% natural organic vegetable dyes hand-drawn using traditional tamarind twig pens directly from Kailash Kalamkari master artisans since 1984.,https://www.kailash-kalamkari.com/?department=saree&product=srikalahasthi-pen-kalamkari-banglore-silk-colour-CB85154,https://lh3.googleusercontent.com/d/=w1200,in_stock,8500 INR,Kailash Kalamkari,new,2271,Apparel & Accessories > Clothing > Traditional Clothing > Pen Kalamkari Sarees
CB85156,Kailash Kalamkari Srikalahasthi Pen Kalamkari Hand-Painted Banglore Silk Colour Saree - CB85156,Authentic hand-painted Srikalahasthi (Srikalahasti) Pen Kalamkari Banglore Silk Colour Saree (Code: CB85156). 100% natural organic vegetable dyes hand-drawn using traditional tamarind twig pens directly from Kailash Kalamkari master artisans since 1984.,https://www.kailash-kalamkari.com/?department=saree&product=srikalahasthi-pen-kalamkari-banglore-silk-colour-CB85156,https://lh3.googleusercontent.com/d/=w1200,in_stock,8500 INR,Kailash Kalamkari,new,2271,Apparel & Accessories > Clothing > Traditional Clothing > Pen Kalamkari Sarees
CB85174,Kailash Kalamkari Srikalahasthi Pen Kalamkari Hand-Painted Banglore Silk Colour Saree - CB85174,Authentic hand-painted Srikalahasthi (Srikalahasti) Pen Kalamkari Banglore Silk Colour Saree (Code: CB85174). 100% natural organic vegetable dyes hand-drawn using traditional tamarind twig pens directly from Kailash Kalamkari master artisans since 1984.,https://www.kailash-kalamkari.com/?department=saree&product=srikalahasthi-pen-kalamkari-banglore-silk-colour-CB85174,https://lh3.googleusercontent.com/d/=w1200,in_stock,8500 INR,Kailash Kalamkari,new,2271,Apparel & Accessories > Clothing > Traditional Clothing > Pen Kalamkari Sarees
CB85157,Kailash Kalamkari Srikalahasthi Pen Kalamkari Hand-Painted Banglore Silk Colour Saree - CB85157,Authentic hand-painted Srikalahasthi (Srikalahasti) Pen Kalamkari Banglore Silk Colour Saree (Code: CB85157). 100% natural organic vegetable dyes hand-drawn using traditional tamarind twig pens directly from Kailash Kalamkari master artisans since 1984.,https://www.kailash-kalamkari.com/?department=saree&product=srikalahasthi-pen-kalamkari-banglore-silk-colour-CB85157,https://lh3.googleusercontent.com/d/=w1200,in_stock,8500 INR,Kailash Kalamkari,new,2271,Apparel & Accessories > Clothing > Traditional Clothing > Pen Kalamkari Sarees
CB85158,Kailash Kalamkari Srikalahasthi Pen Kalamkari Hand-Painted Banglore Silk Colour Saree - CB85158,Authentic hand-painted Srikalahasthi (Srikalahasti) Pen Kalamkari Banglore Silk Colour Saree (Code: CB85158). 100% natural organic vegetable dyes hand-drawn using traditional tamarind twig pens directly from Kailash Kalamkari master artisans since 1984.,https://www.kailash-kalamkari.com/?department=saree&product=srikalahasthi-pen-kalamkari-banglore-silk-colour-CB85158,https://lh3.googleusercontent.com/d/=w1200,in_stock,8500 INR,Kailash Kalamkari,new,2271,Apparel & Accessories > Clothing > Traditional Clothing > Pen Kalamkari Sarees
CB85159,Kailash Kalamkari Srikalahasthi Pen Kalamkari Hand-Painted Banglore Silk Colour Saree - CB85159,Authentic hand-painted Srikalahasthi (Srikalahasti) Pen Kalamkari Banglore Silk Colour Saree (Code: CB85159). 100% natural organic vegetable dyes hand-drawn using traditional tamarind twig pens directly from Kailash Kalamkari master artisans since 1984.,https://www.kailash-kalamkari.com/?department=saree&product=srikalahasthi-pen-kalamkari-banglore-silk-colour-CB85159,https://lh3.googleusercontent.com/d/=w1200,in_stock,8500 INR,Kailash Kalamkari,new,2271,Apparel & Accessories > Clothing > Traditional Clothing > Pen Kalamkari Sarees
CB85160,Kailash Kalamkari Srikalahasthi Pen Kalamkari Hand-Painted Banglore Silk Colour Saree - CB85160,Authentic hand-painted Srikalahasthi (Srikalahasti) Pen Kalamkari Banglore Silk Colour Saree (Code: CB85160). 100% natural organic vegetable dyes hand-drawn using traditional tamarind twig pens directly from Kailash Kalamkari master artisans since 1984.,https://www.kailash-kalamkari.com/?department=saree&product=srikalahasthi-pen-kalamkari-banglore-silk-colour-CB85160,https://lh3.googleusercontent.com/d/=w1200,in_stock,8500 INR,Kailash Kalamkari,new,2271,Apparel & Accessories > Clothing > Traditional Clothing > Pen Kalamkari Sarees
CB85161,Kailash Kalamkari Srikalahasthi Pen Kalamkari Hand-Painted Banglore Silk Colour Saree - CB85161,Authentic hand-painted Srikalahasthi (Srikalahasti) Pen Kalamkari Banglore Silk Colour Saree (Code: CB85161). 100% natural organic vegetable dyes hand-drawn using traditional tamarind twig pens directly from Kailash Kalamkari master artisans since 1984.,https://www.kailash-kalamkari.com/?department=saree&product=srikalahasthi-pen-kalamkari-banglore-silk-colour-CB85161,https://lh3.googleusercontent.com/d/=w1200,in_stock,8500 INR,Kailash Kalamkari,new,2271,Apparel & Accessories > Clothing > Traditional Clothing > Pen Kalamkari Sarees
CB85162,Kailash Kalamkari Srikalahasthi Pen Kalamkari Hand-Painted Banglore Silk Colour Saree - CB85162,Authentic hand-painted Srikalahasthi (Srikalahasti) Pen Kalamkari Banglore Silk Colour Saree (Code: CB85162). 100% natural organic vegetable dyes hand-drawn using traditional tamarind twig pens directly from Kailash Kalamkari master artisans since 1984.,https://www.kailash-kalamkari.com/?department=saree&product=srikalahasthi-pen-kalamkari-banglore-silk-colour-CB85162,https://lh3.googleusercontent.com/d/=w1200,in_stock,8500 INR,Kailash Kalamkari,new,2271,Apparel & Accessories > Clothing > Traditional Clothing > Pen Kalamkari Sarees
CB85163,Kailash Kalamkari Srikalahasthi Pen Kalamkari Hand-Painted Banglore Silk Colour Saree - CB85163,Authentic hand-painted Srikalahasthi (Srikalahasti) Pen Kalamkari Banglore Silk Colour Saree (Code: CB85163). 100% natural organic vegetable dyes hand-drawn using traditional tamarind twig pens directly from Kailash Kalamkari master artisans since 1984.,https://www.kailash-kalamkari.com/?department=saree&product=srikalahasthi-pen-kalamkari-banglore-silk-colour-CB85163,https://lh3.googleusercontent.com/d/=w1200,in_stock,8500 INR,Kailash Kalamkari,new,2271,Apparel & Accessories > Clothing > Traditional Clothing > Pen Kalamkari Sarees
CB85175,Kailash Kalamkari Srikalahasthi Pen Kalamkari Hand-Painted Banglore Silk Colour Saree - CB85175,Authentic hand-painted Srikalahasthi (Srikalahasti) Pen Kalamkari Banglore Silk Colour Saree (Code: CB85175). 100% natural organic vegetable dyes hand-drawn using traditional tamarind twig pens directly from Kailash Kalamkari master artisans since 1984.,https://www.kailash-kalamkari.com/?department=saree&product=srikalahasthi-pen-kalamkari-banglore-silk-colour-CB85175,https://lh3.googleusercontent.com/d/=w1200,in_stock,8500 INR,Kailash Kalamkari,new,2271,Apparel & Accessories > Clothing > Traditional Clothing > Pen Kalamkari Sarees
CB85164,Kailash Kalamkari Srikalahasthi Pen Kalamkari Hand-Painted Banglore Silk Colour Saree - CB85164,Authentic hand-painted Srikalahasthi (Srikalahasti) Pen Kalamkari Banglore Silk Colour Saree (Code: CB85164). 100% natural organic vegetable dyes hand-drawn using traditional tamarind twig pens directly from Kailash Kalamkari master artisans since 1984.,https://www.kailash-kalamkari.com/?department=saree&product=srikalahasthi-pen-kalamkari-banglore-silk-colour-CB85164,https://lh3.googleusercontent.com/d/=w1200,in_stock,8500 INR,Kailash Kalamkari,new,2271,Apparel & Accessories > Clothing > Traditional Clothing > Pen Kalamkari Sarees
CB85165,Kailash Kalamkari Srikalahasthi Pen Kalamkari Hand-Painted Banglore Silk Colour Saree - CB85165,Authentic hand-painted Srikalahasthi (Srikalahasti) Pen Kalamkari Banglore Silk Colour Saree (Code: CB85165). 100% natural organic vegetable dyes hand-drawn using traditional tamarind twig pens directly from Kailash Kalamkari master artisans since 1984.,https://www.kailash-kalamkari.com/?department=saree&product=srikalahasthi-pen-kalamkari-banglore-silk-colour-CB85165,https://lh3.googleusercontent.com/d/=w1200,in_stock,8500 INR,Kailash Kalamkari,new,2271,Apparel & Accessories > Clothing > Traditional Clothing > Pen Kalamkari Sarees
CB85176,Kailash Kalamkari Srikalahasthi Pen Kalamkari Hand-Painted Banglore Silk Colour Saree - CB85176,Authentic hand-painted Srikalahasthi (Srikalahasti) Pen Kalamkari Banglore Silk Colour Saree (Code: CB85176). 100% natural organic vegetable dyes hand-drawn using traditional tamarind twig pens directly from Kailash Kalamkari master artisans since 1984.,https://www.kailash-kalamkari.com/?department=saree&product=srikalahasthi-pen-kalamkari-banglore-silk-colour-CB85176,https://lh3.googleusercontent.com/d/=w1200,in_stock,8500 INR,Kailash Kalamkari,new,2271,Apparel & Accessories > Clothing > Traditional Clothing > Pen Kalamkari Sarees
CB85166,Kailash Kalamkari Srikalahasthi Pen Kalamkari Hand-Painted Banglore Silk Colour Saree - CB85166,Authentic hand-painted Srikalahasthi (Srikalahasti) Pen Kalamkari Banglore Silk Colour Saree (Code: CB85166). 100% natural organic vegetable dyes hand-drawn using traditional tamarind twig pens directly from Kailash Kalamkari master artisans since 1984.,https://www.kailash-kalamkari.com/?department=saree&product=srikalahasthi-pen-kalamkari-banglore-silk-colour-CB85166,https://lh3.googleusercontent.com/d/=w1200,in_stock,8500 INR,Kailash Kalamkari,new,2271,Apparel & Accessories > Clothing > Traditional Clothing > Pen Kalamkari Sarees
CB85167,Kailash Kalamkari Srikalahasthi Pen Kalamkari Hand-Painted Banglore Silk Colour Saree - CB85167,Authentic hand-painted Srikalahasthi (Srikalahasti) Pen Kalamkari Banglore Silk Colour Saree (Code: CB85167). 100% natural organic vegetable dyes hand-drawn using traditional tamarind twig pens directly from Kailash Kalamkari master artisans since 1984.,https://www.kailash-kalamkari.com/?department=saree&product=srikalahasthi-pen-kalamkari-banglore-silk-colour-CB85167,https://lh3.googleusercontent.com/d/=w1200,in_stock,8500 INR,Kailash Kalamkari,new,2271,Apparel & Accessories > Clothing > Traditional Clothing > Pen Kalamkari Sarees
CB85168,Kailash Kalamkari Srikalahasthi Pen Kalamkari Hand-Painted Banglore Silk Colour Saree - CB85168,Authentic hand-painted Srikalahasthi (Srikalahasti) Pen Kalamkari Banglore Silk Colour Saree (Code: CB85168). 100% natural organic vegetable dyes hand-drawn using traditional tamarind twig pens directly from Kailash Kalamkari master artisans since 1984.,https://www.kailash-kalamkari.com/?department=saree&product=srikalahasthi-pen-kalamkari-banglore-silk-colour-CB85168,https://lh3.googleusercontent.com/d/=w1200,in_stock,8500 INR,Kailash Kalamkari,new,2271,Apparel & Accessories > Clothing > Traditional Clothing > Pen Kalamkari Sarees
CB85169,Kailash Kalamkari Srikalahasthi Pen Kalamkari Hand-Painted Banglore Silk Colour Saree - CB85169,Authentic hand-painted Srikalahasthi (Srikalahasti) Pen Kalamkari Banglore Silk Colour Saree (Code: CB85169). 100% natural organic vegetable dyes hand-drawn using traditional tamarind twig pens directly from Kailash Kalamkari master artisans since 1984.,https://www.kailash-kalamkari.com/?department=saree&product=srikalahasthi-pen-kalamkari-banglore-silk-colour-CB85169,https://lh3.googleusercontent.com/d/=w1200,in_stock,8500 INR,Kailash Kalamkari,new,2271,Apparel & Accessories > Clothing > Traditional Clothing > Pen Kalamkari Sarees
CB85177,Kailash Kalamkari Srikalahasthi Pen Kalamkari Hand-Painted Banglore Silk Colour Saree - CB85177,Authentic hand-painted Srikalahasthi (Srikalahasti) Pen Kalamkari Banglore Silk Colour Saree (Code: CB85177). 100% natural organic vegetable dyes hand-drawn using traditional tamarind twig pens directly from Kailash Kalamkari master artisans since 1984.,https://www.kailash-kalamkari.com/?department=saree&product=srikalahasthi-pen-kalamkari-banglore-silk-colour-CB85177,https://lh3.googleusercontent.com/d/=w1200,in_stock,8500 INR,Kailash Kalamkari,new,2271,Apparel & Accessories > Clothing > Traditional Clothing > Pen Kalamkari Sarees
CCHE045,Kailash Kalamkari Srikalahasthi Pen Kalamkari Hand-Painted Chennuri Silk black&white Saree - CCHE045,Authentic hand-painted Srikalahasthi (Srikalahasti) Pen Kalamkari Chennuri Silk black&white Saree (Code: CCHE045). 100% natural organic vegetable dyes hand-drawn using traditional tamarind twig pens directly from Kailash Kalamkari master artisans since 1984.,https://www.kailash-kalamkari.com/?department=saree&product=srikalahasthi-pen-kalamkari-chennuri-silk-black-white-CCHE045,https://lh3.googleusercontent.com/d/=w1200,in_stock,3500 INR,Kailash Kalamkari,new,2271,Apparel & Accessories > Clothing > Traditional Clothing > Pen Kalamkari Sarees
CCHE026,Kailash Kalamkari Srikalahasthi Pen Kalamkari Hand-Painted Chennuri Silk black&white Saree - CCHE026,Authentic hand-painted Srikalahasthi (Srikalahasti) Pen Kalamkari Chennuri Silk black&white Saree (Code: CCHE026). 100% natural organic vegetable dyes hand-drawn using traditional tamarind twig pens directly from Kailash Kalamkari master artisans since 1984.,https://www.kailash-kalamkari.com/?department=saree&product=srikalahasthi-pen-kalamkari-chennuri-silk-black-white-CCHE026,https://lh3.googleusercontent.com/d/=w1200,in_stock,3500 INR,Kailash Kalamkari,new,2271,Apparel & Accessories > Clothing > Traditional Clothing > Pen Kalamkari Sarees
CCHE027,Kailash Kalamkari Srikalahasthi Pen Kalamkari Hand-Painted Chennuri Silk black&white Saree - CCHE027,Authentic hand-painted Srikalahasthi (Srikalahasti) Pen Kalamkari Chennuri Silk black&white Saree (Code: CCHE027). 100% natural organic vegetable dyes hand-drawn using traditional tamarind twig pens directly from Kailash Kalamkari master artisans since 1984.,https://www.kailash-kalamkari.com/?department=saree&product=srikalahasthi-pen-kalamkari-chennuri-silk-black-white-CCHE027,https://lh3.googleusercontent.com/d/=w1200,in_stock,3500 INR,Kailash Kalamkari,new,2271,Apparel & Accessories > Clothing > Traditional Clothing > Pen Kalamkari Sarees
CCHE029,Kailash Kalamkari Srikalahasthi Pen Kalamkari Hand-Painted Chennuri Silk black&white Saree - CCHE029,Authentic hand-painted Srikalahasthi (Srikalahasti) Pen Kalamkari Chennuri Silk black&white Saree (Code: CCHE029). 100% natural organic vegetable dyes hand-drawn using traditional tamarind twig pens directly from Kailash Kalamkari master artisans since 1984.,https://www.kailash-kalamkari.com/?department=saree&product=srikalahasthi-pen-kalamkari-chennuri-silk-black-white-CCHE029,https://lh3.googleusercontent.com/d/=w1200,in_stock,3500 INR,Kailash Kalamkari,new,2271,Apparel & Accessories > Clothing > Traditional Clothing > Pen Kalamkari Sarees
CCHE032,Kailash Kalamkari Srikalahasthi Pen Kalamkari Hand-Painted Chennuri Silk black&white Saree - CCHE032,Authentic hand-painted Srikalahasthi (Srikalahasti) Pen Kalamkari Chennuri Silk black&white Saree (Code: CCHE032). 100% natural organic vegetable dyes hand-drawn using traditional tamarind twig pens directly from Kailash Kalamkari master artisans since 1984.,https://www.kailash-kalamkari.com/?department=saree&product=srikalahasthi-pen-kalamkari-chennuri-silk-black-white-CCHE032,https://lh3.googleusercontent.com/d/=w1200,in_stock,3500 INR,Kailash Kalamkari,new,2271,Apparel & Accessories > Clothing > Traditional Clothing > Pen Kalamkari Sarees
CCHE033,Kailash Kalamkari Srikalahasthi Pen Kalamkari Hand-Painted Chennuri Silk black&white Saree - CCHE033,Authentic hand-painted Srikalahasthi (Srikalahasti) Pen Kalamkari Chennuri Silk black&white Saree (Code: CCHE033). 100% natural organic vegetable dyes hand-drawn using traditional tamarind twig pens directly from Kailash Kalamkari master artisans since 1984.,https://www.kailash-kalamkari.com/?department=saree&product=srikalahasthi-pen-kalamkari-chennuri-silk-black-white-CCHE033,https://lh3.googleusercontent.com/d/=w1200,in_stock,3500 INR,Kailash Kalamkari,new,2271,Apparel & Accessories > Clothing > Traditional Clothing > Pen Kalamkari Sarees
CCHE034,Kailash Kalamkari Srikalahasthi Pen Kalamkari Hand-Painted Chennuri Silk black&white Saree - CCHE034,Authentic hand-painted Srikalahasthi (Srikalahasti) Pen Kalamkari Chennuri Silk black&white Saree (Code: CCHE034). 100% natural organic vegetable dyes hand-drawn using traditional tamarind twig pens directly from Kailash Kalamkari master artisans since 1984.,https://www.kailash-kalamkari.com/?department=saree&product=srikalahasthi-pen-kalamkari-chennuri-silk-black-white-CCHE034,https://lh3.googleusercontent.com/d/=w1200,in_stock,3500 INR,Kailash Kalamkari,new,2271,Apparel & Accessories > Clothing > Traditional Clothing > Pen Kalamkari Sarees
CCHE035,Kailash Kalamkari Srikalahasthi Pen Kalamkari Hand-Painted Chennuri Silk black&white Saree - CCHE035,Authentic hand-painted Srikalahasthi (Srikalahasti) Pen Kalamkari Chennuri Silk black&white Saree (Code: CCHE035). 100% natural organic vegetable dyes hand-drawn using traditional tamarind twig pens directly from Kailash Kalamkari master artisans since 1984.,https://www.kailash-kalamkari.com/?department=saree&product=srikalahasthi-pen-kalamkari-chennuri-silk-black-white-CCHE035,https://lh3.googleusercontent.com/d/=w1200,in_stock,3500 INR,Kailash Kalamkari,new,2271,Apparel & Accessories > Clothing > Traditional Clothing > Pen Kalamkari Sarees
CCHE037,Kailash Kalamkari Srikalahasthi Pen Kalamkari Hand-Painted Chennuri Silk black&white Saree - CCHE037,Authentic hand-painted Srikalahasthi (Srikalahasti) Pen Kalamkari Chennuri Silk black&white Saree (Code: CCHE037). 100% natural organic vegetable dyes hand-drawn using traditional tamarind twig pens directly from Kailash Kalamkari master artisans since 1984.,https://www.kailash-kalamkari.com/?department=saree&product=srikalahasthi-pen-kalamkari-chennuri-silk-black-white-CCHE037,https://lh3.googleusercontent.com/d/=w1200,in_stock,3500 INR,Kailash Kalamkari,new,2271,Apparel & Accessories > Clothing > Traditional Clothing > Pen Kalamkari Sarees
CCHE040,Kailash Kalamkari Srikalahasthi Pen Kalamkari Hand-Painted Chennuri Silk black&white Saree - CCHE040,Authentic hand-painted Srikalahasthi (Srikalahasti) Pen Kalamkari Chennuri Silk black&white Saree (Code: CCHE040). 100% natural organic vegetable dyes hand-drawn using traditional tamarind twig pens directly from Kailash Kalamkari master artisans since 1984.,https://www.kailash-kalamkari.com/?department=saree&product=srikalahasthi-pen-kalamkari-chennuri-silk-black-white-CCHE040,https://lh3.googleusercontent.com/d/=w1200,in_stock,3500 INR,Kailash Kalamkari,new,2271,Apparel & Accessories > Clothing > Traditional Clothing > Pen Kalamkari Sarees
CCHE041,Kailash Kalamkari Srikalahasthi Pen Kalamkari Hand-Painted Chennuri Silk black&white Saree - CCHE041,Authentic hand-painted Srikalahasthi (Srikalahasti) Pen Kalamkari Chennuri Silk black&white Saree (Code: CCHE041). 100% natural organic vegetable dyes hand-drawn using traditional tamarind twig pens directly from Kailash Kalamkari master artisans since 1984.,https://www.kailash-kalamkari.com/?department=saree&product=srikalahasthi-pen-kalamkari-chennuri-silk-black-white-CCHE041,https://lh3.googleusercontent.com/d/=w1200,in_stock,3500 INR,Kailash Kalamkari,new,2271,Apparel & Accessories > Clothing > Traditional Clothing > Pen Kalamkari Sarees
CCHE042,Kailash Kalamkari Srikalahasthi Pen Kalamkari Hand-Painted Chennuri Silk black&white Saree - CCHE042,Authentic hand-painted Srikalahasthi (Srikalahasti) Pen Kalamkari Chennuri Silk black&white Saree (Code: CCHE042). 100% natural organic vegetable dyes hand-drawn using traditional tamarind twig pens directly from Kailash Kalamkari master artisans since 1984.,https://www.kailash-kalamkari.com/?department=saree&product=srikalahasthi-pen-kalamkari-chennuri-silk-black-white-CCHE042,https://lh3.googleusercontent.com/d/=w1200,in_stock,3500 INR,Kailash Kalamkari,new,2271,Apparel & Accessories > Clothing > Traditional Clothing > Pen Kalamkari Sarees
CCHE043,Kailash Kalamkari Srikalahasthi Pen Kalamkari Hand-Painted Chennuri Silk black&white Saree - CCHE043,Authentic hand-painted Srikalahasthi (Srikalahasti) Pen Kalamkari Chennuri Silk black&white Saree (Code: CCHE043). 100% natural organic vegetable dyes hand-drawn using traditional tamarind twig pens directly from Kailash Kalamkari master artisans since 1984.,https://www.kailash-kalamkari.com/?department=saree&product=srikalahasthi-pen-kalamkari-chennuri-silk-black-white-CCHE043,https://lh3.googleusercontent.com/d/=w1200,in_stock,3500 INR,Kailash Kalamkari,new,2271,Apparel & Accessories > Clothing > Traditional Clothing > Pen Kalamkari Sarees
CMAN199,Kailash Kalamkari Srikalahasthi Pen Kalamkari Hand-Painted Mangalagiri silk  colour Saree - CMAN199,Authentic hand-painted Srikalahasthi (Srikalahasti) Pen Kalamkari Mangalagiri silk  colour Saree (Code: CMAN199). 100% natural organic vegetable dyes hand-drawn using traditional tamarind twig pens directly from Kailash Kalamkari master artisans since 1984.,https://www.kailash-kalamkari.com/?department=saree&product=srikalahasthi-pen-kalamkari-mangalagiri-silk-colour-CMAN199,https://lh3.googleusercontent.com/d/=w1200,in_stock,8500 INR,Kailash Kalamkari,new,2271,Apparel & Accessories > Clothing > Traditional Clothing > Pen Kalamkari Sarees
CMAN194,Kailash Kalamkari Srikalahasthi Pen Kalamkari Hand-Painted Mangalagiri silk  colour Saree - CMAN194,Authentic hand-painted Srikalahasthi (Srikalahasti) Pen Kalamkari Mangalagiri silk  colour Saree (Code: CMAN194). 100% natural organic vegetable dyes hand-drawn using traditional tamarind twig pens directly from Kailash Kalamkari master artisans since 1984.,https://www.kailash-kalamkari.com/?department=saree&product=srikalahasthi-pen-kalamkari-mangalagiri-silk-colour-CMAN194,https://lh3.googleusercontent.com/d/=w1200,in_stock,8500 INR,Kailash Kalamkari,new,2271,Apparel & Accessories > Clothing > Traditional Clothing > Pen Kalamkari Sarees
CMAN168,Kailash Kalamkari Srikalahasthi Pen Kalamkari Hand-Painted Mangalagiri silk  colour Saree - CMAN168,Authentic hand-painted Srikalahasthi (Srikalahasti) Pen Kalamkari Mangalagiri silk  colour Saree (Code: CMAN168). 100% natural organic vegetable dyes hand-drawn using traditional tamarind twig pens directly from Kailash Kalamkari master artisans since 1984.,https://www.kailash-kalamkari.com/?department=saree&product=srikalahasthi-pen-kalamkari-mangalagiri-silk-colour-CMAN168,https://lh3.googleusercontent.com/d/=w1200,in_stock,8500 INR,Kailash Kalamkari,new,2271,Apparel & Accessories > Clothing > Traditional Clothing > Pen Kalamkari Sarees
CMAN169,Kailash Kalamkari Srikalahasthi Pen Kalamkari Hand-Painted Mangalagiri silk  colour Saree - CMAN169,Authentic hand-painted Srikalahasthi (Srikalahasti) Pen Kalamkari Mangalagiri silk  colour Saree (Code: CMAN169). 100% natural organic vegetable dyes hand-drawn using traditional tamarind twig pens directly from Kailash Kalamkari master artisans since 1984.,https://www.kailash-kalamkari.com/?department=saree&product=srikalahasthi-pen-kalamkari-mangalagiri-silk-colour-CMAN169,https://lh3.googleusercontent.com/d/=w1200,in_stock,8500 INR,Kailash Kalamkari,new,2271,Apparel & Accessories > Clothing > Traditional Clothing > Pen Kalamkari Sarees
CMAN171,Kailash Kalamkari Srikalahasthi Pen Kalamkari Hand-Painted Mangalagiri silk  colour Saree - CMAN171,Authentic hand-painted Srikalahasthi (Srikalahasti) Pen Kalamkari Mangalagiri silk  colour Saree (Code: CMAN171). 100% natural organic vegetable dyes hand-drawn using traditional tamarind twig pens directly from Kailash Kalamkari master artisans since 1984.,https://www.kailash-kalamkari.com/?department=saree&product=srikalahasthi-pen-kalamkari-mangalagiri-silk-colour-CMAN171,https://lh3.googleusercontent.com/d/=w1200,in_stock,8500 INR,Kailash Kalamkari,new,2271,Apparel & Accessories > Clothing > Traditional Clothing > Pen Kalamkari Sarees
CMAN172,Kailash Kalamkari Srikalahasthi Pen Kalamkari Hand-Painted Mangalagiri silk  colour Saree - CMAN172,Authentic hand-painted Srikalahasthi (Srikalahasti) Pen Kalamkari Mangalagiri silk  colour Saree (Code: CMAN172). 100% natural organic vegetable dyes hand-drawn using traditional tamarind twig pens directly from Kailash Kalamkari master artisans since 1984.,https://www.kailash-kalamkari.com/?department=saree&product=srikalahasthi-pen-kalamkari-mangalagiri-silk-colour-CMAN172,https://lh3.googleusercontent.com/d/=w1200,in_stock,8500 INR,Kailash Kalamkari,new,2271,Apparel & Accessories > Clothing > Traditional Clothing > Pen Kalamkari Sarees
CMAN173,Kailash Kalamkari Srikalahasthi Pen Kalamkari Hand-Painted Mangalagiri silk  colour Saree - CMAN173,Authentic hand-painted Srikalahasthi (Srikalahasti) Pen Kalamkari Mangalagiri silk  colour Saree (Code: CMAN173). 100% natural organic vegetable dyes hand-drawn using traditional tamarind twig pens directly from Kailash Kalamkari master artisans since 1984.,https://www.kailash-kalamkari.com/?department=saree&product=srikalahasthi-pen-kalamkari-mangalagiri-silk-colour-CMAN173,https://lh3.googleusercontent.com/d/=w1200,in_stock,8500 INR,Kailash Kalamkari,new,2271,Apparel & Accessories > Clothing > Traditional Clothing > Pen Kalamkari Sarees
CMAN174,Kailash Kalamkari Srikalahasthi Pen Kalamkari Hand-Painted Mangalagiri silk  colour Saree - CMAN174,Authentic hand-painted Srikalahasthi (Srikalahasti) Pen Kalamkari Mangalagiri silk  colour Saree (Code: CMAN174). 100% natural organic vegetable dyes hand-drawn using traditional tamarind twig pens directly from Kailash Kalamkari master artisans since 1984.,https://www.kailash-kalamkari.com/?department=saree&product=srikalahasthi-pen-kalamkari-mangalagiri-silk-colour-CMAN174,https://lh3.googleusercontent.com/d/=w1200,in_stock,8500 INR,Kailash Kalamkari,new,2271,Apparel & Accessories > Clothing > Traditional Clothing > Pen Kalamkari Sarees
CMAN175,Kailash Kalamkari Srikalahasthi Pen Kalamkari Hand-Painted Mangalagiri silk  colour Saree - CMAN175,Authentic hand-painted Srikalahasthi (Srikalahasti) Pen Kalamkari Mangalagiri silk  colour Saree (Code: CMAN175). 100% natural organic vegetable dyes hand-drawn using traditional tamarind twig pens directly from Kailash Kalamkari master artisans since 1984.,https://www.kailash-kalamkari.com/?department=saree&product=srikalahasthi-pen-kalamkari-mangalagiri-silk-colour-CMAN175,https://lh3.googleusercontent.com/d/=w1200,in_stock,8500 INR,Kailash Kalamkari,new,2271,Apparel & Accessories > Clothing > Traditional Clothing > Pen Kalamkari Sarees
CPIS138,Kailash Kalamkari Srikalahasthi Pen Kalamkari Hand-Painted Pure Ikkath Silk Saree - CPIS138,Authentic hand-painted Srikalahasthi (Srikalahasti) Pen Kalamkari Pure Ikkath Silk Saree (Code: CPIS138). 100% natural organic vegetable dyes hand-drawn using traditional tamarind twig pens directly from Kailash Kalamkari master artisans since 1984.,https://www.kailash-kalamkari.com/?department=saree&product=srikalahasthi-pen-kalamkari-pure-ikkath-silk-CPIS138,https://lh3.googleusercontent.com/d/=w1200,in_stock,34500 INR,Kailash Kalamkari,new,2271,Apparel & Accessories > Clothing > Traditional Clothing > Pen Kalamkari Sarees
CPIS139,Kailash Kalamkari Srikalahasthi Pen Kalamkari Hand-Painted Pure Ikkath Silk Saree - CPIS139,Authentic hand-painted Srikalahasthi (Srikalahasti) Pen Kalamkari Pure Ikkath Silk Saree (Code: CPIS139). 100% natural organic vegetable dyes hand-drawn using traditional tamarind twig pens directly from Kailash Kalamkari master artisans since 1984.,https://www.kailash-kalamkari.com/?department=saree&product=srikalahasthi-pen-kalamkari-pure-ikkath-silk-CPIS139,https://lh3.googleusercontent.com/d/=w1200,in_stock,34500 INR,Kailash Kalamkari,new,2271,Apparel & Accessories > Clothing > Traditional Clothing > Pen Kalamkari Sarees
CPIS140,Kailash Kalamkari Srikalahasthi Pen Kalamkari Hand-Painted Pure Ikkath Silk Saree - CPIS140,Authentic hand-painted Srikalahasthi (Srikalahasti) Pen Kalamkari Pure Ikkath Silk Saree (Code: CPIS140). 100% natural organic vegetable dyes hand-drawn using traditional tamarind twig pens directly from Kailash Kalamkari master artisans since 1984.,https://www.kailash-kalamkari.com/?department=saree&product=srikalahasthi-pen-kalamkari-pure-ikkath-silk-CPIS140,https://lh3.googleusercontent.com/d/=w1200,in_stock,34500 INR,Kailash Kalamkari,new,2271,Apparel & Accessories > Clothing > Traditional Clothing > Pen Kalamkari Sarees
CPIS141,Kailash Kalamkari Srikalahasthi Pen Kalamkari Hand-Painted Pure Ikkath Silk Saree - CPIS141,Authentic hand-painted Srikalahasthi (Srikalahasti) Pen Kalamkari Pure Ikkath Silk Saree (Code: CPIS141). 100% natural organic vegetable dyes hand-drawn using traditional tamarind twig pens directly from Kailash Kalamkari master artisans since 1984.,https://www.kailash-kalamkari.com/?department=saree&product=srikalahasthi-pen-kalamkari-pure-ikkath-silk-CPIS141,https://lh3.googleusercontent.com/d/=w1200,in_stock,34500 INR,Kailash Kalamkari,new,2271,Apparel & Accessories > Clothing > Traditional Clothing > Pen Kalamkari Sarees
CPIS142,Kailash Kalamkari Srikalahasthi Pen Kalamkari Hand-Painted Pure Ikkath Silk Saree - CPIS142,Authentic hand-painted Srikalahasthi (Srikalahasti) Pen Kalamkari Pure Ikkath Silk Saree (Code: CPIS142). 100% natural organic vegetable dyes hand-drawn using traditional tamarind twig pens directly from Kailash Kalamkari master artisans since 1984.,https://www.kailash-kalamkari.com/?department=saree&product=srikalahasthi-pen-kalamkari-pure-ikkath-silk-CPIS142,https://lh3.googleusercontent.com/d/=w1200,in_stock,34500 INR,Kailash Kalamkari,new,2271,Apparel & Accessories > Clothing > Traditional Clothing > Pen Kalamkari Sarees
CPIS143,Kailash Kalamkari Srikalahasthi Pen Kalamkari Hand-Painted Pure Ikkath Silk Saree - CPIS143,Authentic hand-painted Srikalahasthi (Srikalahasti) Pen Kalamkari Pure Ikkath Silk Saree (Code: CPIS143). 100% natural organic vegetable dyes hand-drawn using traditional tamarind twig pens directly from Kailash Kalamkari master artisans since 1984.,https://www.kailash-kalamkari.com/?department=saree&product=srikalahasthi-pen-kalamkari-pure-ikkath-silk-CPIS143,https://lh3.googleusercontent.com/d/=w1200,in_stock,34500 INR,Kailash Kalamkari,new,2271,Apparel & Accessories > Clothing > Traditional Clothing > Pen Kalamkari Sarees
CPIS144,Kailash Kalamkari Srikalahasthi Pen Kalamkari Hand-Painted Pure Ikkath Silk Saree - CPIS144,Authentic hand-painted Srikalahasthi (Srikalahasti) Pen Kalamkari Pure Ikkath Silk Saree (Code: CPIS144). 100% natural organic vegetable dyes hand-drawn using traditional tamarind twig pens directly from Kailash Kalamkari master artisans since 1984.,https://www.kailash-kalamkari.com/?department=saree&product=srikalahasthi-pen-kalamkari-pure-ikkath-silk-CPIS144,https://lh3.googleusercontent.com/d/=w1200,in_stock,34500 INR,Kailash Kalamkari,new,2271,Apparel & Accessories > Clothing > Traditional Clothing > Pen Kalamkari Sarees
CPIS167,Kailash Kalamkari Srikalahasthi Pen Kalamkari Hand-Painted Pure Ikkath Silk Saree - CPIS167,Authentic hand-painted Srikalahasthi (Srikalahasti) Pen Kalamkari Pure Ikkath Silk Saree (Code: CPIS167). 100% natural organic vegetable dyes hand-drawn using traditional tamarind twig pens directly from Kailash Kalamkari master artisans since 1984.,https://www.kailash-kalamkari.com/?department=saree&product=srikalahasthi-pen-kalamkari-pure-ikkath-silk-CPIS167,https://lh3.googleusercontent.com/d/=w1200,in_stock,27500 INR,Kailash Kalamkari,new,2271,Apparel & Accessories > Clothing > Traditional Clothing > Pen Kalamkari Sarees
CPIS165,Kailash Kalamkari Srikalahasthi Pen Kalamkari Hand-Painted Pure Ikkath Silk Saree - CPIS165,Authentic hand-painted Srikalahasthi (Srikalahasti) Pen Kalamkari Pure Ikkath Silk Saree (Code: CPIS165). 100% natural organic vegetable dyes hand-drawn using traditional tamarind twig pens directly from Kailash Kalamkari master artisans since 1984.,https://www.kailash-kalamkari.com/?department=saree&product=srikalahasthi-pen-kalamkari-pure-ikkath-silk-CPIS165,https://lh3.googleusercontent.com/d/=w1200,in_stock,27500 INR,Kailash Kalamkari,new,2271,Apparel & Accessories > Clothing > Traditional Clothing > Pen Kalamkari Sarees
CPIS145,Kailash Kalamkari Srikalahasthi Pen Kalamkari Hand-Painted Pure Ikkath Silk Saree - CPIS145,Authentic hand-painted Srikalahasthi (Srikalahasti) Pen Kalamkari Pure Ikkath Silk Saree (Code: CPIS145). 100% natural organic vegetable dyes hand-drawn using traditional tamarind twig pens directly from Kailash Kalamkari master artisans since 1984.,https://www.kailash-kalamkari.com/?department=saree&product=srikalahasthi-pen-kalamkari-pure-ikkath-silk-CPIS145,https://lh3.googleusercontent.com/d/=w1200,in_stock,27500 INR,Kailash Kalamkari,new,2271,Apparel & Accessories > Clothing > Traditional Clothing > Pen Kalamkari Sarees
CPIS146,Kailash Kalamkari Srikalahasthi Pen Kalamkari Hand-Painted Pure Ikkath Silk Saree - CPIS146,Authentic hand-painted Srikalahasthi (Srikalahasti) Pen Kalamkari Pure Ikkath Silk Saree (Code: CPIS146). 100% natural organic vegetable dyes hand-drawn using traditional tamarind twig pens directly from Kailash Kalamkari master artisans since 1984.,https://www.kailash-kalamkari.com/?department=saree&product=srikalahasthi-pen-kalamkari-pure-ikkath-silk-CPIS146,https://lh3.googleusercontent.com/d/=w1200,in_stock,27500 INR,Kailash Kalamkari,new,2271,Apparel & Accessories > Clothing > Traditional Clothing > Pen Kalamkari Sarees
CPIS148,Kailash Kalamkari Srikalahasthi Pen Kalamkari Hand-Painted Pure Ikkath Silk Saree - CPIS148,Authentic hand-painted Srikalahasthi (Srikalahasti) Pen Kalamkari Pure Ikkath Silk Saree (Code: CPIS148). 100% natural organic vegetable dyes hand-drawn using traditional tamarind twig pens directly from Kailash Kalamkari master artisans since 1984.,https://www.kailash-kalamkari.com/?department=saree&product=srikalahasthi-pen-kalamkari-pure-ikkath-silk-CPIS148,https://lh3.googleusercontent.com/d/=w1200,in_stock,27500 INR,Kailash Kalamkari,new,2271,Apparel & Accessories > Clothing > Traditional Clothing > Pen Kalamkari Sarees
CPIS149,Kailash Kalamkari Srikalahasthi Pen Kalamkari Hand-Painted Pure Ikkath Silk Saree - CPIS149,Authentic hand-painted Srikalahasthi (Srikalahasti) Pen Kalamkari Pure Ikkath Silk Saree (Code: CPIS149). 100% natural organic vegetable dyes hand-drawn using traditional tamarind twig pens directly from Kailash Kalamkari master artisans since 1984.,https://www.kailash-kalamkari.com/?department=saree&product=srikalahasthi-pen-kalamkari-pure-ikkath-silk-CPIS149,https://lh3.googleusercontent.com/d/=w1200,in_stock,27500 INR,Kailash Kalamkari,new,2271,Apparel & Accessories > Clothing > Traditional Clothing > Pen Kalamkari Sarees
CPIS150,Kailash Kalamkari Srikalahasthi Pen Kalamkari Hand-Painted Pure Ikkath Silk Saree - CPIS150,Authentic hand-painted Srikalahasthi (Srikalahasti) Pen Kalamkari Pure Ikkath Silk Saree (Code: CPIS150). 100% natural organic vegetable dyes hand-drawn using traditional tamarind twig pens directly from Kailash Kalamkari master artisans since 1984.,https://www.kailash-kalamkari.com/?department=saree&product=srikalahasthi-pen-kalamkari-pure-ikkath-silk-CPIS150,https://lh3.googleusercontent.com/d/=w1200,in_stock,27500 INR,Kailash Kalamkari,new,2271,Apparel & Accessories > Clothing > Traditional Clothing > Pen Kalamkari Sarees
CPIS151,Kailash Kalamkari Srikalahasthi Pen Kalamkari Hand-Painted Pure Ikkath Silk Saree - CPIS151,Authentic hand-painted Srikalahasthi (Srikalahasti) Pen Kalamkari Pure Ikkath Silk Saree (Code: CPIS151). 100% natural organic vegetable dyes hand-drawn using traditional tamarind twig pens directly from Kailash Kalamkari master artisans since 1984.,https://www.kailash-kalamkari.com/?department=saree&product=srikalahasthi-pen-kalamkari-pure-ikkath-silk-CPIS151,https://lh3.googleusercontent.com/d/=w1200,in_stock,27500 INR,Kailash Kalamkari,new,2271,Apparel & Accessories > Clothing > Traditional Clothing > Pen Kalamkari Sarees
CPIS153,Kailash Kalamkari Srikalahasthi Pen Kalamkari Hand-Painted Pure Ikkath Silk Saree - CPIS153,Authentic hand-painted Srikalahasthi (Srikalahasti) Pen Kalamkari Pure Ikkath Silk Saree (Code: CPIS153). 100% natural organic vegetable dyes hand-drawn using traditional tamarind twig pens directly from Kailash Kalamkari master artisans since 1984.,https://www.kailash-kalamkari.com/?department=saree&product=srikalahasthi-pen-kalamkari-pure-ikkath-silk-CPIS153,https://lh3.googleusercontent.com/d/=w1200,in_stock,27500 INR,Kailash Kalamkari,new,2271,Apparel & Accessories > Clothing > Traditional Clothing > Pen Kalamkari Sarees
CPIS154,Kailash Kalamkari Srikalahasthi Pen Kalamkari Hand-Painted Pure Ikkath Silk Saree - CPIS154,Authentic hand-painted Srikalahasthi (Srikalahasti) Pen Kalamkari Pure Ikkath Silk Saree (Code: CPIS154). 100% natural organic vegetable dyes hand-drawn using traditional tamarind twig pens directly from Kailash Kalamkari master artisans since 1984.,https://www.kailash-kalamkari.com/?department=saree&product=srikalahasthi-pen-kalamkari-pure-ikkath-silk-CPIS154,https://lh3.googleusercontent.com/d/=w1200,in_stock,27500 INR,Kailash Kalamkari,new,2271,Apparel & Accessories > Clothing > Traditional Clothing > Pen Kalamkari Sarees
CPIS155,Kailash Kalamkari Srikalahasthi Pen Kalamkari Hand-Painted Pure Ikkath Silk Saree - CPIS155,Authentic hand-painted Srikalahasthi (Srikalahasti) Pen Kalamkari Pure Ikkath Silk Saree (Code: CPIS155). 100% natural organic vegetable dyes hand-drawn using traditional tamarind twig pens directly from Kailash Kalamkari master artisans since 1984.,https://www.kailash-kalamkari.com/?department=saree&product=srikalahasthi-pen-kalamkari-pure-ikkath-silk-CPIS155,https://lh3.googleusercontent.com/d/=w1200,in_stock,27500 INR,Kailash Kalamkari,new,2271,Apparel & Accessories > Clothing > Traditional Clothing > Pen Kalamkari Sarees
CPIS156,Kailash Kalamkari Srikalahasthi Pen Kalamkari Hand-Painted Pure Ikkath Silk Saree - CPIS156,Authentic hand-painted Srikalahasthi (Srikalahasti) Pen Kalamkari Pure Ikkath Silk Saree (Code: CPIS156). 100% natural organic vegetable dyes hand-drawn using traditional tamarind twig pens directly from Kailash Kalamkari master artisans since 1984.,https://www.kailash-kalamkari.com/?department=saree&product=srikalahasthi-pen-kalamkari-pure-ikkath-silk-CPIS156,https://lh3.googleusercontent.com/d/=w1200,in_stock,27500 INR,Kailash Kalamkari,new,2271,Apparel & Accessories > Clothing > Traditional Clothing > Pen Kalamkari Sarees
CPIS157,Kailash Kalamkari Srikalahasthi Pen Kalamkari Hand-Painted Pure Ikkath Silk Saree - CPIS157,Authentic hand-painted Srikalahasthi (Srikalahasti) Pen Kalamkari Pure Ikkath Silk Saree (Code: CPIS157). 100% natural organic vegetable dyes hand-drawn using traditional tamarind twig pens directly from Kailash Kalamkari master artisans since 1984.,https://www.kailash-kalamkari.com/?department=saree&product=srikalahasthi-pen-kalamkari-pure-ikkath-silk-CPIS157,https://lh3.googleusercontent.com/d/=w1200,in_stock,27500 INR,Kailash Kalamkari,new,2271,Apparel & Accessories > Clothing > Traditional Clothing > Pen Kalamkari Sarees
CPIS158,Kailash Kalamkari Srikalahasthi Pen Kalamkari Hand-Painted Pure Ikkath Silk Saree - CPIS158,Authentic hand-painted Srikalahasthi (Srikalahasti) Pen Kalamkari Pure Ikkath Silk Saree (Code: CPIS158). 100% natural organic vegetable dyes hand-drawn using traditional tamarind twig pens directly from Kailash Kalamkari master artisans since 1984.,https://www.kailash-kalamkari.com/?department=saree&product=srikalahasthi-pen-kalamkari-pure-ikkath-silk-CPIS158,https://lh3.googleusercontent.com/d/=w1200,in_stock,27500 INR,Kailash Kalamkari,new,2271,Apparel & Accessories > Clothing > Traditional Clothing > Pen Kalamkari Sarees
CPIS159,Kailash Kalamkari Srikalahasthi Pen Kalamkari Hand-Painted Pure Ikkath Silk Saree - CPIS159,Authentic hand-painted Srikalahasthi (Srikalahasti) Pen Kalamkari Pure Ikkath Silk Saree (Code: CPIS159). 100% natural organic vegetable dyes hand-drawn using traditional tamarind twig pens directly from Kailash Kalamkari master artisans since 1984.,https://www.kailash-kalamkari.com/?department=saree&product=srikalahasthi-pen-kalamkari-pure-ikkath-silk-CPIS159,https://lh3.googleusercontent.com/d/=w1200,in_stock,27500 INR,Kailash Kalamkari,new,2271,Apparel & Accessories > Clothing > Traditional Clothing > Pen Kalamkari Sarees
CPIS160,Kailash Kalamkari Srikalahasthi Pen Kalamkari Hand-Painted Pure Ikkath Silk Saree - CPIS160,Authentic hand-painted Srikalahasthi (Srikalahasti) Pen Kalamkari Pure Ikkath Silk Saree (Code: CPIS160). 100% natural organic vegetable dyes hand-drawn using traditional tamarind twig pens directly from Kailash Kalamkari master artisans since 1984.,https://www.kailash-kalamkari.com/?department=saree&product=srikalahasthi-pen-kalamkari-pure-ikkath-silk-CPIS160,https://lh3.googleusercontent.com/d/=w1200,in_stock,27500 INR,Kailash Kalamkari,new,2271,Apparel & Accessories > Clothing > Traditional Clothing > Pen Kalamkari Sarees
CPIS161,Kailash Kalamkari Srikalahasthi Pen Kalamkari Hand-Painted Pure Ikkath Silk Saree - CPIS161,Authentic hand-painted Srikalahasthi (Srikalahasti) Pen Kalamkari Pure Ikkath Silk Saree (Code: CPIS161). 100% natural organic vegetable dyes hand-drawn using traditional tamarind twig pens directly from Kailash Kalamkari master artisans since 1984.,https://www.kailash-kalamkari.com/?department=saree&product=srikalahasthi-pen-kalamkari-pure-ikkath-silk-CPIS161,https://lh3.googleusercontent.com/d/=w1200,in_stock,27500 INR,Kailash Kalamkari,new,2271,Apparel & Accessories > Clothing > Traditional Clothing > Pen Kalamkari Sarees
CPIS162,Kailash Kalamkari Srikalahasthi Pen Kalamkari Hand-Painted Pure Ikkath Silk Saree - CPIS162,Authentic hand-painted Srikalahasthi (Srikalahasti) Pen Kalamkari Pure Ikkath Silk Saree (Code: CPIS162). 100% natural organic vegetable dyes hand-drawn using traditional tamarind twig pens directly from Kailash Kalamkari master artisans since 1984.,https://www.kailash-kalamkari.com/?department=saree&product=srikalahasthi-pen-kalamkari-pure-ikkath-silk-CPIS162,https://lh3.googleusercontent.com/d/=w1200,in_stock,27500 INR,Kailash Kalamkari,new,2271,Apparel & Accessories > Clothing > Traditional Clothing > Pen Kalamkari Sarees
CPIS163,Kailash Kalamkari Srikalahasthi Pen Kalamkari Hand-Painted Pure Ikkath Silk Saree - CPIS163,Authentic hand-painted Srikalahasthi (Srikalahasti) Pen Kalamkari Pure Ikkath Silk Saree (Code: CPIS163). 100% natural organic vegetable dyes hand-drawn using traditional tamarind twig pens directly from Kailash Kalamkari master artisans since 1984.,https://www.kailash-kalamkari.com/?department=saree&product=srikalahasthi-pen-kalamkari-pure-ikkath-silk-CPIS163,https://lh3.googleusercontent.com/d/=w1200,in_stock,27500 INR,Kailash Kalamkari,new,2271,Apparel & Accessories > Clothing > Traditional Clothing > Pen Kalamkari Sarees
CPIS164,Kailash Kalamkari Srikalahasthi Pen Kalamkari Hand-Painted Pure Ikkath Silk Saree - CPIS164,Authentic hand-painted Srikalahasthi (Srikalahasti) Pen Kalamkari Pure Ikkath Silk Saree (Code: CPIS164). 100% natural organic vegetable dyes hand-drawn using traditional tamarind twig pens directly from Kailash Kalamkari master artisans since 1984.,https://www.kailash-kalamkari.com/?department=saree&product=srikalahasthi-pen-kalamkari-pure-ikkath-silk-CPIS164,https://lh3.googleusercontent.com/d/=w1200,in_stock,27500 INR,Kailash Kalamkari,new,2271,Apparel & Accessories > Clothing > Traditional Clothing > Pen Kalamkari Sarees
CPKS446,Kailash Kalamkari Srikalahasthi Pen Kalamkari Hand-Painted Pure Kanchipuram Silk Saree - CPKS446,Authentic hand-painted Srikalahasthi (Srikalahasti) Pen Kalamkari Pure Kanchipuram Silk Saree (Code: CPKS446). 100% natural organic vegetable dyes hand-drawn using traditional tamarind twig pens directly from Kailash Kalamkari master artisans since 1984.,https://www.kailash-kalamkari.com/?department=saree&product=srikalahasthi-pen-kalamkari-pure-kanchipuram-silk-CPKS446,https://lh3.googleusercontent.com/d/=w1200,in_stock,34500 INR,Kailash Kalamkari,new,2271,Apparel & Accessories > Clothing > Traditional Clothing > Pen Kalamkari Sarees
CPKS442,Kailash Kalamkari Srikalahasthi Pen Kalamkari Hand-Painted Pure Kanchipuram Silk Saree - CPKS442,Authentic hand-painted Srikalahasthi (Srikalahasti) Pen Kalamkari Pure Kanchipuram Silk Saree (Code: CPKS442). 100% natural organic vegetable dyes hand-drawn using traditional tamarind twig pens directly from Kailash Kalamkari master artisans since 1984.,https://www.kailash-kalamkari.com/?department=saree&product=srikalahasthi-pen-kalamkari-pure-kanchipuram-silk-CPKS442,https://lh3.googleusercontent.com/d/=w1200,in_stock,34500 INR,Kailash Kalamkari,new,2271,Apparel & Accessories > Clothing > Traditional Clothing > Pen Kalamkari Sarees
CPKS443,Kailash Kalamkari Srikalahasthi Pen Kalamkari Hand-Painted Pure Kanchipuram Silk Saree - CPKS443,Authentic hand-painted Srikalahasthi (Srikalahasti) Pen Kalamkari Pure Kanchipuram Silk Saree (Code: CPKS443). 100% natural organic vegetable dyes hand-drawn using traditional tamarind twig pens directly from Kailash Kalamkari master artisans since 1984.,https://www.kailash-kalamkari.com/?department=saree&product=srikalahasthi-pen-kalamkari-pure-kanchipuram-silk-CPKS443,https://lh3.googleusercontent.com/d/=w1200,in_stock,34500 INR,Kailash Kalamkari,new,2271,Apparel & Accessories > Clothing > Traditional Clothing > Pen Kalamkari Sarees
CPKS433,Kailash Kalamkari Srikalahasthi Pen Kalamkari Hand-Painted Pure Kanchipuram Silk Saree - CPKS433,Authentic hand-painted Srikalahasthi (Srikalahasti) Pen Kalamkari Pure Kanchipuram Silk Saree (Code: CPKS433). 100% natural organic vegetable dyes hand-drawn using traditional tamarind twig pens directly from Kailash Kalamkari master artisans since 1984.,https://www.kailash-kalamkari.com/?department=saree&product=srikalahasthi-pen-kalamkari-pure-kanchipuram-silk-CPKS433,https://lh3.googleusercontent.com/d/=w1200,in_stock,34500 INR,Kailash Kalamkari,new,2271,Apparel & Accessories > Clothing > Traditional Clothing > Pen Kalamkari Sarees
CPKS434,Kailash Kalamkari Srikalahasthi Pen Kalamkari Hand-Painted Pure Kanchipuram Silk Saree - CPKS434,Authentic hand-painted Srikalahasthi (Srikalahasti) Pen Kalamkari Pure Kanchipuram Silk Saree (Code: CPKS434). 100% natural organic vegetable dyes hand-drawn using traditional tamarind twig pens directly from Kailash Kalamkari master artisans since 1984.,https://www.kailash-kalamkari.com/?department=saree&product=srikalahasthi-pen-kalamkari-pure-kanchipuram-silk-CPKS434,https://lh3.googleusercontent.com/d/=w1200,in_stock,34500 INR,Kailash Kalamkari,new,2271,Apparel & Accessories > Clothing > Traditional Clothing > Pen Kalamkari Sarees
CPKS435,Kailash Kalamkari Srikalahasthi Pen Kalamkari Hand-Painted Pure Kanchipuram Silk Saree - CPKS435,Authentic hand-painted Srikalahasthi (Srikalahasti) Pen Kalamkari Pure Kanchipuram Silk Saree (Code: CPKS435). 100% natural organic vegetable dyes hand-drawn using traditional tamarind twig pens directly from Kailash Kalamkari master artisans since 1984.,https://www.kailash-kalamkari.com/?department=saree&product=srikalahasthi-pen-kalamkari-pure-kanchipuram-silk-CPKS435,https://lh3.googleusercontent.com/d/=w1200,in_stock,34500 INR,Kailash Kalamkari,new,2271,Apparel & Accessories > Clothing > Traditional Clothing > Pen Kalamkari Sarees
CPKS350,Kailash Kalamkari Srikalahasthi Pen Kalamkari Hand-Painted Pure Kanchipuram Silk Saree - CPKS350,Authentic hand-painted Srikalahasthi (Srikalahasti) Pen Kalamkari Pure Kanchipuram Silk Saree (Code: CPKS350). 100% natural organic vegetable dyes hand-drawn using traditional tamarind twig pens directly from Kailash Kalamkari master artisans since 1984.,https://www.kailash-kalamkari.com/?department=saree&product=srikalahasthi-pen-kalamkari-pure-kanchipuram-silk-CPKS350,https://lh3.googleusercontent.com/d/=w1200,in_stock,34500 INR,Kailash Kalamkari,new,2271,Apparel & Accessories > Clothing > Traditional Clothing > Pen Kalamkari Sarees
CPKS353,Kailash Kalamkari Srikalahasthi Pen Kalamkari Hand-Painted Pure Kanchipuram Silk Saree - CPKS353,Authentic hand-painted Srikalahasthi (Srikalahasti) Pen Kalamkari Pure Kanchipuram Silk Saree (Code: CPKS353). 100% natural organic vegetable dyes hand-drawn using traditional tamarind twig pens directly from Kailash Kalamkari master artisans since 1984.,https://www.kailash-kalamkari.com/?department=saree&product=srikalahasthi-pen-kalamkari-pure-kanchipuram-silk-CPKS353,https://lh3.googleusercontent.com/d/=w1200,in_stock,34500 INR,Kailash Kalamkari,new,2271,Apparel & Accessories > Clothing > Traditional Clothing > Pen Kalamkari Sarees
CPKS354,Kailash Kalamkari Srikalahasthi Pen Kalamkari Hand-Painted Pure Kanchipuram Silk Saree - CPKS354,Authentic hand-painted Srikalahasthi (Srikalahasti) Pen Kalamkari Pure Kanchipuram Silk Saree (Code: CPKS354). 100% natural organic vegetable dyes hand-drawn using traditional tamarind twig pens directly from Kailash Kalamkari master artisans since 1984.,https://www.kailash-kalamkari.com/?department=saree&product=srikalahasthi-pen-kalamkari-pure-kanchipuram-silk-CPKS354,https://lh3.googleusercontent.com/d/=w1200,in_stock,34500 INR,Kailash Kalamkari,new,2271,Apparel & Accessories > Clothing > Traditional Clothing > Pen Kalamkari Sarees
CPKS355,Kailash Kalamkari Srikalahasthi Pen Kalamkari Hand-Painted Pure Kanchipuram Silk Saree - CPKS355,Authentic hand-painted Srikalahasthi (Srikalahasti) Pen Kalamkari Pure Kanchipuram Silk Saree (Code: CPKS355). 100% natural organic vegetable dyes hand-drawn using traditional tamarind twig pens directly from Kailash Kalamkari master artisans since 1984.,https://www.kailash-kalamkari.com/?department=saree&product=srikalahasthi-pen-kalamkari-pure-kanchipuram-silk-CPKS355,https://lh3.googleusercontent.com/d/=w1200,in_stock,34500 INR,Kailash Kalamkari,new,2271,Apparel & Accessories > Clothing > Traditional Clothing > Pen Kalamkari Sarees
CPKS356,Kailash Kalamkari Srikalahasthi Pen Kalamkari Hand-Painted Pure Kanchipuram Silk Saree - CPKS356,Authentic hand-painted Srikalahasthi (Srikalahasti) Pen Kalamkari Pure Kanchipuram Silk Saree (Code: CPKS356). 100% natural organic vegetable dyes hand-drawn using traditional tamarind twig pens directly from Kailash Kalamkari master artisans since 1984.,https://www.kailash-kalamkari.com/?department=saree&product=srikalahasthi-pen-kalamkari-pure-kanchipuram-silk-CPKS356,https://lh3.googleusercontent.com/d/=w1200,in_stock,34500 INR,Kailash Kalamkari,new,2271,Apparel & Accessories > Clothing > Traditional Clothing > Pen Kalamkari Sarees
CPKS357,Kailash Kalamkari Srikalahasthi Pen Kalamkari Hand-Painted Pure Kanchipuram Silk Saree - CPKS357,Authentic hand-painted Srikalahasthi (Srikalahasti) Pen Kalamkari Pure Kanchipuram Silk Saree (Code: CPKS357). 100% natural organic vegetable dyes hand-drawn using traditional tamarind twig pens directly from Kailash Kalamkari master artisans since 1984.,https://www.kailash-kalamkari.com/?department=saree&product=srikalahasthi-pen-kalamkari-pure-kanchipuram-silk-CPKS357,https://lh3.googleusercontent.com/d/=w1200,in_stock,34500 INR,Kailash Kalamkari,new,2271,Apparel & Accessories > Clothing > Traditional Clothing > Pen Kalamkari Sarees
CPKS358,Kailash Kalamkari Srikalahasthi Pen Kalamkari Hand-Painted Pure Kanchipuram Silk Saree - CPKS358,Authentic hand-painted Srikalahasthi (Srikalahasti) Pen Kalamkari Pure Kanchipuram Silk Saree (Code: CPKS358). 100% natural organic vegetable dyes hand-drawn using traditional tamarind twig pens directly from Kailash Kalamkari master artisans since 1984.,https://www.kailash-kalamkari.com/?department=saree&product=srikalahasthi-pen-kalamkari-pure-kanchipuram-silk-CPKS358,https://lh3.googleusercontent.com/d/=w1200,in_stock,34500 INR,Kailash Kalamkari,new,2271,Apparel & Accessories > Clothing > Traditional Clothing > Pen Kalamkari Sarees
CPKS359,Kailash Kalamkari Srikalahasthi Pen Kalamkari Hand-Painted Pure Kanchipuram Silk Saree - CPKS359,Authentic hand-painted Srikalahasthi (Srikalahasti) Pen Kalamkari Pure Kanchipuram Silk Saree (Code: CPKS359). 100% natural organic vegetable dyes hand-drawn using traditional tamarind twig pens directly from Kailash Kalamkari master artisans since 1984.,https://www.kailash-kalamkari.com/?department=saree&product=srikalahasthi-pen-kalamkari-pure-kanchipuram-silk-CPKS359,https://lh3.googleusercontent.com/d/=w1200,in_stock,34500 INR,Kailash Kalamkari,new,2271,Apparel & Accessories > Clothing > Traditional Clothing > Pen Kalamkari Sarees
CPKS360,Kailash Kalamkari Srikalahasthi Pen Kalamkari Hand-Painted Pure Kanchipuram Silk Saree - CPKS360,Authentic hand-painted Srikalahasthi (Srikalahasti) Pen Kalamkari Pure Kanchipuram Silk Saree (Code: CPKS360). 100% natural organic vegetable dyes hand-drawn using traditional tamarind twig pens directly from Kailash Kalamkari master artisans since 1984.,https://www.kailash-kalamkari.com/?department=saree&product=srikalahasthi-pen-kalamkari-pure-kanchipuram-silk-CPKS360,https://lh3.googleusercontent.com/d/=w1200,in_stock,34500 INR,Kailash Kalamkari,new,2271,Apparel & Accessories > Clothing > Traditional Clothing > Pen Kalamkari Sarees
CPKS362,Kailash Kalamkari Srikalahasthi Pen Kalamkari Hand-Painted Pure Kanchipuram Silk Saree - CPKS362,Authentic hand-painted Srikalahasthi (Srikalahasti) Pen Kalamkari Pure Kanchipuram Silk Saree (Code: CPKS362). 100% natural organic vegetable dyes hand-drawn using traditional tamarind twig pens directly from Kailash Kalamkari master artisans since 1984.,https://www.kailash-kalamkari.com/?department=saree&product=srikalahasthi-pen-kalamkari-pure-kanchipuram-silk-CPKS362,https://lh3.googleusercontent.com/d/=w1200,in_stock,34500 INR,Kailash Kalamkari,new,2271,Apparel & Accessories > Clothing > Traditional Clothing > Pen Kalamkari Sarees
CPKS364,Kailash Kalamkari Srikalahasthi Pen Kalamkari Hand-Painted Pure Kanchipuram Silk Saree - CPKS364,Authentic hand-painted Srikalahasthi (Srikalahasti) Pen Kalamkari Pure Kanchipuram Silk Saree (Code: CPKS364). 100% natural organic vegetable dyes hand-drawn using traditional tamarind twig pens directly from Kailash Kalamkari master artisans since 1984.,https://www.kailash-kalamkari.com/?department=saree&product=srikalahasthi-pen-kalamkari-pure-kanchipuram-silk-CPKS364,https://lh3.googleusercontent.com/d/=w1200,in_stock,34500 INR,Kailash Kalamkari,new,2271,Apparel & Accessories > Clothing > Traditional Clothing > Pen Kalamkari Sarees
CPKS366,Kailash Kalamkari Srikalahasthi Pen Kalamkari Hand-Painted Pure Kanchipuram Silk Saree - CPKS366,Authentic hand-painted Srikalahasthi (Srikalahasti) Pen Kalamkari Pure Kanchipuram Silk Saree (Code: CPKS366). 100% natural organic vegetable dyes hand-drawn using traditional tamarind twig pens directly from Kailash Kalamkari master artisans since 1984.,https://www.kailash-kalamkari.com/?department=saree&product=srikalahasthi-pen-kalamkari-pure-kanchipuram-silk-CPKS366,https://lh3.googleusercontent.com/d/=w1200,in_stock,34500 INR,Kailash Kalamkari,new,2271,Apparel & Accessories > Clothing > Traditional Clothing > Pen Kalamkari Sarees
CPKS367,Kailash Kalamkari Srikalahasthi Pen Kalamkari Hand-Painted Pure Kanchipuram Silk Saree - CPKS367,Authentic hand-painted Srikalahasthi (Srikalahasti) Pen Kalamkari Pure Kanchipuram Silk Saree (Code: CPKS367). 100% natural organic vegetable dyes hand-drawn using traditional tamarind twig pens directly from Kailash Kalamkari master artisans since 1984.,https://www.kailash-kalamkari.com/?department=saree&product=srikalahasthi-pen-kalamkari-pure-kanchipuram-silk-CPKS367,https://lh3.googleusercontent.com/d/=w1200,in_stock,34500 INR,Kailash Kalamkari,new,2271,Apparel & Accessories > Clothing > Traditional Clothing > Pen Kalamkari Sarees
CPKS368,Kailash Kalamkari Srikalahasthi Pen Kalamkari Hand-Painted Pure Kanchipuram Silk Saree - CPKS368,Authentic hand-painted Srikalahasthi (Srikalahasti) Pen Kalamkari Pure Kanchipuram Silk Saree (Code: CPKS368). 100% natural organic vegetable dyes hand-drawn using traditional tamarind twig pens directly from Kailash Kalamkari master artisans since 1984.,https://www.kailash-kalamkari.com/?department=saree&product=srikalahasthi-pen-kalamkari-pure-kanchipuram-silk-CPKS368,https://lh3.googleusercontent.com/d/=w1200,in_stock,34500 INR,Kailash Kalamkari,new,2271,Apparel & Accessories > Clothing > Traditional Clothing > Pen Kalamkari Sarees
CPKS371,Kailash Kalamkari Srikalahasthi Pen Kalamkari Hand-Painted Pure Kanchipuram Silk Saree - CPKS371,Authentic hand-painted Srikalahasthi (Srikalahasti) Pen Kalamkari Pure Kanchipuram Silk Saree (Code: CPKS371). 100% natural organic vegetable dyes hand-drawn using traditional tamarind twig pens directly from Kailash Kalamkari master artisans since 1984.,https://www.kailash-kalamkari.com/?department=saree&product=srikalahasthi-pen-kalamkari-pure-kanchipuram-silk-CPKS371,https://lh3.googleusercontent.com/d/=w1200,in_stock,34500 INR,Kailash Kalamkari,new,2271,Apparel & Accessories > Clothing > Traditional Clothing > Pen Kalamkari Sarees
CPKS372,Kailash Kalamkari Srikalahasthi Pen Kalamkari Hand-Painted Pure Kanchipuram Silk Saree - CPKS372,Authentic hand-painted Srikalahasthi (Srikalahasti) Pen Kalamkari Pure Kanchipuram Silk Saree (Code: CPKS372). 100% natural organic vegetable dyes hand-drawn using traditional tamarind twig pens directly from Kailash Kalamkari master artisans since 1984.,https://www.kailash-kalamkari.com/?department=saree&product=srikalahasthi-pen-kalamkari-pure-kanchipuram-silk-CPKS372,https://lh3.googleusercontent.com/d/=w1200,in_stock,34500 INR,Kailash Kalamkari,new,2271,Apparel & Accessories > Clothing > Traditional Clothing > Pen Kalamkari Sarees
CPKS373,Kailash Kalamkari Srikalahasthi Pen Kalamkari Hand-Painted Pure Kanchipuram Silk Saree - CPKS373,Authentic hand-painted Srikalahasthi (Srikalahasti) Pen Kalamkari Pure Kanchipuram Silk Saree (Code: CPKS373). 100% natural organic vegetable dyes hand-drawn using traditional tamarind twig pens directly from Kailash Kalamkari master artisans since 1984.,https://www.kailash-kalamkari.com/?department=saree&product=srikalahasthi-pen-kalamkari-pure-kanchipuram-silk-CPKS373,https://lh3.googleusercontent.com/d/=w1200,in_stock,34500 INR,Kailash Kalamkari,new,2271,Apparel & Accessories > Clothing > Traditional Clothing > Pen Kalamkari Sarees
CPKS374,Kailash Kalamkari Srikalahasthi Pen Kalamkari Hand-Painted Pure Kanchipuram Silk Saree - CPKS374,Authentic hand-painted Srikalahasthi (Srikalahasti) Pen Kalamkari Pure Kanchipuram Silk Saree (Code: CPKS374). 100% natural organic vegetable dyes hand-drawn using traditional tamarind twig pens directly from Kailash Kalamkari master artisans since 1984.,https://www.kailash-kalamkari.com/?department=saree&product=srikalahasthi-pen-kalamkari-pure-kanchipuram-silk-CPKS374,https://lh3.googleusercontent.com/d/=w1200,in_stock,34500 INR,Kailash Kalamkari,new,2271,Apparel & Accessories > Clothing > Traditional Clothing > Pen Kalamkari Sarees
CPKS375,Kailash Kalamkari Srikalahasthi Pen Kalamkari Hand-Painted Pure Kanchipuram Silk Saree - CPKS375,Authentic hand-painted Srikalahasthi (Srikalahasti) Pen Kalamkari Pure Kanchipuram Silk Saree (Code: CPKS375). 100% natural organic vegetable dyes hand-drawn using traditional tamarind twig pens directly from Kailash Kalamkari master artisans since 1984.,https://www.kailash-kalamkari.com/?department=saree&product=srikalahasthi-pen-kalamkari-pure-kanchipuram-silk-CPKS375,https://lh3.googleusercontent.com/d/=w1200,in_stock,34500 INR,Kailash Kalamkari,new,2271,Apparel & Accessories > Clothing > Traditional Clothing > Pen Kalamkari Sarees
CPKS376,Kailash Kalamkari Srikalahasthi Pen Kalamkari Hand-Painted Pure Kanchipuram Silk Saree - CPKS376,Authentic hand-painted Srikalahasthi (Srikalahasti) Pen Kalamkari Pure Kanchipuram Silk Saree (Code: CPKS376). 100% natural organic vegetable dyes hand-drawn using traditional tamarind twig pens directly from Kailash Kalamkari master artisans since 1984.,https://www.kailash-kalamkari.com/?department=saree&product=srikalahasthi-pen-kalamkari-pure-kanchipuram-silk-CPKS376,https://lh3.googleusercontent.com/d/=w1200,in_stock,34500 INR,Kailash Kalamkari,new,2271,Apparel & Accessories > Clothing > Traditional Clothing > Pen Kalamkari Sarees
CPKS377,Kailash Kalamkari Srikalahasthi Pen Kalamkari Hand-Painted Pure Kanchipuram Silk Saree - CPKS377,Authentic hand-painted Srikalahasthi (Srikalahasti) Pen Kalamkari Pure Kanchipuram Silk Saree (Code: CPKS377). 100% natural organic vegetable dyes hand-drawn using traditional tamarind twig pens directly from Kailash Kalamkari master artisans since 1984.,https://www.kailash-kalamkari.com/?department=saree&product=srikalahasthi-pen-kalamkari-pure-kanchipuram-silk-CPKS377,https://lh3.googleusercontent.com/d/=w1200,in_stock,34500 INR,Kailash Kalamkari,new,2271,Apparel & Accessories > Clothing > Traditional Clothing > Pen Kalamkari Sarees
CPKS378,Kailash Kalamkari Srikalahasthi Pen Kalamkari Hand-Painted Pure Kanchipuram Silk Saree - CPKS378,Authentic hand-painted Srikalahasthi (Srikalahasti) Pen Kalamkari Pure Kanchipuram Silk Saree (Code: CPKS378). 100% natural organic vegetable dyes hand-drawn using traditional tamarind twig pens directly from Kailash Kalamkari master artisans since 1984.,https://www.kailash-kalamkari.com/?department=saree&product=srikalahasthi-pen-kalamkari-pure-kanchipuram-silk-CPKS378,https://lh3.googleusercontent.com/d/=w1200,in_stock,34500 INR,Kailash Kalamkari,new,2271,Apparel & Accessories > Clothing > Traditional Clothing > Pen Kalamkari Sarees
CPKS379,Kailash Kalamkari Srikalahasthi Pen Kalamkari Hand-Painted Pure Kanchipuram Silk Saree - CPKS379,Authentic hand-painted Srikalahasthi (Srikalahasti) Pen Kalamkari Pure Kanchipuram Silk Saree (Code: CPKS379). 100% natural organic vegetable dyes hand-drawn using traditional tamarind twig pens directly from Kailash Kalamkari master artisans since 1984.,https://www.kailash-kalamkari.com/?department=saree&product=srikalahasthi-pen-kalamkari-pure-kanchipuram-silk-CPKS379,https://lh3.googleusercontent.com/d/=w1200,in_stock,34500 INR,Kailash Kalamkari,new,2271,Apparel & Accessories > Clothing > Traditional Clothing > Pen Kalamkari Sarees
CPKS381,Kailash Kalamkari Srikalahasthi Pen Kalamkari Hand-Painted Pure Kanchipuram Silk Saree - CPKS381,Authentic hand-painted Srikalahasthi (Srikalahasti) Pen Kalamkari Pure Kanchipuram Silk Saree (Code: CPKS381). 100% natural organic vegetable dyes hand-drawn using traditional tamarind twig pens directly from Kailash Kalamkari master artisans since 1984.,https://www.kailash-kalamkari.com/?department=saree&product=srikalahasthi-pen-kalamkari-pure-kanchipuram-silk-CPKS381,https://lh3.googleusercontent.com/d/=w1200,in_stock,34500 INR,Kailash Kalamkari,new,2271,Apparel & Accessories > Clothing > Traditional Clothing > Pen Kalamkari Sarees
CPKS447,Kailash Kalamkari Srikalahasthi Pen Kalamkari Hand-Painted Pure Kanchipuram Silk Saree - CPKS447,Authentic hand-painted Srikalahasthi (Srikalahasti) Pen Kalamkari Pure Kanchipuram Silk Saree (Code: CPKS447). 100% natural organic vegetable dyes hand-drawn using traditional tamarind twig pens directly from Kailash Kalamkari master artisans since 1984.,https://www.kailash-kalamkari.com/?department=saree&product=srikalahasthi-pen-kalamkari-pure-kanchipuram-silk-CPKS447,https://lh3.googleusercontent.com/d/=w1200,in_stock,26500 INR,Kailash Kalamkari,new,2271,Apparel & Accessories > Clothing > Traditional Clothing > Pen Kalamkari Sarees
CPKS448,Kailash Kalamkari Srikalahasthi Pen Kalamkari Hand-Painted Pure Kanchipuram Silk Saree - CPKS448,Authentic hand-painted Srikalahasthi (Srikalahasti) Pen Kalamkari Pure Kanchipuram Silk Saree (Code: CPKS448). 100% natural organic vegetable dyes hand-drawn using traditional tamarind twig pens directly from Kailash Kalamkari master artisans since 1984.,https://www.kailash-kalamkari.com/?department=saree&product=srikalahasthi-pen-kalamkari-pure-kanchipuram-silk-CPKS448,https://lh3.googleusercontent.com/d/=w1200,in_stock,26500 INR,Kailash Kalamkari,new,2271,Apparel & Accessories > Clothing > Traditional Clothing > Pen Kalamkari Sarees
CPKS449,Kailash Kalamkari Srikalahasthi Pen Kalamkari Hand-Painted Pure Kanchipuram Silk Saree - CPKS449,Authentic hand-painted Srikalahasthi (Srikalahasti) Pen Kalamkari Pure Kanchipuram Silk Saree (Code: CPKS449). 100% natural organic vegetable dyes hand-drawn using traditional tamarind twig pens directly from Kailash Kalamkari master artisans since 1984.,https://www.kailash-kalamkari.com/?department=saree&product=srikalahasthi-pen-kalamkari-pure-kanchipuram-silk-CPKS449,https://lh3.googleusercontent.com/d/=w1200,in_stock,26500 INR,Kailash Kalamkari,new,2271,Apparel & Accessories > Clothing > Traditional Clothing > Pen Kalamkari Sarees
CPKS450,Kailash Kalamkari Srikalahasthi Pen Kalamkari Hand-Painted Pure Kanchipuram Silk Saree - CPKS450,Authentic hand-painted Srikalahasthi (Srikalahasti) Pen Kalamkari Pure Kanchipuram Silk Saree (Code: CPKS450). 100% natural organic vegetable dyes hand-drawn using traditional tamarind twig pens directly from Kailash Kalamkari master artisans since 1984.,https://www.kailash-kalamkari.com/?department=saree&product=srikalahasthi-pen-kalamkari-pure-kanchipuram-silk-CPKS450,https://lh3.googleusercontent.com/d/=w1200,in_stock,26500 INR,Kailash Kalamkari,new,2271,Apparel & Accessories > Clothing > Traditional Clothing > Pen Kalamkari Sarees
CPKS451,Kailash Kalamkari Srikalahasthi Pen Kalamkari Hand-Painted Pure Kanchipuram Silk Saree - CPKS451,Authentic hand-painted Srikalahasthi (Srikalahasti) Pen Kalamkari Pure Kanchipuram Silk Saree (Code: CPKS451). 100% natural organic vegetable dyes hand-drawn using traditional tamarind twig pens directly from Kailash Kalamkari master artisans since 1984.,https://www.kailash-kalamkari.com/?department=saree&product=srikalahasthi-pen-kalamkari-pure-kanchipuram-silk-CPKS451,https://lh3.googleusercontent.com/d/=w1200,in_stock,26500 INR,Kailash Kalamkari,new,2271,Apparel & Accessories > Clothing > Traditional Clothing > Pen Kalamkari Sarees
CPKS452,Kailash Kalamkari Srikalahasthi Pen Kalamkari Hand-Painted Pure Kanchipuram Silk Saree - CPKS452,Authentic hand-painted Srikalahasthi (Srikalahasti) Pen Kalamkari Pure Kanchipuram Silk Saree (Code: CPKS452). 100% natural organic vegetable dyes hand-drawn using traditional tamarind twig pens directly from Kailash Kalamkari master artisans since 1984.,https://www.kailash-kalamkari.com/?department=saree&product=srikalahasthi-pen-kalamkari-pure-kanchipuram-silk-CPKS452,https://lh3.googleusercontent.com/d/=w1200,in_stock,26500 INR,Kailash Kalamkari,new,2271,Apparel & Accessories > Clothing > Traditional Clothing > Pen Kalamkari Sarees
CPKS444,Kailash Kalamkari Srikalahasthi Pen Kalamkari Hand-Painted Pure Kanchipuram Silk Saree - CPKS444,Authentic hand-painted Srikalahasthi (Srikalahasti) Pen Kalamkari Pure Kanchipuram Silk Saree (Code: CPKS444). 100% natural organic vegetable dyes hand-drawn using traditional tamarind twig pens directly from Kailash Kalamkari master artisans since 1984.,https://www.kailash-kalamkari.com/?department=saree&product=srikalahasthi-pen-kalamkari-pure-kanchipuram-silk-CPKS444,https://lh3.googleusercontent.com/d/=w1200,in_stock,26500 INR,Kailash Kalamkari,new,2271,Apparel & Accessories > Clothing > Traditional Clothing > Pen Kalamkari Sarees
CPKS445,Kailash Kalamkari Srikalahasthi Pen Kalamkari Hand-Painted Pure Kanchipuram Silk Saree - CPKS445,Authentic hand-painted Srikalahasthi (Srikalahasti) Pen Kalamkari Pure Kanchipuram Silk Saree (Code: CPKS445). 100% natural organic vegetable dyes hand-drawn using traditional tamarind twig pens directly from Kailash Kalamkari master artisans since 1984.,https://www.kailash-kalamkari.com/?department=saree&product=srikalahasthi-pen-kalamkari-pure-kanchipuram-silk-CPKS445,https://lh3.googleusercontent.com/d/=w1200,in_stock,26500 INR,Kailash Kalamkari,new,2271,Apparel & Accessories > Clothing > Traditional Clothing > Pen Kalamkari Sarees
CPKS436,Kailash Kalamkari Srikalahasthi Pen Kalamkari Hand-Painted Pure Kanchipuram Silk Saree - CPKS436,Authentic hand-painted Srikalahasthi (Srikalahasti) Pen Kalamkari Pure Kanchipuram Silk Saree (Code: CPKS436). 100% natural organic vegetable dyes hand-drawn using traditional tamarind twig pens directly from Kailash Kalamkari master artisans since 1984.,https://www.kailash-kalamkari.com/?department=saree&product=srikalahasthi-pen-kalamkari-pure-kanchipuram-silk-CPKS436,https://lh3.googleusercontent.com/d/=w1200,in_stock,26500 INR,Kailash Kalamkari,new,2271,Apparel & Accessories > Clothing > Traditional Clothing > Pen Kalamkari Sarees
CPKS439,Kailash Kalamkari Srikalahasthi Pen Kalamkari Hand-Painted Pure Kanchipuram Silk Saree - CPKS439,Authentic hand-painted Srikalahasthi (Srikalahasti) Pen Kalamkari Pure Kanchipuram Silk Saree (Code: CPKS439). 100% natural organic vegetable dyes hand-drawn using traditional tamarind twig pens directly from Kailash Kalamkari master artisans since 1984.,https://www.kailash-kalamkari.com/?department=saree&product=srikalahasthi-pen-kalamkari-pure-kanchipuram-silk-CPKS439,https://lh3.googleusercontent.com/d/=w1200,in_stock,26500 INR,Kailash Kalamkari,new,2271,Apparel & Accessories > Clothing > Traditional Clothing > Pen Kalamkari Sarees
CPKS440,Kailash Kalamkari Srikalahasthi Pen Kalamkari Hand-Painted Pure Kanchipuram Silk Saree - CPKS440,Authentic hand-painted Srikalahasthi (Srikalahasti) Pen Kalamkari Pure Kanchipuram Silk Saree (Code: CPKS440). 100% natural organic vegetable dyes hand-drawn using traditional tamarind twig pens directly from Kailash Kalamkari master artisans since 1984.,https://www.kailash-kalamkari.com/?department=saree&product=srikalahasthi-pen-kalamkari-pure-kanchipuram-silk-CPKS440,https://lh3.googleusercontent.com/d/=w1200,in_stock,26500 INR,Kailash Kalamkari,new,2271,Apparel & Accessories > Clothing > Traditional Clothing > Pen Kalamkari Sarees
CPKS441,Kailash Kalamkari Srikalahasthi Pen Kalamkari Hand-Painted Pure Kanchipuram Silk Saree - CPKS441,Authentic hand-painted Srikalahasthi (Srikalahasti) Pen Kalamkari Pure Kanchipuram Silk Saree (Code: CPKS441). 100% natural organic vegetable dyes hand-drawn using traditional tamarind twig pens directly from Kailash Kalamkari master artisans since 1984.,https://www.kailash-kalamkari.com/?department=saree&product=srikalahasthi-pen-kalamkari-pure-kanchipuram-silk-CPKS441,https://lh3.googleusercontent.com/d/=w1200,in_stock,26500 INR,Kailash Kalamkari,new,2271,Apparel & Accessories > Clothing > Traditional Clothing > Pen Kalamkari Sarees
CPKS384,Kailash Kalamkari Srikalahasthi Pen Kalamkari Hand-Painted Pure Kanchipuram Silk Saree - CPKS384,Authentic hand-painted Srikalahasthi (Srikalahasti) Pen Kalamkari Pure Kanchipuram Silk Saree (Code: CPKS384). 100% natural organic vegetable dyes hand-drawn using traditional tamarind twig pens directly from Kailash Kalamkari master artisans since 1984.,https://www.kailash-kalamkari.com/?department=saree&product=srikalahasthi-pen-kalamkari-pure-kanchipuram-silk-CPKS384,https://lh3.googleusercontent.com/d/=w1200,in_stock,26500 INR,Kailash Kalamkari,new,2271,Apparel & Accessories > Clothing > Traditional Clothing > Pen Kalamkari Sarees
CPKS387,Kailash Kalamkari Srikalahasthi Pen Kalamkari Hand-Painted Pure Kanchipuram Silk Saree - CPKS387,Authentic hand-painted Srikalahasthi (Srikalahasti) Pen Kalamkari Pure Kanchipuram Silk Saree (Code: CPKS387). 100% natural organic vegetable dyes hand-drawn using traditional tamarind twig pens directly from Kailash Kalamkari master artisans since 1984.,https://www.kailash-kalamkari.com/?department=saree&product=srikalahasthi-pen-kalamkari-pure-kanchipuram-silk-CPKS387,https://lh3.googleusercontent.com/d/=w1200,in_stock,26500 INR,Kailash Kalamkari,new,2271,Apparel & Accessories > Clothing > Traditional Clothing > Pen Kalamkari Sarees
CPKS388,Kailash Kalamkari Srikalahasthi Pen Kalamkari Hand-Painted Pure Kanchipuram Silk Saree - CPKS388,Authentic hand-painted Srikalahasthi (Srikalahasti) Pen Kalamkari Pure Kanchipuram Silk Saree (Code: CPKS388). 100% natural organic vegetable dyes hand-drawn using traditional tamarind twig pens directly from Kailash Kalamkari master artisans since 1984.,https://www.kailash-kalamkari.com/?department=saree&product=srikalahasthi-pen-kalamkari-pure-kanchipuram-silk-CPKS388,https://lh3.googleusercontent.com/d/=w1200,in_stock,26500 INR,Kailash Kalamkari,new,2271,Apparel & Accessories > Clothing > Traditional Clothing > Pen Kalamkari Sarees
CPKS389,Kailash Kalamkari Srikalahasthi Pen Kalamkari Hand-Painted Pure Kanchipuram Silk Saree - CPKS389,Authentic hand-painted Srikalahasthi (Srikalahasti) Pen Kalamkari Pure Kanchipuram Silk Saree (Code: CPKS389). 100% natural organic vegetable dyes hand-drawn using traditional tamarind twig pens directly from Kailash Kalamkari master artisans since 1984.,https://www.kailash-kalamkari.com/?department=saree&product=srikalahasthi-pen-kalamkari-pure-kanchipuram-silk-CPKS389,https://lh3.googleusercontent.com/d/=w1200,in_stock,26500 INR,Kailash Kalamkari,new,2271,Apparel & Accessories > Clothing > Traditional Clothing > Pen Kalamkari Sarees
CPKS390,Kailash Kalamkari Srikalahasthi Pen Kalamkari Hand-Painted Pure Kanchipuram Silk Saree - CPKS390,Authentic hand-painted Srikalahasthi (Srikalahasti) Pen Kalamkari Pure Kanchipuram Silk Saree (Code: CPKS390). 100% natural organic vegetable dyes hand-drawn using traditional tamarind twig pens directly from Kailash Kalamkari master artisans since 1984.,https://www.kailash-kalamkari.com/?department=saree&product=srikalahasthi-pen-kalamkari-pure-kanchipuram-silk-CPKS390,https://lh3.googleusercontent.com/d/=w1200,in_stock,26500 INR,Kailash Kalamkari,new,2271,Apparel & Accessories > Clothing > Traditional Clothing > Pen Kalamkari Sarees
CPKS391,Kailash Kalamkari Srikalahasthi Pen Kalamkari Hand-Painted Pure Kanchipuram Silk Saree - CPKS391,Authentic hand-painted Srikalahasthi (Srikalahasti) Pen Kalamkari Pure Kanchipuram Silk Saree (Code: CPKS391). 100% natural organic vegetable dyes hand-drawn using traditional tamarind twig pens directly from Kailash Kalamkari master artisans since 1984.,https://www.kailash-kalamkari.com/?department=saree&product=srikalahasthi-pen-kalamkari-pure-kanchipuram-silk-CPKS391,https://lh3.googleusercontent.com/d/=w1200,in_stock,26500 INR,Kailash Kalamkari,new,2271,Apparel & Accessories > Clothing > Traditional Clothing > Pen Kalamkari Sarees
CPKS392,Kailash Kalamkari Srikalahasthi Pen Kalamkari Hand-Painted Pure Kanchipuram Silk Saree - CPKS392,Authentic hand-painted Srikalahasthi (Srikalahasti) Pen Kalamkari Pure Kanchipuram Silk Saree (Code: CPKS392). 100% natural organic vegetable dyes hand-drawn using traditional tamarind twig pens directly from Kailash Kalamkari master artisans since 1984.,https://www.kailash-kalamkari.com/?department=saree&product=srikalahasthi-pen-kalamkari-pure-kanchipuram-silk-CPKS392,https://lh3.googleusercontent.com/d/=w1200,in_stock,26500 INR,Kailash Kalamkari,new,2271,Apparel & Accessories > Clothing > Traditional Clothing > Pen Kalamkari Sarees
CPKS393,Kailash Kalamkari Srikalahasthi Pen Kalamkari Hand-Painted Pure Kanchipuram Silk Saree - CPKS393,Authentic hand-painted Srikalahasthi (Srikalahasti) Pen Kalamkari Pure Kanchipuram Silk Saree (Code: CPKS393). 100% natural organic vegetable dyes hand-drawn using traditional tamarind twig pens directly from Kailash Kalamkari master artisans since 1984.,https://www.kailash-kalamkari.com/?department=saree&product=srikalahasthi-pen-kalamkari-pure-kanchipuram-silk-CPKS393,https://lh3.googleusercontent.com/d/=w1200,in_stock,26500 INR,Kailash Kalamkari,new,2271,Apparel & Accessories > Clothing > Traditional Clothing > Pen Kalamkari Sarees
CPKS394,Kailash Kalamkari Srikalahasthi Pen Kalamkari Hand-Painted Pure Kanchipuram Silk Saree - CPKS394,Authentic hand-painted Srikalahasthi (Srikalahasti) Pen Kalamkari Pure Kanchipuram Silk Saree (Code: CPKS394). 100% natural organic vegetable dyes hand-drawn using traditional tamarind twig pens directly from Kailash Kalamkari master artisans since 1984.,https://www.kailash-kalamkari.com/?department=saree&product=srikalahasthi-pen-kalamkari-pure-kanchipuram-silk-CPKS394,https://lh3.googleusercontent.com/d/=w1200,in_stock,26500 INR,Kailash Kalamkari,new,2271,Apparel & Accessories > Clothing > Traditional Clothing > Pen Kalamkari Sarees
CPKS395,Kailash Kalamkari Srikalahasthi Pen Kalamkari Hand-Painted Pure Kanchipuram Silk Saree - CPKS395,Authentic hand-painted Srikalahasthi (Srikalahasti) Pen Kalamkari Pure Kanchipuram Silk Saree (Code: CPKS395). 100% natural organic vegetable dyes hand-drawn using traditional tamarind twig pens directly from Kailash Kalamkari master artisans since 1984.,https://www.kailash-kalamkari.com/?department=saree&product=srikalahasthi-pen-kalamkari-pure-kanchipuram-silk-CPKS395,https://lh3.googleusercontent.com/d/=w1200,in_stock,26500 INR,Kailash Kalamkari,new,2271,Apparel & Accessories > Clothing > Traditional Clothing > Pen Kalamkari Sarees
CPKS396,Kailash Kalamkari Srikalahasthi Pen Kalamkari Hand-Painted Pure Kanchipuram Silk Saree - CPKS396,Authentic hand-painted Srikalahasthi (Srikalahasti) Pen Kalamkari Pure Kanchipuram Silk Saree (Code: CPKS396). 100% natural organic vegetable dyes hand-drawn using traditional tamarind twig pens directly from Kailash Kalamkari master artisans since 1984.,https://www.kailash-kalamkari.com/?department=saree&product=srikalahasthi-pen-kalamkari-pure-kanchipuram-silk-CPKS396,https://lh3.googleusercontent.com/d/=w1200,in_stock,26500 INR,Kailash Kalamkari,new,2271,Apparel & Accessories > Clothing > Traditional Clothing > Pen Kalamkari Sarees
CPKS397,Kailash Kalamkari Srikalahasthi Pen Kalamkari Hand-Painted Pure Kanchipuram Silk Saree - CPKS397,Authentic hand-painted Srikalahasthi (Srikalahasti) Pen Kalamkari Pure Kanchipuram Silk Saree (Code: CPKS397). 100% natural organic vegetable dyes hand-drawn using traditional tamarind twig pens directly from Kailash Kalamkari master artisans since 1984.,https://www.kailash-kalamkari.com/?department=saree&product=srikalahasthi-pen-kalamkari-pure-kanchipuram-silk-CPKS397,https://lh3.googleusercontent.com/d/=w1200,in_stock,26500 INR,Kailash Kalamkari,new,2271,Apparel & Accessories > Clothing > Traditional Clothing > Pen Kalamkari Sarees
CPKS398,Kailash Kalamkari Srikalahasthi Pen Kalamkari Hand-Painted Pure Kanchipuram Silk Saree - CPKS398,Authentic hand-painted Srikalahasthi (Srikalahasti) Pen Kalamkari Pure Kanchipuram Silk Saree (Code: CPKS398). 100% natural organic vegetable dyes hand-drawn using traditional tamarind twig pens directly from Kailash Kalamkari master artisans since 1984.,https://www.kailash-kalamkari.com/?department=saree&product=srikalahasthi-pen-kalamkari-pure-kanchipuram-silk-CPKS398,https://lh3.googleusercontent.com/d/=w1200,in_stock,26500 INR,Kailash Kalamkari,new,2271,Apparel & Accessories > Clothing > Traditional Clothing > Pen Kalamkari Sarees
CPKS399,Kailash Kalamkari Srikalahasthi Pen Kalamkari Hand-Painted Pure Kanchipuram Silk Saree - CPKS399,Authentic hand-painted Srikalahasthi (Srikalahasti) Pen Kalamkari Pure Kanchipuram Silk Saree (Code: CPKS399). 100% natural organic vegetable dyes hand-drawn using traditional tamarind twig pens directly from Kailash Kalamkari master artisans since 1984.,https://www.kailash-kalamkari.com/?department=saree&product=srikalahasthi-pen-kalamkari-pure-kanchipuram-silk-CPKS399,https://lh3.googleusercontent.com/d/=w1200,in_stock,26500 INR,Kailash Kalamkari,new,2271,Apparel & Accessories > Clothing > Traditional Clothing > Pen Kalamkari Sarees
CPKS400,Kailash Kalamkari Srikalahasthi Pen Kalamkari Hand-Painted Pure Kanchipuram Silk Saree - CPKS400,Authentic hand-painted Srikalahasthi (Srikalahasti) Pen Kalamkari Pure Kanchipuram Silk Saree (Code: CPKS400). 100% natural organic vegetable dyes hand-drawn using traditional tamarind twig pens directly from Kailash Kalamkari master artisans since 1984.,https://www.kailash-kalamkari.com/?department=saree&product=srikalahasthi-pen-kalamkari-pure-kanchipuram-silk-CPKS400,https://lh3.googleusercontent.com/d/=w1200,in_stock,26500 INR,Kailash Kalamkari,new,2271,Apparel & Accessories > Clothing > Traditional Clothing > Pen Kalamkari Sarees
CPKS401,Kailash Kalamkari Srikalahasthi Pen Kalamkari Hand-Painted Pure Kanchipuram Silk Saree - CPKS401,Authentic hand-painted Srikalahasthi (Srikalahasti) Pen Kalamkari Pure Kanchipuram Silk Saree (Code: CPKS401). 100% natural organic vegetable dyes hand-drawn using traditional tamarind twig pens directly from Kailash Kalamkari master artisans since 1984.,https://www.kailash-kalamkari.com/?department=saree&product=srikalahasthi-pen-kalamkari-pure-kanchipuram-silk-CPKS401,https://lh3.googleusercontent.com/d/=w1200,in_stock,26500 INR,Kailash Kalamkari,new,2271,Apparel & Accessories > Clothing > Traditional Clothing > Pen Kalamkari Sarees
CPKS402,Kailash Kalamkari Srikalahasthi Pen Kalamkari Hand-Painted Pure Kanchipuram Silk Saree - CPKS402,Authentic hand-painted Srikalahasthi (Srikalahasti) Pen Kalamkari Pure Kanchipuram Silk Saree (Code: CPKS402). 100% natural organic vegetable dyes hand-drawn using traditional tamarind twig pens directly from Kailash Kalamkari master artisans since 1984.,https://www.kailash-kalamkari.com/?department=saree&product=srikalahasthi-pen-kalamkari-pure-kanchipuram-silk-CPKS402,https://lh3.googleusercontent.com/d/=w1200,in_stock,26500 INR,Kailash Kalamkari,new,2271,Apparel & Accessories > Clothing > Traditional Clothing > Pen Kalamkari Sarees
CPKS403,Kailash Kalamkari Srikalahasthi Pen Kalamkari Hand-Painted Pure Kanchipuram Silk Saree - CPKS403,Authentic hand-painted Srikalahasthi (Srikalahasti) Pen Kalamkari Pure Kanchipuram Silk Saree (Code: CPKS403). 100% natural organic vegetable dyes hand-drawn using traditional tamarind twig pens directly from Kailash Kalamkari master artisans since 1984.,https://www.kailash-kalamkari.com/?department=saree&product=srikalahasthi-pen-kalamkari-pure-kanchipuram-silk-CPKS403,https://lh3.googleusercontent.com/d/=w1200,in_stock,26500 INR,Kailash Kalamkari,new,2271,Apparel & Accessories > Clothing > Traditional Clothing > Pen Kalamkari Sarees
CPKS404,Kailash Kalamkari Srikalahasthi Pen Kalamkari Hand-Painted Pure Kanchipuram Silk Saree - CPKS404,Authentic hand-painted Srikalahasthi (Srikalahasti) Pen Kalamkari Pure Kanchipuram Silk Saree (Code: CPKS404). 100% natural organic vegetable dyes hand-drawn using traditional tamarind twig pens directly from Kailash Kalamkari master artisans since 1984.,https://www.kailash-kalamkari.com/?department=saree&product=srikalahasthi-pen-kalamkari-pure-kanchipuram-silk-CPKS404,https://lh3.googleusercontent.com/d/=w1200,in_stock,26500 INR,Kailash Kalamkari,new,2271,Apparel & Accessories > Clothing > Traditional Clothing > Pen Kalamkari Sarees
CPKS405,Kailash Kalamkari Srikalahasthi Pen Kalamkari Hand-Painted Pure Kanchipuram Silk Saree - CPKS405,Authentic hand-painted Srikalahasthi (Srikalahasti) Pen Kalamkari Pure Kanchipuram Silk Saree (Code: CPKS405). 100% natural organic vegetable dyes hand-drawn using traditional tamarind twig pens directly from Kailash Kalamkari master artisans since 1984.,https://www.kailash-kalamkari.com/?department=saree&product=srikalahasthi-pen-kalamkari-pure-kanchipuram-silk-CPKS405,https://lh3.googleusercontent.com/d/=w1200,in_stock,26500 INR,Kailash Kalamkari,new,2271,Apparel & Accessories > Clothing > Traditional Clothing > Pen Kalamkari Sarees
CPKS406,Kailash Kalamkari Srikalahasthi Pen Kalamkari Hand-Painted Pure Kanchipuram Silk Saree - CPKS406,Authentic hand-painted Srikalahasthi (Srikalahasti) Pen Kalamkari Pure Kanchipuram Silk Saree (Code: CPKS406). 100% natural organic vegetable dyes hand-drawn using traditional tamarind twig pens directly from Kailash Kalamkari master artisans since 1984.,https://www.kailash-kalamkari.com/?department=saree&product=srikalahasthi-pen-kalamkari-pure-kanchipuram-silk-CPKS406,https://lh3.googleusercontent.com/d/=w1200,in_stock,26500 INR,Kailash Kalamkari,new,2271,Apparel & Accessories > Clothing > Traditional Clothing > Pen Kalamkari Sarees
CPKS408,Kailash Kalamkari Srikalahasthi Pen Kalamkari Hand-Painted Pure Kanchipuram Silk Saree - CPKS408,Authentic hand-painted Srikalahasthi (Srikalahasti) Pen Kalamkari Pure Kanchipuram Silk Saree (Code: CPKS408). 100% natural organic vegetable dyes hand-drawn using traditional tamarind twig pens directly from Kailash Kalamkari master artisans since 1984.,https://www.kailash-kalamkari.com/?department=saree&product=srikalahasthi-pen-kalamkari-pure-kanchipuram-silk-CPKS408,https://lh3.googleusercontent.com/d/=w1200,in_stock,26500 INR,Kailash Kalamkari,new,2271,Apparel & Accessories > Clothing > Traditional Clothing > Pen Kalamkari Sarees
CPKS409,Kailash Kalamkari Srikalahasthi Pen Kalamkari Hand-Painted Pure Kanchipuram Silk Saree - CPKS409,Authentic hand-painted Srikalahasthi (Srikalahasti) Pen Kalamkari Pure Kanchipuram Silk Saree (Code: CPKS409). 100% natural organic vegetable dyes hand-drawn using traditional tamarind twig pens directly from Kailash Kalamkari master artisans since 1984.,https://www.kailash-kalamkari.com/?department=saree&product=srikalahasthi-pen-kalamkari-pure-kanchipuram-silk-CPKS409,https://lh3.googleusercontent.com/d/=w1200,in_stock,26500 INR,Kailash Kalamkari,new,2271,Apparel & Accessories > Clothing > Traditional Clothing > Pen Kalamkari Sarees
CPKS410,Kailash Kalamkari Srikalahasthi Pen Kalamkari Hand-Painted Pure Kanchipuram Silk Saree - CPKS410,Authentic hand-painted Srikalahasthi (Srikalahasti) Pen Kalamkari Pure Kanchipuram Silk Saree (Code: CPKS410). 100% natural organic vegetable dyes hand-drawn using traditional tamarind twig pens directly from Kailash Kalamkari master artisans since 1984.,https://www.kailash-kalamkari.com/?department=saree&product=srikalahasthi-pen-kalamkari-pure-kanchipuram-silk-CPKS410,https://lh3.googleusercontent.com/d/=w1200,in_stock,26500 INR,Kailash Kalamkari,new,2271,Apparel & Accessories > Clothing > Traditional Clothing > Pen Kalamkari Sarees
CPKS411,Kailash Kalamkari Srikalahasthi Pen Kalamkari Hand-Painted Pure Kanchipuram Silk Saree - CPKS411,Authentic hand-painted Srikalahasthi (Srikalahasti) Pen Kalamkari Pure Kanchipuram Silk Saree (Code: CPKS411). 100% natural organic vegetable dyes hand-drawn using traditional tamarind twig pens directly from Kailash Kalamkari master artisans since 1984.,https://www.kailash-kalamkari.com/?department=saree&product=srikalahasthi-pen-kalamkari-pure-kanchipuram-silk-CPKS411,https://lh3.googleusercontent.com/d/=w1200,in_stock,26500 INR,Kailash Kalamkari,new,2271,Apparel & Accessories > Clothing > Traditional Clothing > Pen Kalamkari Sarees
CPKS412,Kailash Kalamkari Srikalahasthi Pen Kalamkari Hand-Painted Pure Kanchipuram Silk Saree - CPKS412,Authentic hand-painted Srikalahasthi (Srikalahasti) Pen Kalamkari Pure Kanchipuram Silk Saree (Code: CPKS412). 100% natural organic vegetable dyes hand-drawn using traditional tamarind twig pens directly from Kailash Kalamkari master artisans since 1984.,https://www.kailash-kalamkari.com/?department=saree&product=srikalahasthi-pen-kalamkari-pure-kanchipuram-silk-CPKS412,https://lh3.googleusercontent.com/d/=w1200,in_stock,26500 INR,Kailash Kalamkari,new,2271,Apparel & Accessories > Clothing > Traditional Clothing > Pen Kalamkari Sarees
CPKS413,Kailash Kalamkari Srikalahasthi Pen Kalamkari Hand-Painted Pure Kanchipuram Silk Saree - CPKS413,Authentic hand-painted Srikalahasthi (Srikalahasti) Pen Kalamkari Pure Kanchipuram Silk Saree (Code: CPKS413). 100% natural organic vegetable dyes hand-drawn using traditional tamarind twig pens directly from Kailash Kalamkari master artisans since 1984.,https://www.kailash-kalamkari.com/?department=saree&product=srikalahasthi-pen-kalamkari-pure-kanchipuram-silk-CPKS413,https://lh3.googleusercontent.com/d/=w1200,in_stock,26500 INR,Kailash Kalamkari,new,2271,Apparel & Accessories > Clothing > Traditional Clothing > Pen Kalamkari Sarees
CPKS415,Kailash Kalamkari Srikalahasthi Pen Kalamkari Hand-Painted Pure Kanchipuram Silk Saree - CPKS415,Authentic hand-painted Srikalahasthi (Srikalahasti) Pen Kalamkari Pure Kanchipuram Silk Saree (Code: CPKS415). 100% natural organic vegetable dyes hand-drawn using traditional tamarind twig pens directly from Kailash Kalamkari master artisans since 1984.,https://www.kailash-kalamkari.com/?department=saree&product=srikalahasthi-pen-kalamkari-pure-kanchipuram-silk-CPKS415,https://lh3.googleusercontent.com/d/=w1200,in_stock,26500 INR,Kailash Kalamkari,new,2271,Apparel & Accessories > Clothing > Traditional Clothing > Pen Kalamkari Sarees
CPKS416,Kailash Kalamkari Srikalahasthi Pen Kalamkari Hand-Painted Pure Kanchipuram Silk Saree - CPKS416,Authentic hand-painted Srikalahasthi (Srikalahasti) Pen Kalamkari Pure Kanchipuram Silk Saree (Code: CPKS416). 100% natural organic vegetable dyes hand-drawn using traditional tamarind twig pens directly from Kailash Kalamkari master artisans since 1984.,https://www.kailash-kalamkari.com/?department=saree&product=srikalahasthi-pen-kalamkari-pure-kanchipuram-silk-CPKS416,https://lh3.googleusercontent.com/d/=w1200,in_stock,26500 INR,Kailash Kalamkari,new,2271,Apparel & Accessories > Clothing > Traditional Clothing > Pen Kalamkari Sarees
CPKS417,Kailash Kalamkari Srikalahasthi Pen Kalamkari Hand-Painted Pure Kanchipuram Silk Saree - CPKS417,Authentic hand-painted Srikalahasthi (Srikalahasti) Pen Kalamkari Pure Kanchipuram Silk Saree (Code: CPKS417). 100% natural organic vegetable dyes hand-drawn using traditional tamarind twig pens directly from Kailash Kalamkari master artisans since 1984.,https://www.kailash-kalamkari.com/?department=saree&product=srikalahasthi-pen-kalamkari-pure-kanchipuram-silk-CPKS417,https://lh3.googleusercontent.com/d/=w1200,in_stock,26500 INR,Kailash Kalamkari,new,2271,Apparel & Accessories > Clothing > Traditional Clothing > Pen Kalamkari Sarees
CPKS418,Kailash Kalamkari Srikalahasthi Pen Kalamkari Hand-Painted Pure Kanchipuram Silk Saree - CPKS418,Authentic hand-painted Srikalahasthi (Srikalahasti) Pen Kalamkari Pure Kanchipuram Silk Saree (Code: CPKS418). 100% natural organic vegetable dyes hand-drawn using traditional tamarind twig pens directly from Kailash Kalamkari master artisans since 1984.,https://www.kailash-kalamkari.com/?department=saree&product=srikalahasthi-pen-kalamkari-pure-kanchipuram-silk-CPKS418,https://lh3.googleusercontent.com/d/=w1200,in_stock,26500 INR,Kailash Kalamkari,new,2271,Apparel & Accessories > Clothing > Traditional Clothing > Pen Kalamkari Sarees
CPKS419,Kailash Kalamkari Srikalahasthi Pen Kalamkari Hand-Painted Pure Kanchipuram Silk Saree - CPKS419,Authentic hand-painted Srikalahasthi (Srikalahasti) Pen Kalamkari Pure Kanchipuram Silk Saree (Code: CPKS419). 100% natural organic vegetable dyes hand-drawn using traditional tamarind twig pens directly from Kailash Kalamkari master artisans since 1984.,https://www.kailash-kalamkari.com/?department=saree&product=srikalahasthi-pen-kalamkari-pure-kanchipuram-silk-CPKS419,https://lh3.googleusercontent.com/d/=w1200,in_stock,26500 INR,Kailash Kalamkari,new,2271,Apparel & Accessories > Clothing > Traditional Clothing > Pen Kalamkari Sarees
CPKS420,Kailash Kalamkari Srikalahasthi Pen Kalamkari Hand-Painted Pure Kanchipuram Silk Saree - CPKS420,Authentic hand-painted Srikalahasthi (Srikalahasti) Pen Kalamkari Pure Kanchipuram Silk Saree (Code: CPKS420). 100% natural organic vegetable dyes hand-drawn using traditional tamarind twig pens directly from Kailash Kalamkari master artisans since 1984.,https://www.kailash-kalamkari.com/?department=saree&product=srikalahasthi-pen-kalamkari-pure-kanchipuram-silk-CPKS420,https://lh3.googleusercontent.com/d/=w1200,in_stock,26500 INR,Kailash Kalamkari,new,2271,Apparel & Accessories > Clothing > Traditional Clothing > Pen Kalamkari Sarees
CPKS421,Kailash Kalamkari Srikalahasthi Pen Kalamkari Hand-Painted Pure Kanchipuram Silk Saree - CPKS421,Authentic hand-painted Srikalahasthi (Srikalahasti) Pen Kalamkari Pure Kanchipuram Silk Saree (Code: CPKS421). 100% natural organic vegetable dyes hand-drawn using traditional tamarind twig pens directly from Kailash Kalamkari master artisans since 1984.,https://www.kailash-kalamkari.com/?department=saree&product=srikalahasthi-pen-kalamkari-pure-kanchipuram-silk-CPKS421,https://lh3.googleusercontent.com/d/=w1200,in_stock,26500 INR,Kailash Kalamkari,new,2271,Apparel & Accessories > Clothing > Traditional Clothing > Pen Kalamkari Sarees
CPKS422,Kailash Kalamkari Srikalahasthi Pen Kalamkari Hand-Painted Pure Kanchipuram Silk Saree - CPKS422,Authentic hand-painted Srikalahasthi (Srikalahasti) Pen Kalamkari Pure Kanchipuram Silk Saree (Code: CPKS422). 100% natural organic vegetable dyes hand-drawn using traditional tamarind twig pens directly from Kailash Kalamkari master artisans since 1984.,https://www.kailash-kalamkari.com/?department=saree&product=srikalahasthi-pen-kalamkari-pure-kanchipuram-silk-CPKS422,https://lh3.googleusercontent.com/d/=w1200,in_stock,26500 INR,Kailash Kalamkari,new,2271,Apparel & Accessories > Clothing > Traditional Clothing > Pen Kalamkari Sarees
CPKS423,Kailash Kalamkari Srikalahasthi Pen Kalamkari Hand-Painted Pure Kanchipuram Silk Saree - CPKS423,Authentic hand-painted Srikalahasthi (Srikalahasti) Pen Kalamkari Pure Kanchipuram Silk Saree (Code: CPKS423). 100% natural organic vegetable dyes hand-drawn using traditional tamarind twig pens directly from Kailash Kalamkari master artisans since 1984.,https://www.kailash-kalamkari.com/?department=saree&product=srikalahasthi-pen-kalamkari-pure-kanchipuram-silk-CPKS423,https://lh3.googleusercontent.com/d/=w1200,in_stock,26500 INR,Kailash Kalamkari,new,2271,Apparel & Accessories > Clothing > Traditional Clothing > Pen Kalamkari Sarees
CPKS424,Kailash Kalamkari Srikalahasthi Pen Kalamkari Hand-Painted Pure Kanchipuram Silk Saree - CPKS424,Authentic hand-painted Srikalahasthi (Srikalahasti) Pen Kalamkari Pure Kanchipuram Silk Saree (Code: CPKS424). 100% natural organic vegetable dyes hand-drawn using traditional tamarind twig pens directly from Kailash Kalamkari master artisans since 1984.,https://www.kailash-kalamkari.com/?department=saree&product=srikalahasthi-pen-kalamkari-pure-kanchipuram-silk-CPKS424,https://lh3.googleusercontent.com/d/=w1200,in_stock,26500 INR,Kailash Kalamkari,new,2271,Apparel & Accessories > Clothing > Traditional Clothing > Pen Kalamkari Sarees
CPKS425,Kailash Kalamkari Srikalahasthi Pen Kalamkari Hand-Painted Pure Kanchipuram Silk Saree - CPKS425,Authentic hand-painted Srikalahasthi (Srikalahasti) Pen Kalamkari Pure Kanchipuram Silk Saree (Code: CPKS425). 100% natural organic vegetable dyes hand-drawn using traditional tamarind twig pens directly from Kailash Kalamkari master artisans since 1984.,https://www.kailash-kalamkari.com/?department=saree&product=srikalahasthi-pen-kalamkari-pure-kanchipuram-silk-CPKS425,https://lh3.googleusercontent.com/d/=w1200,in_stock,26500 INR,Kailash Kalamkari,new,2271,Apparel & Accessories > Clothing > Traditional Clothing > Pen Kalamkari Sarees
CPKS426,Kailash Kalamkari Srikalahasthi Pen Kalamkari Hand-Painted Pure Kanchipuram Silk Saree - CPKS426,Authentic hand-painted Srikalahasthi (Srikalahasti) Pen Kalamkari Pure Kanchipuram Silk Saree (Code: CPKS426). 100% natural organic vegetable dyes hand-drawn using traditional tamarind twig pens directly from Kailash Kalamkari master artisans since 1984.,https://www.kailash-kalamkari.com/?department=saree&product=srikalahasthi-pen-kalamkari-pure-kanchipuram-silk-CPKS426,https://lh3.googleusercontent.com/d/=w1200,in_stock,26500 INR,Kailash Kalamkari,new,2271,Apparel & Accessories > Clothing > Traditional Clothing > Pen Kalamkari Sarees
CPKS427,Kailash Kalamkari Srikalahasthi Pen Kalamkari Hand-Painted Pure Kanchipuram Silk Saree - CPKS427,Authentic hand-painted Srikalahasthi (Srikalahasti) Pen Kalamkari Pure Kanchipuram Silk Saree (Code: CPKS427). 100% natural organic vegetable dyes hand-drawn using traditional tamarind twig pens directly from Kailash Kalamkari master artisans since 1984.,https://www.kailash-kalamkari.com/?department=saree&product=srikalahasthi-pen-kalamkari-pure-kanchipuram-silk-CPKS427,https://lh3.googleusercontent.com/d/=w1200,in_stock,26500 INR,Kailash Kalamkari,new,2271,Apparel & Accessories > Clothing > Traditional Clothing > Pen Kalamkari Sarees
CPKS428,Kailash Kalamkari Srikalahasthi Pen Kalamkari Hand-Painted Pure Kanchipuram Silk Saree - CPKS428,Authentic hand-painted Srikalahasthi (Srikalahasti) Pen Kalamkari Pure Kanchipuram Silk Saree (Code: CPKS428). 100% natural organic vegetable dyes hand-drawn using traditional tamarind twig pens directly from Kailash Kalamkari master artisans since 1984.,https://www.kailash-kalamkari.com/?department=saree&product=srikalahasthi-pen-kalamkari-pure-kanchipuram-silk-CPKS428,https://lh3.googleusercontent.com/d/=w1200,in_stock,26500 INR,Kailash Kalamkari,new,2271,Apparel & Accessories > Clothing > Traditional Clothing > Pen Kalamkari Sarees
CPKS429,Kailash Kalamkari Srikalahasthi Pen Kalamkari Hand-Painted Pure Kanchipuram Silk Saree - CPKS429,Authentic hand-painted Srikalahasthi (Srikalahasti) Pen Kalamkari Pure Kanchipuram Silk Saree (Code: CPKS429). 100% natural organic vegetable dyes hand-drawn using traditional tamarind twig pens directly from Kailash Kalamkari master artisans since 1984.,https://www.kailash-kalamkari.com/?department=saree&product=srikalahasthi-pen-kalamkari-pure-kanchipuram-silk-CPKS429,https://lh3.googleusercontent.com/d/=w1200,in_stock,26500 INR,Kailash Kalamkari,new,2271,Apparel & Accessories > Clothing > Traditional Clothing > Pen Kalamkari Sarees
CPKS430,Kailash Kalamkari Srikalahasthi Pen Kalamkari Hand-Painted Pure Kanchipuram Silk Saree - CPKS430,Authentic hand-painted Srikalahasthi (Srikalahasti) Pen Kalamkari Pure Kanchipuram Silk Saree (Code: CPKS430). 100% natural organic vegetable dyes hand-drawn using traditional tamarind twig pens directly from Kailash Kalamkari master artisans since 1984.,https://www.kailash-kalamkari.com/?department=saree&product=srikalahasthi-pen-kalamkari-pure-kanchipuram-silk-CPKS430,https://lh3.googleusercontent.com/d/=w1200,in_stock,26500 INR,Kailash Kalamkari,new,2271,Apparel & Accessories > Clothing > Traditional Clothing > Pen Kalamkari Sarees
CPKS431,Kailash Kalamkari Srikalahasthi Pen Kalamkari Hand-Painted Pure Kanchipuram Silk Saree - CPKS431,Authentic hand-painted Srikalahasthi (Srikalahasti) Pen Kalamkari Pure Kanchipuram Silk Saree (Code: CPKS431). 100% natural organic vegetable dyes hand-drawn using traditional tamarind twig pens directly from Kailash Kalamkari master artisans since 1984.,https://www.kailash-kalamkari.com/?department=saree&product=srikalahasthi-pen-kalamkari-pure-kanchipuram-silk-CPKS431,https://lh3.googleusercontent.com/d/=w1200,in_stock,26500 INR,Kailash Kalamkari,new,2271,Apparel & Accessories > Clothing > Traditional Clothing > Pen Kalamkari Sarees
CPKS432,Kailash Kalamkari Srikalahasthi Pen Kalamkari Hand-Painted Pure Kanchipuram Silk Saree - CPKS432,Authentic hand-painted Srikalahasthi (Srikalahasti) Pen Kalamkari Pure Kanchipuram Silk Saree (Code: CPKS432). 100% natural organic vegetable dyes hand-drawn using traditional tamarind twig pens directly from Kailash Kalamkari master artisans since 1984.,https://www.kailash-kalamkari.com/?department=saree&product=srikalahasthi-pen-kalamkari-pure-kanchipuram-silk-CPKS432,https://lh3.googleusercontent.com/d/=w1200,in_stock,26500 INR,Kailash Kalamkari,new,2271,Apparel & Accessories > Clothing > Traditional Clothing > Pen Kalamkari Sarees
CPUR613,Kailash Kalamkari Srikalahasthi Pen Kalamkari Hand-Painted Pure Kanchipuram story Dupatta - CPUR613,Authentic hand-painted Srikalahasthi (Srikalahasti) Pen Kalamkari Pure Kanchipuram story Dupatta (Code: CPUR613). 100% natural organic vegetable dyes hand-drawn using traditional tamarind twig pens directly from Kailash Kalamkari master artisans since 1984.,https://www.kailash-kalamkari.com/?department=dupatta&product=srikalahasthi-pen-kalamkari-pure-kanchipuram-story-CPUR613,https://lh3.googleusercontent.com/d/=w1200,in_stock,13500 INR,Kailash Kalamkari,new,212,Apparel & Accessories > Clothing > Traditional Clothing > Pen Kalamkari Dupattas
CPUR615,Kailash Kalamkari Srikalahasthi Pen Kalamkari Hand-Painted Pure Kanchipuram floral Dupatta - CPUR615,Authentic hand-painted Srikalahasthi (Srikalahasti) Pen Kalamkari Pure Kanchipuram floral Dupatta (Code: CPUR615). 100% natural organic vegetable dyes hand-drawn using traditional tamarind twig pens directly from Kailash Kalamkari master artisans since 1984.,https://www.kailash-kalamkari.com/?department=dupatta&product=srikalahasthi-pen-kalamkari-pure-kanchipuram-floral-CPUR615,https://lh3.googleusercontent.com/d/=w1200,in_stock,12500 INR,Kailash Kalamkari,new,212,Apparel & Accessories > Clothing > Traditional Clothing > Pen Kalamkari Dupattas
CPUR616,Kailash Kalamkari Srikalahasthi Pen Kalamkari Hand-Painted Pure Kanchipuram floral Dupatta - CPUR616,Authentic hand-painted Srikalahasthi (Srikalahasti) Pen Kalamkari Pure Kanchipuram floral Dupatta (Code: CPUR616). 100% natural organic vegetable dyes hand-drawn using traditional tamarind twig pens directly from Kailash Kalamkari master artisans since 1984.,https://www.kailash-kalamkari.com/?department=dupatta&product=srikalahasthi-pen-kalamkari-pure-kanchipuram-floral-CPUR616,https://lh3.googleusercontent.com/d/=w1200,in_stock,12500 INR,Kailash Kalamkari,new,212,Apparel & Accessories > Clothing > Traditional Clothing > Pen Kalamkari Dupattas
CPUR617,Kailash Kalamkari Srikalahasthi Pen Kalamkari Hand-Painted Pure Kanchipuram floral Dupatta - CPUR617,Authentic hand-painted Srikalahasthi (Srikalahasti) Pen Kalamkari Pure Kanchipuram floral Dupatta (Code: CPUR617). 100% natural organic vegetable dyes hand-drawn using traditional tamarind twig pens directly from Kailash Kalamkari master artisans since 1984.,https://www.kailash-kalamkari.com/?department=dupatta&product=srikalahasthi-pen-kalamkari-pure-kanchipuram-floral-CPUR617,https://lh3.googleusercontent.com/d/=w1200,in_stock,12500 INR,Kailash Kalamkari,new,212,Apparel & Accessories > Clothing > Traditional Clothing > Pen Kalamkari Dupattas
CPUR619,Kailash Kalamkari Srikalahasthi Pen Kalamkari Hand-Painted Pure Kanchipuram floral Dupatta - CPUR619,Authentic hand-painted Srikalahasthi (Srikalahasti) Pen Kalamkari Pure Kanchipuram floral Dupatta (Code: CPUR619). 100% natural organic vegetable dyes hand-drawn using traditional tamarind twig pens directly from Kailash Kalamkari master artisans since 1984.,https://www.kailash-kalamkari.com/?department=dupatta&product=srikalahasthi-pen-kalamkari-pure-kanchipuram-floral-CPUR619,https://lh3.googleusercontent.com/d/=w1200,in_stock,12500 INR,Kailash Kalamkari,new,212,Apparel & Accessories > Clothing > Traditional Clothing > Pen Kalamkari Dupattas
CPUR723,Kailash Kalamkari Srikalahasthi Pen Kalamkari Hand-Painted Pure Tussar Silk Dupatta - CPUR723,Authentic hand-painted Srikalahasthi (Srikalahasti) Pen Kalamkari Pure Tussar Silk Dupatta (Code: CPUR723). 100% natural organic vegetable dyes hand-drawn using traditional tamarind twig pens directly from Kailash Kalamkari master artisans since 1984.,https://www.kailash-kalamkari.com/?department=dupatta&product=srikalahasthi-pen-kalamkari-pure-tussar-silk-CPUR723,https://lh3.googleusercontent.com/d/=w1200,in_stock,3800 INR,Kailash Kalamkari,new,212,Apparel & Accessories > Clothing > Traditional Clothing > Pen Kalamkari Dupattas
CPUR724,Kailash Kalamkari Srikalahasthi Pen Kalamkari Hand-Painted Pure Tussar Silk Dupatta - CPUR724,Authentic hand-painted Srikalahasthi (Srikalahasti) Pen Kalamkari Pure Tussar Silk Dupatta (Code: CPUR724). 100% natural organic vegetable dyes hand-drawn using traditional tamarind twig pens directly from Kailash Kalamkari master artisans since 1984.,https://www.kailash-kalamkari.com/?department=dupatta&product=srikalahasthi-pen-kalamkari-pure-tussar-silk-CPUR724,https://lh3.googleusercontent.com/d/=w1200,in_stock,3800 INR,Kailash Kalamkari,new,212,Apparel & Accessories > Clothing > Traditional Clothing > Pen Kalamkari Dupattas
CPUR726,Kailash Kalamkari Srikalahasthi Pen Kalamkari Hand-Painted Pure Tussar Silk Dupatta - CPUR726,Authentic hand-painted Srikalahasthi (Srikalahasti) Pen Kalamkari Pure Tussar Silk Dupatta (Code: CPUR726). 100% natural organic vegetable dyes hand-drawn using traditional tamarind twig pens directly from Kailash Kalamkari master artisans since 1984.,https://www.kailash-kalamkari.com/?department=dupatta&product=srikalahasthi-pen-kalamkari-pure-tussar-silk-CPUR726,https://lh3.googleusercontent.com/d/=w1200,in_stock,3800 INR,Kailash Kalamkari,new,212,Apparel & Accessories > Clothing > Traditional Clothing > Pen Kalamkari Dupattas
CPUR727,Kailash Kalamkari Srikalahasthi Pen Kalamkari Hand-Painted Pure Tussar Silk Dupatta - CPUR727,Authentic hand-painted Srikalahasthi (Srikalahasti) Pen Kalamkari Pure Tussar Silk Dupatta (Code: CPUR727). 100% natural organic vegetable dyes hand-drawn using traditional tamarind twig pens directly from Kailash Kalamkari master artisans since 1984.,https://www.kailash-kalamkari.com/?department=dupatta&product=srikalahasthi-pen-kalamkari-pure-tussar-silk-CPUR727,https://lh3.googleusercontent.com/d/=w1200,in_stock,3800 INR,Kailash Kalamkari,new,212,Apparel & Accessories > Clothing > Traditional Clothing > Pen Kalamkari Dupattas
CPUR620,Kailash Kalamkari Srikalahasthi Pen Kalamkari Hand-Painted Pure Tussar Silk Dupatta - CPUR620,Authentic hand-painted Srikalahasthi (Srikalahasti) Pen Kalamkari Pure Tussar Silk Dupatta (Code: CPUR620). 100% natural organic vegetable dyes hand-drawn using traditional tamarind twig pens directly from Kailash Kalamkari master artisans since 1984.,https://www.kailash-kalamkari.com/?department=dupatta&product=srikalahasthi-pen-kalamkari-pure-tussar-silk-CPUR620,https://lh3.googleusercontent.com/d/=w1200,in_stock,3800 INR,Kailash Kalamkari,new,212,Apparel & Accessories > Clothing > Traditional Clothing > Pen Kalamkari Dupattas
CPUR621,Kailash Kalamkari Srikalahasthi Pen Kalamkari Hand-Painted Pure Tussar Silk Dupatta - CPUR621,Authentic hand-painted Srikalahasthi (Srikalahasti) Pen Kalamkari Pure Tussar Silk Dupatta (Code: CPUR621). 100% natural organic vegetable dyes hand-drawn using traditional tamarind twig pens directly from Kailash Kalamkari master artisans since 1984.,https://www.kailash-kalamkari.com/?department=dupatta&product=srikalahasthi-pen-kalamkari-pure-tussar-silk-CPUR621,https://lh3.googleusercontent.com/d/=w1200,in_stock,3800 INR,Kailash Kalamkari,new,212,Apparel & Accessories > Clothing > Traditional Clothing > Pen Kalamkari Dupattas
CPUR622,Kailash Kalamkari Srikalahasthi Pen Kalamkari Hand-Painted Pure Tussar Silk Dupatta - CPUR622,Authentic hand-painted Srikalahasthi (Srikalahasti) Pen Kalamkari Pure Tussar Silk Dupatta (Code: CPUR622). 100% natural organic vegetable dyes hand-drawn using traditional tamarind twig pens directly from Kailash Kalamkari master artisans since 1984.,https://www.kailash-kalamkari.com/?department=dupatta&product=srikalahasthi-pen-kalamkari-pure-tussar-silk-CPUR622,https://lh3.googleusercontent.com/d/=w1200,in_stock,3800 INR,Kailash Kalamkari,new,212,Apparel & Accessories > Clothing > Traditional Clothing > Pen Kalamkari Dupattas
CPUR623,Kailash Kalamkari Srikalahasthi Pen Kalamkari Hand-Painted Pure Tussar Silk Dupatta - CPUR623,Authentic hand-painted Srikalahasthi (Srikalahasti) Pen Kalamkari Pure Tussar Silk Dupatta (Code: CPUR623). 100% natural organic vegetable dyes hand-drawn using traditional tamarind twig pens directly from Kailash Kalamkari master artisans since 1984.,https://www.kailash-kalamkari.com/?department=dupatta&product=srikalahasthi-pen-kalamkari-pure-tussar-silk-CPUR623,https://lh3.googleusercontent.com/d/=w1200,in_stock,3800 INR,Kailash Kalamkari,new,212,Apparel & Accessories > Clothing > Traditional Clothing > Pen Kalamkari Dupattas
CPUR624,Kailash Kalamkari Srikalahasthi Pen Kalamkari Hand-Painted Pure Tussar Silk Dupatta - CPUR624,Authentic hand-painted Srikalahasthi (Srikalahasti) Pen Kalamkari Pure Tussar Silk Dupatta (Code: CPUR624). 100% natural organic vegetable dyes hand-drawn using traditional tamarind twig pens directly from Kailash Kalamkari master artisans since 1984.,https://www.kailash-kalamkari.com/?department=dupatta&product=srikalahasthi-pen-kalamkari-pure-tussar-silk-CPUR624,https://lh3.googleusercontent.com/d/=w1200,in_stock,3800 INR,Kailash Kalamkari,new,212,Apparel & Accessories > Clothing > Traditional Clothing > Pen Kalamkari Dupattas
CPUR625,Kailash Kalamkari Srikalahasthi Pen Kalamkari Hand-Painted Pure Tussar Silk Dupatta - CPUR625,Authentic hand-painted Srikalahasthi (Srikalahasti) Pen Kalamkari Pure Tussar Silk Dupatta (Code: CPUR625). 100% natural organic vegetable dyes hand-drawn using traditional tamarind twig pens directly from Kailash Kalamkari master artisans since 1984.,https://www.kailash-kalamkari.com/?department=dupatta&product=srikalahasthi-pen-kalamkari-pure-tussar-silk-CPUR625,https://lh3.googleusercontent.com/d/=w1200,in_stock,3800 INR,Kailash Kalamkari,new,212,Apparel & Accessories > Clothing > Traditional Clothing > Pen Kalamkari Dupattas
CPUR626,Kailash Kalamkari Srikalahasthi Pen Kalamkari Hand-Painted Pure Tussar Silk Dupatta - CPUR626,Authentic hand-painted Srikalahasthi (Srikalahasti) Pen Kalamkari Pure Tussar Silk Dupatta (Code: CPUR626). 100% natural organic vegetable dyes hand-drawn using traditional tamarind twig pens directly from Kailash Kalamkari master artisans since 1984.,https://www.kailash-kalamkari.com/?department=dupatta&product=srikalahasthi-pen-kalamkari-pure-tussar-silk-CPUR626,https://lh3.googleusercontent.com/d/=w1200,in_stock,3800 INR,Kailash Kalamkari,new,212,Apparel & Accessories > Clothing > Traditional Clothing > Pen Kalamkari Dupattas
CPUR627,Kailash Kalamkari Srikalahasthi Pen Kalamkari Hand-Painted Pure Tussar Silk Dupatta - CPUR627,Authentic hand-painted Srikalahasthi (Srikalahasti) Pen Kalamkari Pure Tussar Silk Dupatta (Code: CPUR627). 100% natural organic vegetable dyes hand-drawn using traditional tamarind twig pens directly from Kailash Kalamkari master artisans since 1984.,https://www.kailash-kalamkari.com/?department=dupatta&product=srikalahasthi-pen-kalamkari-pure-tussar-silk-CPUR627,https://lh3.googleusercontent.com/d/=w1200,in_stock,3800 INR,Kailash Kalamkari,new,212,Apparel & Accessories > Clothing > Traditional Clothing > Pen Kalamkari Dupattas
CPUR628,Kailash Kalamkari Srikalahasthi Pen Kalamkari Hand-Painted Pure Tussar Silk Dupatta - CPUR628,Authentic hand-painted Srikalahasthi (Srikalahasti) Pen Kalamkari Pure Tussar Silk Dupatta (Code: CPUR628). 100% natural organic vegetable dyes hand-drawn using traditional tamarind twig pens directly from Kailash Kalamkari master artisans since 1984.,https://www.kailash-kalamkari.com/?department=dupatta&product=srikalahasthi-pen-kalamkari-pure-tussar-silk-CPUR628,https://lh3.googleusercontent.com/d/=w1200,in_stock,3800 INR,Kailash Kalamkari,new,212,Apparel & Accessories > Clothing > Traditional Clothing > Pen Kalamkari Dupattas
CPUR629,Kailash Kalamkari Srikalahasthi Pen Kalamkari Hand-Painted Pure Tussar Silk Dupatta - CPUR629,Authentic hand-painted Srikalahasthi (Srikalahasti) Pen Kalamkari Pure Tussar Silk Dupatta (Code: CPUR629). 100% natural organic vegetable dyes hand-drawn using traditional tamarind twig pens directly from Kailash Kalamkari master artisans since 1984.,https://www.kailash-kalamkari.com/?department=dupatta&product=srikalahasthi-pen-kalamkari-pure-tussar-silk-CPUR629,https://lh3.googleusercontent.com/d/=w1200,in_stock,3800 INR,Kailash Kalamkari,new,212,Apparel & Accessories > Clothing > Traditional Clothing > Pen Kalamkari Dupattas
CPUR630,Kailash Kalamkari Srikalahasthi Pen Kalamkari Hand-Painted Pure Tussar Silk Dupatta - CPUR630,Authentic hand-painted Srikalahasthi (Srikalahasti) Pen Kalamkari Pure Tussar Silk Dupatta (Code: CPUR630). 100% natural organic vegetable dyes hand-drawn using traditional tamarind twig pens directly from Kailash Kalamkari master artisans since 1984.,https://www.kailash-kalamkari.com/?department=dupatta&product=srikalahasthi-pen-kalamkari-pure-tussar-silk-CPUR630,https://lh3.googleusercontent.com/d/=w1200,in_stock,3800 INR,Kailash Kalamkari,new,212,Apparel & Accessories > Clothing > Traditional Clothing > Pen Kalamkari Dupattas
CPUR631,Kailash Kalamkari Srikalahasthi Pen Kalamkari Hand-Painted Pure Tussar Silk Dupatta - CPUR631,Authentic hand-painted Srikalahasthi (Srikalahasti) Pen Kalamkari Pure Tussar Silk Dupatta (Code: CPUR631). 100% natural organic vegetable dyes hand-drawn using traditional tamarind twig pens directly from Kailash Kalamkari master artisans since 1984.,https://www.kailash-kalamkari.com/?department=dupatta&product=srikalahasthi-pen-kalamkari-pure-tussar-silk-CPUR631,https://lh3.googleusercontent.com/d/=w1200,in_stock,3800 INR,Kailash Kalamkari,new,212,Apparel & Accessories > Clothing > Traditional Clothing > Pen Kalamkari Dupattas
CPUR632,Kailash Kalamkari Srikalahasthi Pen Kalamkari Hand-Painted Pure Tussar Silk Dupatta - CPUR632,Authentic hand-painted Srikalahasthi (Srikalahasti) Pen Kalamkari Pure Tussar Silk Dupatta (Code: CPUR632). 100% natural organic vegetable dyes hand-drawn using traditional tamarind twig pens directly from Kailash Kalamkari master artisans since 1984.,https://www.kailash-kalamkari.com/?department=dupatta&product=srikalahasthi-pen-kalamkari-pure-tussar-silk-CPUR632,https://lh3.googleusercontent.com/d/=w1200,in_stock,3800 INR,Kailash Kalamkari,new,212,Apparel & Accessories > Clothing > Traditional Clothing > Pen Kalamkari Dupattas
CPUR633,Kailash Kalamkari Srikalahasthi Pen Kalamkari Hand-Painted Pure Tussar Silk Dupatta - CPUR633,Authentic hand-painted Srikalahasthi (Srikalahasti) Pen Kalamkari Pure Tussar Silk Dupatta (Code: CPUR633). 100% natural organic vegetable dyes hand-drawn using traditional tamarind twig pens directly from Kailash Kalamkari master artisans since 1984.,https://www.kailash-kalamkari.com/?department=dupatta&product=srikalahasthi-pen-kalamkari-pure-tussar-silk-CPUR633,https://lh3.googleusercontent.com/d/=w1200,in_stock,3800 INR,Kailash Kalamkari,new,212,Apparel & Accessories > Clothing > Traditional Clothing > Pen Kalamkari Dupattas
CPUR634,Kailash Kalamkari Srikalahasthi Pen Kalamkari Hand-Painted Pure Tussar Silk Dupatta - CPUR634,Authentic hand-painted Srikalahasthi (Srikalahasti) Pen Kalamkari Pure Tussar Silk Dupatta (Code: CPUR634). 100% natural organic vegetable dyes hand-drawn using traditional tamarind twig pens directly from Kailash Kalamkari master artisans since 1984.,https://www.kailash-kalamkari.com/?department=dupatta&product=srikalahasthi-pen-kalamkari-pure-tussar-silk-CPUR634,https://lh3.googleusercontent.com/d/=w1200,in_stock,3800 INR,Kailash Kalamkari,new,212,Apparel & Accessories > Clothing > Traditional Clothing > Pen Kalamkari Dupattas
CPUR635,Kailash Kalamkari Srikalahasthi Pen Kalamkari Hand-Painted Pure Tussar Silk Dupatta - CPUR635,Authentic hand-painted Srikalahasthi (Srikalahasti) Pen Kalamkari Pure Tussar Silk Dupatta (Code: CPUR635). 100% natural organic vegetable dyes hand-drawn using traditional tamarind twig pens directly from Kailash Kalamkari master artisans since 1984.,https://www.kailash-kalamkari.com/?department=dupatta&product=srikalahasthi-pen-kalamkari-pure-tussar-silk-CPUR635,https://lh3.googleusercontent.com/d/=w1200,in_stock,3800 INR,Kailash Kalamkari,new,212,Apparel & Accessories > Clothing > Traditional Clothing > Pen Kalamkari Dupattas
CPUR636,Kailash Kalamkari Srikalahasthi Pen Kalamkari Hand-Painted Pure Tussar Silk Dupatta - CPUR636,Authentic hand-painted Srikalahasthi (Srikalahasti) Pen Kalamkari Pure Tussar Silk Dupatta (Code: CPUR636). 100% natural organic vegetable dyes hand-drawn using traditional tamarind twig pens directly from Kailash Kalamkari master artisans since 1984.,https://www.kailash-kalamkari.com/?department=dupatta&product=srikalahasthi-pen-kalamkari-pure-tussar-silk-CPUR636,https://lh3.googleusercontent.com/d/=w1200,in_stock,3800 INR,Kailash Kalamkari,new,212,Apparel & Accessories > Clothing > Traditional Clothing > Pen Kalamkari Dupattas
CPUR637,Kailash Kalamkari Srikalahasthi Pen Kalamkari Hand-Painted Pure Tussar Silk Dupatta - CPUR637,Authentic hand-painted Srikalahasthi (Srikalahasti) Pen Kalamkari Pure Tussar Silk Dupatta (Code: CPUR637). 100% natural organic vegetable dyes hand-drawn using traditional tamarind twig pens directly from Kailash Kalamkari master artisans since 1984.,https://www.kailash-kalamkari.com/?department=dupatta&product=srikalahasthi-pen-kalamkari-pure-tussar-silk-CPUR637,https://lh3.googleusercontent.com/d/=w1200,in_stock,3800 INR,Kailash Kalamkari,new,212,Apparel & Accessories > Clothing > Traditional Clothing > Pen Kalamkari Dupattas
CPUR638,Kailash Kalamkari Srikalahasthi Pen Kalamkari Hand-Painted Pure Tussar Silk Dupatta - CPUR638,Authentic hand-painted Srikalahasthi (Srikalahasti) Pen Kalamkari Pure Tussar Silk Dupatta (Code: CPUR638). 100% natural organic vegetable dyes hand-drawn using traditional tamarind twig pens directly from Kailash Kalamkari master artisans since 1984.,https://www.kailash-kalamkari.com/?department=dupatta&product=srikalahasthi-pen-kalamkari-pure-tussar-silk-CPUR638,https://lh3.googleusercontent.com/d/=w1200,in_stock,3800 INR,Kailash Kalamkari,new,212,Apparel & Accessories > Clothing > Traditional Clothing > Pen Kalamkari Dupattas
CPUR639,Kailash Kalamkari Srikalahasthi Pen Kalamkari Hand-Painted Pure Tussar Silk Dupatta - CPUR639,Authentic hand-painted Srikalahasthi (Srikalahasti) Pen Kalamkari Pure Tussar Silk Dupatta (Code: CPUR639). 100% natural organic vegetable dyes hand-drawn using traditional tamarind twig pens directly from Kailash Kalamkari master artisans since 1984.,https://www.kailash-kalamkari.com/?department=dupatta&product=srikalahasthi-pen-kalamkari-pure-tussar-silk-CPUR639,https://lh3.googleusercontent.com/d/=w1200,in_stock,3800 INR,Kailash Kalamkari,new,212,Apparel & Accessories > Clothing > Traditional Clothing > Pen Kalamkari Dupattas
CPUR640,Kailash Kalamkari Srikalahasthi Pen Kalamkari Hand-Painted Pure Tussar Silk Dupatta - CPUR640,Authentic hand-painted Srikalahasthi (Srikalahasti) Pen Kalamkari Pure Tussar Silk Dupatta (Code: CPUR640). 100% natural organic vegetable dyes hand-drawn using traditional tamarind twig pens directly from Kailash Kalamkari master artisans since 1984.,https://www.kailash-kalamkari.com/?department=dupatta&product=srikalahasthi-pen-kalamkari-pure-tussar-silk-CPUR640,https://lh3.googleusercontent.com/d/=w1200,in_stock,3800 INR,Kailash Kalamkari,new,212,Apparel & Accessories > Clothing > Traditional Clothing > Pen Kalamkari Dupattas
CPUR641,Kailash Kalamkari Srikalahasthi Pen Kalamkari Hand-Painted Pure Tussar Silk Dupatta - CPUR641,Authentic hand-painted Srikalahasthi (Srikalahasti) Pen Kalamkari Pure Tussar Silk Dupatta (Code: CPUR641). 100% natural organic vegetable dyes hand-drawn using traditional tamarind twig pens directly from Kailash Kalamkari master artisans since 1984.,https://www.kailash-kalamkari.com/?department=dupatta&product=srikalahasthi-pen-kalamkari-pure-tussar-silk-CPUR641,https://lh3.googleusercontent.com/d/=w1200,in_stock,3800 INR,Kailash Kalamkari,new,212,Apparel & Accessories > Clothing > Traditional Clothing > Pen Kalamkari Dupattas
CPUR642,Kailash Kalamkari Srikalahasthi Pen Kalamkari Hand-Painted Pure Tussar Silk Dupatta - CPUR642,Authentic hand-painted Srikalahasthi (Srikalahasti) Pen Kalamkari Pure Tussar Silk Dupatta (Code: CPUR642). 100% natural organic vegetable dyes hand-drawn using traditional tamarind twig pens directly from Kailash Kalamkari master artisans since 1984.,https://www.kailash-kalamkari.com/?department=dupatta&product=srikalahasthi-pen-kalamkari-pure-tussar-silk-CPUR642,https://lh3.googleusercontent.com/d/=w1200,in_stock,3800 INR,Kailash Kalamkari,new,212,Apparel & Accessories > Clothing > Traditional Clothing > Pen Kalamkari Dupattas
CPUR643,Kailash Kalamkari Srikalahasthi Pen Kalamkari Hand-Painted Pure Tussar Silk Dupatta - CPUR643,Authentic hand-painted Srikalahasthi (Srikalahasti) Pen Kalamkari Pure Tussar Silk Dupatta (Code: CPUR643). 100% natural organic vegetable dyes hand-drawn using traditional tamarind twig pens directly from Kailash Kalamkari master artisans since 1984.,https://www.kailash-kalamkari.com/?department=dupatta&product=srikalahasthi-pen-kalamkari-pure-tussar-silk-CPUR643,https://lh3.googleusercontent.com/d/=w1200,in_stock,3800 INR,Kailash Kalamkari,new,212,Apparel & Accessories > Clothing > Traditional Clothing > Pen Kalamkari Dupattas
CPUR644,Kailash Kalamkari Srikalahasthi Pen Kalamkari Hand-Painted Pure Tussar Silk Dupatta - CPUR644,Authentic hand-painted Srikalahasthi (Srikalahasti) Pen Kalamkari Pure Tussar Silk Dupatta (Code: CPUR644). 100% natural organic vegetable dyes hand-drawn using traditional tamarind twig pens directly from Kailash Kalamkari master artisans since 1984.,https://www.kailash-kalamkari.com/?department=dupatta&product=srikalahasthi-pen-kalamkari-pure-tussar-silk-CPUR644,https://lh3.googleusercontent.com/d/=w1200,in_stock,3800 INR,Kailash Kalamkari,new,212,Apparel & Accessories > Clothing > Traditional Clothing > Pen Kalamkari Dupattas
CPUR645,Kailash Kalamkari Srikalahasthi Pen Kalamkari Hand-Painted Pure Tussar Silk Dupatta - CPUR645,Authentic hand-painted Srikalahasthi (Srikalahasti) Pen Kalamkari Pure Tussar Silk Dupatta (Code: CPUR645). 100% natural organic vegetable dyes hand-drawn using traditional tamarind twig pens directly from Kailash Kalamkari master artisans since 1984.,https://www.kailash-kalamkari.com/?department=dupatta&product=srikalahasthi-pen-kalamkari-pure-tussar-silk-CPUR645,https://lh3.googleusercontent.com/d/=w1200,in_stock,3800 INR,Kailash Kalamkari,new,212,Apparel & Accessories > Clothing > Traditional Clothing > Pen Kalamkari Dupattas
CPUR646,Kailash Kalamkari Srikalahasthi Pen Kalamkari Hand-Painted Pure Tussar Silk Dupatta - CPUR646,Authentic hand-painted Srikalahasthi (Srikalahasti) Pen Kalamkari Pure Tussar Silk Dupatta (Code: CPUR646). 100% natural organic vegetable dyes hand-drawn using traditional tamarind twig pens directly from Kailash Kalamkari master artisans since 1984.,https://www.kailash-kalamkari.com/?department=dupatta&product=srikalahasthi-pen-kalamkari-pure-tussar-silk-CPUR646,https://lh3.googleusercontent.com/d/=w1200,in_stock,3800 INR,Kailash Kalamkari,new,212,Apparel & Accessories > Clothing > Traditional Clothing > Pen Kalamkari Dupattas
CPUR648,Kailash Kalamkari Srikalahasthi Pen Kalamkari Hand-Painted Pure Tussar Silk Dupatta - CPUR648,Authentic hand-painted Srikalahasthi (Srikalahasti) Pen Kalamkari Pure Tussar Silk Dupatta (Code: CPUR648). 100% natural organic vegetable dyes hand-drawn using traditional tamarind twig pens directly from Kailash Kalamkari master artisans since 1984.,https://www.kailash-kalamkari.com/?department=dupatta&product=srikalahasthi-pen-kalamkari-pure-tussar-silk-CPUR648,https://lh3.googleusercontent.com/d/=w1200,in_stock,3800 INR,Kailash Kalamkari,new,212,Apparel & Accessories > Clothing > Traditional Clothing > Pen Kalamkari Dupattas
CPUR649,Kailash Kalamkari Srikalahasthi Pen Kalamkari Hand-Painted Pure Tussar Silk Dupatta - CPUR649,Authentic hand-painted Srikalahasthi (Srikalahasti) Pen Kalamkari Pure Tussar Silk Dupatta (Code: CPUR649). 100% natural organic vegetable dyes hand-drawn using traditional tamarind twig pens directly from Kailash Kalamkari master artisans since 1984.,https://www.kailash-kalamkari.com/?department=dupatta&product=srikalahasthi-pen-kalamkari-pure-tussar-silk-CPUR649,https://lh3.googleusercontent.com/d/=w1200,in_stock,3800 INR,Kailash Kalamkari,new,212,Apparel & Accessories > Clothing > Traditional Clothing > Pen Kalamkari Dupattas
CPUR650,Kailash Kalamkari Srikalahasthi Pen Kalamkari Hand-Painted Pure Tussar Silk Dupatta - CPUR650,Authentic hand-painted Srikalahasthi (Srikalahasti) Pen Kalamkari Pure Tussar Silk Dupatta (Code: CPUR650). 100% natural organic vegetable dyes hand-drawn using traditional tamarind twig pens directly from Kailash Kalamkari master artisans since 1984.,https://www.kailash-kalamkari.com/?department=dupatta&product=srikalahasthi-pen-kalamkari-pure-tussar-silk-CPUR650,https://lh3.googleusercontent.com/d/=w1200,in_stock,3800 INR,Kailash Kalamkari,new,212,Apparel & Accessories > Clothing > Traditional Clothing > Pen Kalamkari Dupattas
CPUR651,Kailash Kalamkari Srikalahasthi Pen Kalamkari Hand-Painted Pure Tussar Silk Dupatta - CPUR651,Authentic hand-painted Srikalahasthi (Srikalahasti) Pen Kalamkari Pure Tussar Silk Dupatta (Code: CPUR651). 100% natural organic vegetable dyes hand-drawn using traditional tamarind twig pens directly from Kailash Kalamkari master artisans since 1984.,https://www.kailash-kalamkari.com/?department=dupatta&product=srikalahasthi-pen-kalamkari-pure-tussar-silk-CPUR651,https://lh3.googleusercontent.com/d/=w1200,in_stock,3800 INR,Kailash Kalamkari,new,212,Apparel & Accessories > Clothing > Traditional Clothing > Pen Kalamkari Dupattas
CPUR652,Kailash Kalamkari Srikalahasthi Pen Kalamkari Hand-Painted Pure Tussar Silk Dupatta - CPUR652,Authentic hand-painted Srikalahasthi (Srikalahasti) Pen Kalamkari Pure Tussar Silk Dupatta (Code: CPUR652). 100% natural organic vegetable dyes hand-drawn using traditional tamarind twig pens directly from Kailash Kalamkari master artisans since 1984.,https://www.kailash-kalamkari.com/?department=dupatta&product=srikalahasthi-pen-kalamkari-pure-tussar-silk-CPUR652,https://lh3.googleusercontent.com/d/=w1200,in_stock,3800 INR,Kailash Kalamkari,new,212,Apparel & Accessories > Clothing > Traditional Clothing > Pen Kalamkari Dupattas
CPUR653,Kailash Kalamkari Srikalahasthi Pen Kalamkari Hand-Painted Pure Tussar Silk Dupatta - CPUR653,Authentic hand-painted Srikalahasthi (Srikalahasti) Pen Kalamkari Pure Tussar Silk Dupatta (Code: CPUR653). 100% natural organic vegetable dyes hand-drawn using traditional tamarind twig pens directly from Kailash Kalamkari master artisans since 1984.,https://www.kailash-kalamkari.com/?department=dupatta&product=srikalahasthi-pen-kalamkari-pure-tussar-silk-CPUR653,https://lh3.googleusercontent.com/d/=w1200,in_stock,3800 INR,Kailash Kalamkari,new,212,Apparel & Accessories > Clothing > Traditional Clothing > Pen Kalamkari Dupattas
CPUR654,Kailash Kalamkari Srikalahasthi Pen Kalamkari Hand-Painted Pure Tussar Silk Dupatta - CPUR654,Authentic hand-painted Srikalahasthi (Srikalahasti) Pen Kalamkari Pure Tussar Silk Dupatta (Code: CPUR654). 100% natural organic vegetable dyes hand-drawn using traditional tamarind twig pens directly from Kailash Kalamkari master artisans since 1984.,https://www.kailash-kalamkari.com/?department=dupatta&product=srikalahasthi-pen-kalamkari-pure-tussar-silk-CPUR654,https://lh3.googleusercontent.com/d/=w1200,in_stock,3800 INR,Kailash Kalamkari,new,212,Apparel & Accessories > Clothing > Traditional Clothing > Pen Kalamkari Dupattas
CPUR655,Kailash Kalamkari Srikalahasthi Pen Kalamkari Hand-Painted Pure Tussar Silk Dupatta - CPUR655,Authentic hand-painted Srikalahasthi (Srikalahasti) Pen Kalamkari Pure Tussar Silk Dupatta (Code: CPUR655). 100% natural organic vegetable dyes hand-drawn using traditional tamarind twig pens directly from Kailash Kalamkari master artisans since 1984.,https://www.kailash-kalamkari.com/?department=dupatta&product=srikalahasthi-pen-kalamkari-pure-tussar-silk-CPUR655,https://lh3.googleusercontent.com/d/=w1200,in_stock,3800 INR,Kailash Kalamkari,new,212,Apparel & Accessories > Clothing > Traditional Clothing > Pen Kalamkari Dupattas
CPUR656,Kailash Kalamkari Srikalahasthi Pen Kalamkari Hand-Painted Pure Tussar Silk Dupatta - CPUR656,Authentic hand-painted Srikalahasthi (Srikalahasti) Pen Kalamkari Pure Tussar Silk Dupatta (Code: CPUR656). 100% natural organic vegetable dyes hand-drawn using traditional tamarind twig pens directly from Kailash Kalamkari master artisans since 1984.,https://www.kailash-kalamkari.com/?department=dupatta&product=srikalahasthi-pen-kalamkari-pure-tussar-silk-CPUR656,https://lh3.googleusercontent.com/d/=w1200,in_stock,3800 INR,Kailash Kalamkari,new,212,Apparel & Accessories > Clothing > Traditional Clothing > Pen Kalamkari Dupattas
CPUR657,Kailash Kalamkari Srikalahasthi Pen Kalamkari Hand-Painted Pure Tussar Silk Dupatta - CPUR657,Authentic hand-painted Srikalahasthi (Srikalahasti) Pen Kalamkari Pure Tussar Silk Dupatta (Code: CPUR657). 100% natural organic vegetable dyes hand-drawn using traditional tamarind twig pens directly from Kailash Kalamkari master artisans since 1984.,https://www.kailash-kalamkari.com/?department=dupatta&product=srikalahasthi-pen-kalamkari-pure-tussar-silk-CPUR657,https://lh3.googleusercontent.com/d/=w1200,in_stock,3800 INR,Kailash Kalamkari,new,212,Apparel & Accessories > Clothing > Traditional Clothing > Pen Kalamkari Dupattas
CPUR658,Kailash Kalamkari Srikalahasthi Pen Kalamkari Hand-Painted Pure Tussar Silk Dupatta - CPUR658,Authentic hand-painted Srikalahasthi (Srikalahasti) Pen Kalamkari Pure Tussar Silk Dupatta (Code: CPUR658). 100% natural organic vegetable dyes hand-drawn using traditional tamarind twig pens directly from Kailash Kalamkari master artisans since 1984.,https://www.kailash-kalamkari.com/?department=dupatta&product=srikalahasthi-pen-kalamkari-pure-tussar-silk-CPUR658,https://lh3.googleusercontent.com/d/=w1200,in_stock,3800 INR,Kailash Kalamkari,new,212,Apparel & Accessories > Clothing > Traditional Clothing > Pen Kalamkari Dupattas
CPUR659,Kailash Kalamkari Srikalahasthi Pen Kalamkari Hand-Painted Pure Tussar Silk Dupatta - CPUR659,Authentic hand-painted Srikalahasthi (Srikalahasti) Pen Kalamkari Pure Tussar Silk Dupatta (Code: CPUR659). 100% natural organic vegetable dyes hand-drawn using traditional tamarind twig pens directly from Kailash Kalamkari master artisans since 1984.,https://www.kailash-kalamkari.com/?department=dupatta&product=srikalahasthi-pen-kalamkari-pure-tussar-silk-CPUR659,https://lh3.googleusercontent.com/d/=w1200,in_stock,3800 INR,Kailash Kalamkari,new,212,Apparel & Accessories > Clothing > Traditional Clothing > Pen Kalamkari Dupattas
CPUR660,Kailash Kalamkari Srikalahasthi Pen Kalamkari Hand-Painted Pure Tussar Silk Dupatta - CPUR660,Authentic hand-painted Srikalahasthi (Srikalahasti) Pen Kalamkari Pure Tussar Silk Dupatta (Code: CPUR660). 100% natural organic vegetable dyes hand-drawn using traditional tamarind twig pens directly from Kailash Kalamkari master artisans since 1984.,https://www.kailash-kalamkari.com/?department=dupatta&product=srikalahasthi-pen-kalamkari-pure-tussar-silk-CPUR660,https://lh3.googleusercontent.com/d/=w1200,in_stock,3800 INR,Kailash Kalamkari,new,212,Apparel & Accessories > Clothing > Traditional Clothing > Pen Kalamkari Dupattas
CPUR661,Kailash Kalamkari Srikalahasthi Pen Kalamkari Hand-Painted Pure Tussar Silk Saree - CPUR661,Authentic hand-painted Srikalahasthi (Srikalahasti) Pen Kalamkari Pure Tussar Silk Saree (Code: CPUR661). 100% natural organic vegetable dyes hand-drawn using traditional tamarind twig pens directly from Kailash Kalamkari master artisans since 1984.,https://www.kailash-kalamkari.com/?department=saree&product=srikalahasthi-pen-kalamkari-pure-tussar-silk-CPUR661,https://lh3.googleusercontent.com/d/=w1200,in_stock,19500 INR,Kailash Kalamkari,new,2271,Apparel & Accessories > Clothing > Traditional Clothing > Pen Kalamkari Sarees
CPUR662,Kailash Kalamkari Srikalahasthi Pen Kalamkari Hand-Painted Pure Tussar Silk Saree - CPUR662,Authentic hand-painted Srikalahasthi (Srikalahasti) Pen Kalamkari Pure Tussar Silk Saree (Code: CPUR662). 100% natural organic vegetable dyes hand-drawn using traditional tamarind twig pens directly from Kailash Kalamkari master artisans since 1984.,https://www.kailash-kalamkari.com/?department=saree&product=srikalahasthi-pen-kalamkari-pure-tussar-silk-CPUR662,https://lh3.googleusercontent.com/d/=w1200,in_stock,19500 INR,Kailash Kalamkari,new,2271,Apparel & Accessories > Clothing > Traditional Clothing > Pen Kalamkari Sarees
CPUR663,Kailash Kalamkari Srikalahasthi Pen Kalamkari Hand-Painted Pure Tussar Silk Saree - CPUR663,Authentic hand-painted Srikalahasthi (Srikalahasti) Pen Kalamkari Pure Tussar Silk Saree (Code: CPUR663). 100% natural organic vegetable dyes hand-drawn using traditional tamarind twig pens directly from Kailash Kalamkari master artisans since 1984.,https://www.kailash-kalamkari.com/?department=saree&product=srikalahasthi-pen-kalamkari-pure-tussar-silk-CPUR663,https://lh3.googleusercontent.com/d/=w1200,in_stock,19500 INR,Kailash Kalamkari,new,2271,Apparel & Accessories > Clothing > Traditional Clothing > Pen Kalamkari Sarees
CPUR664,Kailash Kalamkari Srikalahasthi Pen Kalamkari Hand-Painted Pure Tussar Silk Saree - CPUR664,Authentic hand-painted Srikalahasthi (Srikalahasti) Pen Kalamkari Pure Tussar Silk Saree (Code: CPUR664). 100% natural organic vegetable dyes hand-drawn using traditional tamarind twig pens directly from Kailash Kalamkari master artisans since 1984.,https://www.kailash-kalamkari.com/?department=saree&product=srikalahasthi-pen-kalamkari-pure-tussar-silk-CPUR664,https://lh3.googleusercontent.com/d/=w1200,in_stock,19500 INR,Kailash Kalamkari,new,2271,Apparel & Accessories > Clothing > Traditional Clothing > Pen Kalamkari Sarees
CPUR665,Kailash Kalamkari Srikalahasthi Pen Kalamkari Hand-Painted Pure Tussar Silk Saree - CPUR665,Authentic hand-painted Srikalahasthi (Srikalahasti) Pen Kalamkari Pure Tussar Silk Saree (Code: CPUR665). 100% natural organic vegetable dyes hand-drawn using traditional tamarind twig pens directly from Kailash Kalamkari master artisans since 1984.,https://www.kailash-kalamkari.com/?department=saree&product=srikalahasthi-pen-kalamkari-pure-tussar-silk-CPUR665,https://lh3.googleusercontent.com/d/=w1200,in_stock,19500 INR,Kailash Kalamkari,new,2271,Apparel & Accessories > Clothing > Traditional Clothing > Pen Kalamkari Sarees
CPUR666,Kailash Kalamkari Srikalahasthi Pen Kalamkari Hand-Painted Pure Tussar Silk Saree - CPUR666,Authentic hand-painted Srikalahasthi (Srikalahasti) Pen Kalamkari Pure Tussar Silk Saree (Code: CPUR666). 100% natural organic vegetable dyes hand-drawn using traditional tamarind twig pens directly from Kailash Kalamkari master artisans since 1984.,https://www.kailash-kalamkari.com/?department=saree&product=srikalahasthi-pen-kalamkari-pure-tussar-silk-CPUR666,https://lh3.googleusercontent.com/d/=w1200,in_stock,19500 INR,Kailash Kalamkari,new,2271,Apparel & Accessories > Clothing > Traditional Clothing > Pen Kalamkari Sarees
CPUR667,Kailash Kalamkari Srikalahasthi Pen Kalamkari Hand-Painted Pure Tussar Silk Saree - CPUR667,Authentic hand-painted Srikalahasthi (Srikalahasti) Pen Kalamkari Pure Tussar Silk Saree (Code: CPUR667). 100% natural organic vegetable dyes hand-drawn using traditional tamarind twig pens directly from Kailash Kalamkari master artisans since 1984.,https://www.kailash-kalamkari.com/?department=saree&product=srikalahasthi-pen-kalamkari-pure-tussar-silk-CPUR667,https://lh3.googleusercontent.com/d/=w1200,in_stock,19500 INR,Kailash Kalamkari,new,2271,Apparel & Accessories > Clothing > Traditional Clothing > Pen Kalamkari Sarees
CPUR668,Kailash Kalamkari Srikalahasthi Pen Kalamkari Hand-Painted Pure Tussar Silk Saree - CPUR668,Authentic hand-painted Srikalahasthi (Srikalahasti) Pen Kalamkari Pure Tussar Silk Saree (Code: CPUR668). 100% natural organic vegetable dyes hand-drawn using traditional tamarind twig pens directly from Kailash Kalamkari master artisans since 1984.,https://www.kailash-kalamkari.com/?department=saree&product=srikalahasthi-pen-kalamkari-pure-tussar-silk-CPUR668,https://lh3.googleusercontent.com/d/=w1200,in_stock,19500 INR,Kailash Kalamkari,new,2271,Apparel & Accessories > Clothing > Traditional Clothing > Pen Kalamkari Sarees
CPUR669,Kailash Kalamkari Srikalahasthi Pen Kalamkari Hand-Painted Pure Tussar Silk Saree - CPUR669,Authentic hand-painted Srikalahasthi (Srikalahasti) Pen Kalamkari Pure Tussar Silk Saree (Code: CPUR669). 100% natural organic vegetable dyes hand-drawn using traditional tamarind twig pens directly from Kailash Kalamkari master artisans since 1984.,https://www.kailash-kalamkari.com/?department=saree&product=srikalahasthi-pen-kalamkari-pure-tussar-silk-CPUR669,https://lh3.googleusercontent.com/d/=w1200,in_stock,19500 INR,Kailash Kalamkari,new,2271,Apparel & Accessories > Clothing > Traditional Clothing > Pen Kalamkari Sarees
CPUR718,Kailash Kalamkari Srikalahasthi Pen Kalamkari Hand-Painted Pure Tussar Silk Saree - CPUR718,Authentic hand-painted Srikalahasthi (Srikalahasti) Pen Kalamkari Pure Tussar Silk Saree (Code: CPUR718). 100% natural organic vegetable dyes hand-drawn using traditional tamarind twig pens directly from Kailash Kalamkari master artisans since 1984.,https://www.kailash-kalamkari.com/?department=saree&product=srikalahasthi-pen-kalamkari-pure-tussar-silk-CPUR718,https://lh3.googleusercontent.com/d/=w1200,in_stock,15000 INR,Kailash Kalamkari,new,2271,Apparel & Accessories > Clothing > Traditional Clothing > Pen Kalamkari Sarees
CPUR719,Kailash Kalamkari Srikalahasthi Pen Kalamkari Hand-Painted Pure Tussar Silk Saree - CPUR719,Authentic hand-painted Srikalahasthi (Srikalahasti) Pen Kalamkari Pure Tussar Silk Saree (Code: CPUR719). 100% natural organic vegetable dyes hand-drawn using traditional tamarind twig pens directly from Kailash Kalamkari master artisans since 1984.,https://www.kailash-kalamkari.com/?department=saree&product=srikalahasthi-pen-kalamkari-pure-tussar-silk-CPUR719,https://lh3.googleusercontent.com/d/=w1200,in_stock,15000 INR,Kailash Kalamkari,new,2271,Apparel & Accessories > Clothing > Traditional Clothing > Pen Kalamkari Sarees
CPUR720,Kailash Kalamkari Srikalahasthi Pen Kalamkari Hand-Painted Pure Tussar Silk Saree - CPUR720,Authentic hand-painted Srikalahasthi (Srikalahasti) Pen Kalamkari Pure Tussar Silk Saree (Code: CPUR720). 100% natural organic vegetable dyes hand-drawn using traditional tamarind twig pens directly from Kailash Kalamkari master artisans since 1984.,https://www.kailash-kalamkari.com/?department=saree&product=srikalahasthi-pen-kalamkari-pure-tussar-silk-CPUR720,https://lh3.googleusercontent.com/d/=w1200,in_stock,15000 INR,Kailash Kalamkari,new,2271,Apparel & Accessories > Clothing > Traditional Clothing > Pen Kalamkari Sarees
CPUR721,Kailash Kalamkari Srikalahasthi Pen Kalamkari Hand-Painted Pure Tussar Silk Saree - CPUR721,Authentic hand-painted Srikalahasthi (Srikalahasti) Pen Kalamkari Pure Tussar Silk Saree (Code: CPUR721). 100% natural organic vegetable dyes hand-drawn using traditional tamarind twig pens directly from Kailash Kalamkari master artisans since 1984.,https://www.kailash-kalamkari.com/?department=saree&product=srikalahasthi-pen-kalamkari-pure-tussar-silk-CPUR721,https://lh3.googleusercontent.com/d/=w1200,in_stock,15000 INR,Kailash Kalamkari,new,2271,Apparel & Accessories > Clothing > Traditional Clothing > Pen Kalamkari Sarees
CPUR722,Kailash Kalamkari Srikalahasthi Pen Kalamkari Hand-Painted Pure Tussar Silk Saree - CPUR722,Authentic hand-painted Srikalahasthi (Srikalahasti) Pen Kalamkari Pure Tussar Silk Saree (Code: CPUR722). 100% natural organic vegetable dyes hand-drawn using traditional tamarind twig pens directly from Kailash Kalamkari master artisans since 1984.,https://www.kailash-kalamkari.com/?department=saree&product=srikalahasthi-pen-kalamkari-pure-tussar-silk-CPUR722,https://lh3.googleusercontent.com/d/=w1200,in_stock,15000 INR,Kailash Kalamkari,new,2271,Apparel & Accessories > Clothing > Traditional Clothing > Pen Kalamkari Sarees
CPUR671,Kailash Kalamkari Srikalahasthi Pen Kalamkari Hand-Painted Pure Tussar Silk Saree - CPUR671,Authentic hand-painted Srikalahasthi (Srikalahasti) Pen Kalamkari Pure Tussar Silk Saree (Code: CPUR671). 100% natural organic vegetable dyes hand-drawn using traditional tamarind twig pens directly from Kailash Kalamkari master artisans since 1984.,https://www.kailash-kalamkari.com/?department=saree&product=srikalahasthi-pen-kalamkari-pure-tussar-silk-CPUR671,https://lh3.googleusercontent.com/d/=w1200,in_stock,15000 INR,Kailash Kalamkari,new,2271,Apparel & Accessories > Clothing > Traditional Clothing > Pen Kalamkari Sarees
CPUR672,Kailash Kalamkari Srikalahasthi Pen Kalamkari Hand-Painted Pure Tussar Silk Saree - CPUR672,Authentic hand-painted Srikalahasthi (Srikalahasti) Pen Kalamkari Pure Tussar Silk Saree (Code: CPUR672). 100% natural organic vegetable dyes hand-drawn using traditional tamarind twig pens directly from Kailash Kalamkari master artisans since 1984.,https://www.kailash-kalamkari.com/?department=saree&product=srikalahasthi-pen-kalamkari-pure-tussar-silk-CPUR672,https://lh3.googleusercontent.com/d/=w1200,in_stock,15000 INR,Kailash Kalamkari,new,2271,Apparel & Accessories > Clothing > Traditional Clothing > Pen Kalamkari Sarees
CPUR673,Kailash Kalamkari Srikalahasthi Pen Kalamkari Hand-Painted Pure Tussar Silk Saree - CPUR673,Authentic hand-painted Srikalahasthi (Srikalahasti) Pen Kalamkari Pure Tussar Silk Saree (Code: CPUR673). 100% natural organic vegetable dyes hand-drawn using traditional tamarind twig pens directly from Kailash Kalamkari master artisans since 1984.,https://www.kailash-kalamkari.com/?department=saree&product=srikalahasthi-pen-kalamkari-pure-tussar-silk-CPUR673,https://lh3.googleusercontent.com/d/=w1200,in_stock,15000 INR,Kailash Kalamkari,new,2271,Apparel & Accessories > Clothing > Traditional Clothing > Pen Kalamkari Sarees
CPUR675,Kailash Kalamkari Srikalahasthi Pen Kalamkari Hand-Painted Pure Tussar Silk Saree - CPUR675,Authentic hand-painted Srikalahasthi (Srikalahasti) Pen Kalamkari Pure Tussar Silk Saree (Code: CPUR675). 100% natural organic vegetable dyes hand-drawn using traditional tamarind twig pens directly from Kailash Kalamkari master artisans since 1984.,https://www.kailash-kalamkari.com/?department=saree&product=srikalahasthi-pen-kalamkari-pure-tussar-silk-CPUR675,https://lh3.googleusercontent.com/d/=w1200,in_stock,15000 INR,Kailash Kalamkari,new,2271,Apparel & Accessories > Clothing > Traditional Clothing > Pen Kalamkari Sarees
CPUR676,Kailash Kalamkari Srikalahasthi Pen Kalamkari Hand-Painted Pure Tussar Silk Saree - CPUR676,Authentic hand-painted Srikalahasthi (Srikalahasti) Pen Kalamkari Pure Tussar Silk Saree (Code: CPUR676). 100% natural organic vegetable dyes hand-drawn using traditional tamarind twig pens directly from Kailash Kalamkari master artisans since 1984.,https://www.kailash-kalamkari.com/?department=saree&product=srikalahasthi-pen-kalamkari-pure-tussar-silk-CPUR676,https://lh3.googleusercontent.com/d/=w1200,in_stock,15000 INR,Kailash Kalamkari,new,2271,Apparel & Accessories > Clothing > Traditional Clothing > Pen Kalamkari Sarees
CPUR678,Kailash Kalamkari Srikalahasthi Pen Kalamkari Hand-Painted Pure Tussar Silk Saree - CPUR678,Authentic hand-painted Srikalahasthi (Srikalahasti) Pen Kalamkari Pure Tussar Silk Saree (Code: CPUR678). 100% natural organic vegetable dyes hand-drawn using traditional tamarind twig pens directly from Kailash Kalamkari master artisans since 1984.,https://www.kailash-kalamkari.com/?department=saree&product=srikalahasthi-pen-kalamkari-pure-tussar-silk-CPUR678,https://lh3.googleusercontent.com/d/=w1200,in_stock,15000 INR,Kailash Kalamkari,new,2271,Apparel & Accessories > Clothing > Traditional Clothing > Pen Kalamkari Sarees
CPUR711,Kailash Kalamkari Srikalahasthi Pen Kalamkari Hand-Painted Pure Tussar Silk Saree - CPUR711,Authentic hand-painted Srikalahasthi (Srikalahasti) Pen Kalamkari Pure Tussar Silk Saree (Code: CPUR711). 100% natural organic vegetable dyes hand-drawn using traditional tamarind twig pens directly from Kailash Kalamkari master artisans since 1984.,https://www.kailash-kalamkari.com/?department=saree&product=srikalahasthi-pen-kalamkari-pure-tussar-silk-CPUR711,https://lh3.googleusercontent.com/d/=w1200,in_stock,14000 INR,Kailash Kalamkari,new,2271,Apparel & Accessories > Clothing > Traditional Clothing > Pen Kalamkari Sarees
CPUR712,Kailash Kalamkari Srikalahasthi Pen Kalamkari Hand-Painted Pure Tussar Silk Saree - CPUR712,Authentic hand-painted Srikalahasthi (Srikalahasti) Pen Kalamkari Pure Tussar Silk Saree (Code: CPUR712). 100% natural organic vegetable dyes hand-drawn using traditional tamarind twig pens directly from Kailash Kalamkari master artisans since 1984.,https://www.kailash-kalamkari.com/?department=saree&product=srikalahasthi-pen-kalamkari-pure-tussar-silk-CPUR712,https://lh3.googleusercontent.com/d/=w1200,in_stock,14000 INR,Kailash Kalamkari,new,2271,Apparel & Accessories > Clothing > Traditional Clothing > Pen Kalamkari Sarees
CPUR713,Kailash Kalamkari Srikalahasthi Pen Kalamkari Hand-Painted Pure Tussar Silk Saree - CPUR713,Authentic hand-painted Srikalahasthi (Srikalahasti) Pen Kalamkari Pure Tussar Silk Saree (Code: CPUR713). 100% natural organic vegetable dyes hand-drawn using traditional tamarind twig pens directly from Kailash Kalamkari master artisans since 1984.,https://www.kailash-kalamkari.com/?department=saree&product=srikalahasthi-pen-kalamkari-pure-tussar-silk-CPUR713,https://lh3.googleusercontent.com/d/=w1200,in_stock,14000 INR,Kailash Kalamkari,new,2271,Apparel & Accessories > Clothing > Traditional Clothing > Pen Kalamkari Sarees
CPUR714,Kailash Kalamkari Srikalahasthi Pen Kalamkari Hand-Painted Pure Tussar Silk Saree - CPUR714,Authentic hand-painted Srikalahasthi (Srikalahasti) Pen Kalamkari Pure Tussar Silk Saree (Code: CPUR714). 100% natural organic vegetable dyes hand-drawn using traditional tamarind twig pens directly from Kailash Kalamkari master artisans since 1984.,https://www.kailash-kalamkari.com/?department=saree&product=srikalahasthi-pen-kalamkari-pure-tussar-silk-CPUR714,https://lh3.googleusercontent.com/d/=w1200,in_stock,14000 INR,Kailash Kalamkari,new,2271,Apparel & Accessories > Clothing > Traditional Clothing > Pen Kalamkari Sarees
CPUR715,Kailash Kalamkari Srikalahasthi Pen Kalamkari Hand-Painted Pure Tussar Silk Saree - CPUR715,Authentic hand-painted Srikalahasthi (Srikalahasti) Pen Kalamkari Pure Tussar Silk Saree (Code: CPUR715). 100% natural organic vegetable dyes hand-drawn using traditional tamarind twig pens directly from Kailash Kalamkari master artisans since 1984.,https://www.kailash-kalamkari.com/?department=saree&product=srikalahasthi-pen-kalamkari-pure-tussar-silk-CPUR715,https://lh3.googleusercontent.com/d/=w1200,in_stock,14000 INR,Kailash Kalamkari,new,2271,Apparel & Accessories > Clothing > Traditional Clothing > Pen Kalamkari Sarees
CPUR716,Kailash Kalamkari Srikalahasthi Pen Kalamkari Hand-Painted Pure Tussar Silk Saree - CPUR716,Authentic hand-painted Srikalahasthi (Srikalahasti) Pen Kalamkari Pure Tussar Silk Saree (Code: CPUR716). 100% natural organic vegetable dyes hand-drawn using traditional tamarind twig pens directly from Kailash Kalamkari master artisans since 1984.,https://www.kailash-kalamkari.com/?department=saree&product=srikalahasthi-pen-kalamkari-pure-tussar-silk-CPUR716,https://lh3.googleusercontent.com/d/=w1200,in_stock,14000 INR,Kailash Kalamkari,new,2271,Apparel & Accessories > Clothing > Traditional Clothing > Pen Kalamkari Sarees
CPUR717,Kailash Kalamkari Srikalahasthi Pen Kalamkari Hand-Painted Pure Tussar Silk Saree - CPUR717,Authentic hand-painted Srikalahasthi (Srikalahasti) Pen Kalamkari Pure Tussar Silk Saree (Code: CPUR717). 100% natural organic vegetable dyes hand-drawn using traditional tamarind twig pens directly from Kailash Kalamkari master artisans since 1984.,https://www.kailash-kalamkari.com/?department=saree&product=srikalahasthi-pen-kalamkari-pure-tussar-silk-CPUR717,https://lh3.googleusercontent.com/d/=w1200,in_stock,14000 INR,Kailash Kalamkari,new,2271,Apparel & Accessories > Clothing > Traditional Clothing > Pen Kalamkari Sarees
CPUR679,Kailash Kalamkari Srikalahasthi Pen Kalamkari Hand-Painted Pure Tussar Silk Saree - CPUR679,Authentic hand-painted Srikalahasthi (Srikalahasti) Pen Kalamkari Pure Tussar Silk Saree (Code: CPUR679). 100% natural organic vegetable dyes hand-drawn using traditional tamarind twig pens directly from Kailash Kalamkari master artisans since 1984.,https://www.kailash-kalamkari.com/?department=saree&product=srikalahasthi-pen-kalamkari-pure-tussar-silk-CPUR679,https://lh3.googleusercontent.com/d/=w1200,in_stock,14000 INR,Kailash Kalamkari,new,2271,Apparel & Accessories > Clothing > Traditional Clothing > Pen Kalamkari Sarees
CPUR680,Kailash Kalamkari Srikalahasthi Pen Kalamkari Hand-Painted Pure Tussar Silk Saree - CPUR680,Authentic hand-painted Srikalahasthi (Srikalahasti) Pen Kalamkari Pure Tussar Silk Saree (Code: CPUR680). 100% natural organic vegetable dyes hand-drawn using traditional tamarind twig pens directly from Kailash Kalamkari master artisans since 1984.,https://www.kailash-kalamkari.com/?department=saree&product=srikalahasthi-pen-kalamkari-pure-tussar-silk-CPUR680,https://lh3.googleusercontent.com/d/=w1200,in_stock,14000 INR,Kailash Kalamkari,new,2271,Apparel & Accessories > Clothing > Traditional Clothing > Pen Kalamkari Sarees
CPUR682,Kailash Kalamkari Srikalahasthi Pen Kalamkari Hand-Painted Pure Tussar Silk Saree - CPUR682,Authentic hand-painted Srikalahasthi (Srikalahasti) Pen Kalamkari Pure Tussar Silk Saree (Code: CPUR682). 100% natural organic vegetable dyes hand-drawn using traditional tamarind twig pens directly from Kailash Kalamkari master artisans since 1984.,https://www.kailash-kalamkari.com/?department=saree&product=srikalahasthi-pen-kalamkari-pure-tussar-silk-CPUR682,https://lh3.googleusercontent.com/d/=w1200,in_stock,14000 INR,Kailash Kalamkari,new,2271,Apparel & Accessories > Clothing > Traditional Clothing > Pen Kalamkari Sarees
CPUR683,Kailash Kalamkari Srikalahasthi Pen Kalamkari Hand-Painted Pure Tussar Silk Saree - CPUR683,Authentic hand-painted Srikalahasthi (Srikalahasti) Pen Kalamkari Pure Tussar Silk Saree (Code: CPUR683). 100% natural organic vegetable dyes hand-drawn using traditional tamarind twig pens directly from Kailash Kalamkari master artisans since 1984.,https://www.kailash-kalamkari.com/?department=saree&product=srikalahasthi-pen-kalamkari-pure-tussar-silk-CPUR683,https://lh3.googleusercontent.com/d/=w1200,in_stock,14000 INR,Kailash Kalamkari,new,2271,Apparel & Accessories > Clothing > Traditional Clothing > Pen Kalamkari Sarees
CPUR684,Kailash Kalamkari Srikalahasthi Pen Kalamkari Hand-Painted Pure Tussar Silk Saree - CPUR684,Authentic hand-painted Srikalahasthi (Srikalahasti) Pen Kalamkari Pure Tussar Silk Saree (Code: CPUR684). 100% natural organic vegetable dyes hand-drawn using traditional tamarind twig pens directly from Kailash Kalamkari master artisans since 1984.,https://www.kailash-kalamkari.com/?department=saree&product=srikalahasthi-pen-kalamkari-pure-tussar-silk-CPUR684,https://lh3.googleusercontent.com/d/=w1200,in_stock,14000 INR,Kailash Kalamkari,new,2271,Apparel & Accessories > Clothing > Traditional Clothing > Pen Kalamkari Sarees
CPUR685,Kailash Kalamkari Srikalahasthi Pen Kalamkari Hand-Painted Pure Tussar Silk Saree - CPUR685,Authentic hand-painted Srikalahasthi (Srikalahasti) Pen Kalamkari Pure Tussar Silk Saree (Code: CPUR685). 100% natural organic vegetable dyes hand-drawn using traditional tamarind twig pens directly from Kailash Kalamkari master artisans since 1984.,https://www.kailash-kalamkari.com/?department=saree&product=srikalahasthi-pen-kalamkari-pure-tussar-silk-CPUR685,https://lh3.googleusercontent.com/d/=w1200,in_stock,14000 INR,Kailash Kalamkari,new,2271,Apparel & Accessories > Clothing > Traditional Clothing > Pen Kalamkari Sarees
CPUR686,Kailash Kalamkari Srikalahasthi Pen Kalamkari Hand-Painted Pure Tussar Silk Saree - CPUR686,Authentic hand-painted Srikalahasthi (Srikalahasti) Pen Kalamkari Pure Tussar Silk Saree (Code: CPUR686). 100% natural organic vegetable dyes hand-drawn using traditional tamarind twig pens directly from Kailash Kalamkari master artisans since 1984.,https://www.kailash-kalamkari.com/?department=saree&product=srikalahasthi-pen-kalamkari-pure-tussar-silk-CPUR686,https://lh3.googleusercontent.com/d/=w1200,in_stock,14000 INR,Kailash Kalamkari,new,2271,Apparel & Accessories > Clothing > Traditional Clothing > Pen Kalamkari Sarees
CPUR687,Kailash Kalamkari Srikalahasthi Pen Kalamkari Hand-Painted Pure Tussar Silk Saree - CPUR687,Authentic hand-painted Srikalahasthi (Srikalahasti) Pen Kalamkari Pure Tussar Silk Saree (Code: CPUR687). 100% natural organic vegetable dyes hand-drawn using traditional tamarind twig pens directly from Kailash Kalamkari master artisans since 1984.,https://www.kailash-kalamkari.com/?department=saree&product=srikalahasthi-pen-kalamkari-pure-tussar-silk-CPUR687,https://lh3.googleusercontent.com/d/=w1200,in_stock,14000 INR,Kailash Kalamkari,new,2271,Apparel & Accessories > Clothing > Traditional Clothing > Pen Kalamkari Sarees
CPUR688,Kailash Kalamkari Srikalahasthi Pen Kalamkari Hand-Painted Pure Tussar Silk Saree - CPUR688,Authentic hand-painted Srikalahasthi (Srikalahasti) Pen Kalamkari Pure Tussar Silk Saree (Code: CPUR688). 100% natural organic vegetable dyes hand-drawn using traditional tamarind twig pens directly from Kailash Kalamkari master artisans since 1984.,https://www.kailash-kalamkari.com/?department=saree&product=srikalahasthi-pen-kalamkari-pure-tussar-silk-CPUR688,https://lh3.googleusercontent.com/d/=w1200,in_stock,14000 INR,Kailash Kalamkari,new,2271,Apparel & Accessories > Clothing > Traditional Clothing > Pen Kalamkari Sarees
CPUR689,Kailash Kalamkari Srikalahasthi Pen Kalamkari Hand-Painted Pure Tussar Silk Saree - CPUR689,Authentic hand-painted Srikalahasthi (Srikalahasti) Pen Kalamkari Pure Tussar Silk Saree (Code: CPUR689). 100% natural organic vegetable dyes hand-drawn using traditional tamarind twig pens directly from Kailash Kalamkari master artisans since 1984.,https://www.kailash-kalamkari.com/?department=saree&product=srikalahasthi-pen-kalamkari-pure-tussar-silk-CPUR689,https://lh3.googleusercontent.com/d/=w1200,in_stock,14000 INR,Kailash Kalamkari,new,2271,Apparel & Accessories > Clothing > Traditional Clothing > Pen Kalamkari Sarees
CPUR690,Kailash Kalamkari Srikalahasthi Pen Kalamkari Hand-Painted Pure Tussar Silk Saree - CPUR690,Authentic hand-painted Srikalahasthi (Srikalahasti) Pen Kalamkari Pure Tussar Silk Saree (Code: CPUR690). 100% natural organic vegetable dyes hand-drawn using traditional tamarind twig pens directly from Kailash Kalamkari master artisans since 1984.,https://www.kailash-kalamkari.com/?department=saree&product=srikalahasthi-pen-kalamkari-pure-tussar-silk-CPUR690,https://lh3.googleusercontent.com/d/=w1200,in_stock,14000 INR,Kailash Kalamkari,new,2271,Apparel & Accessories > Clothing > Traditional Clothing > Pen Kalamkari Sarees
CPUR693,Kailash Kalamkari Srikalahasthi Pen Kalamkari Hand-Painted Pure Tussar Silk Saree - CPUR693,Authentic hand-painted Srikalahasthi (Srikalahasti) Pen Kalamkari Pure Tussar Silk Saree (Code: CPUR693). 100% natural organic vegetable dyes hand-drawn using traditional tamarind twig pens directly from Kailash Kalamkari master artisans since 1984.,https://www.kailash-kalamkari.com/?department=saree&product=srikalahasthi-pen-kalamkari-pure-tussar-silk-CPUR693,https://lh3.googleusercontent.com/d/=w1200,in_stock,14000 INR,Kailash Kalamkari,new,2271,Apparel & Accessories > Clothing > Traditional Clothing > Pen Kalamkari Sarees
CPUR694,Kailash Kalamkari Srikalahasthi Pen Kalamkari Hand-Painted Pure Tussar Silk Saree - CPUR694,Authentic hand-painted Srikalahasthi (Srikalahasti) Pen Kalamkari Pure Tussar Silk Saree (Code: CPUR694). 100% natural organic vegetable dyes hand-drawn using traditional tamarind twig pens directly from Kailash Kalamkari master artisans since 1984.,https://www.kailash-kalamkari.com/?department=saree&product=srikalahasthi-pen-kalamkari-pure-tussar-silk-CPUR694,https://lh3.googleusercontent.com/d/=w1200,in_stock,14000 INR,Kailash Kalamkari,new,2271,Apparel & Accessories > Clothing > Traditional Clothing > Pen Kalamkari Sarees
CPUR696,Kailash Kalamkari Srikalahasthi Pen Kalamkari Hand-Painted Pure Tussar Silk Saree - CPUR696,Authentic hand-painted Srikalahasthi (Srikalahasti) Pen Kalamkari Pure Tussar Silk Saree (Code: CPUR696). 100% natural organic vegetable dyes hand-drawn using traditional tamarind twig pens directly from Kailash Kalamkari master artisans since 1984.,https://www.kailash-kalamkari.com/?department=saree&product=srikalahasthi-pen-kalamkari-pure-tussar-silk-CPUR696,https://lh3.googleusercontent.com/d/=w1200,in_stock,14000 INR,Kailash Kalamkari,new,2271,Apparel & Accessories > Clothing > Traditional Clothing > Pen Kalamkari Sarees
CPUR697,Kailash Kalamkari Srikalahasthi Pen Kalamkari Hand-Painted Pure Tussar Silk Saree - CPUR697,Authentic hand-painted Srikalahasthi (Srikalahasti) Pen Kalamkari Pure Tussar Silk Saree (Code: CPUR697). 100% natural organic vegetable dyes hand-drawn using traditional tamarind twig pens directly from Kailash Kalamkari master artisans since 1984.,https://www.kailash-kalamkari.com/?department=saree&product=srikalahasthi-pen-kalamkari-pure-tussar-silk-CPUR697,https://lh3.googleusercontent.com/d/=w1200,in_stock,14000 INR,Kailash Kalamkari,new,2271,Apparel & Accessories > Clothing > Traditional Clothing > Pen Kalamkari Sarees
CPUR701,Kailash Kalamkari Srikalahasthi Pen Kalamkari Hand-Painted Pure Tussar Silk Saree - CPUR701,Authentic hand-painted Srikalahasthi (Srikalahasti) Pen Kalamkari Pure Tussar Silk Saree (Code: CPUR701). 100% natural organic vegetable dyes hand-drawn using traditional tamarind twig pens directly from Kailash Kalamkari master artisans since 1984.,https://www.kailash-kalamkari.com/?department=saree&product=srikalahasthi-pen-kalamkari-pure-tussar-silk-CPUR701,https://lh3.googleusercontent.com/d/=w1200,in_stock,14000 INR,Kailash Kalamkari,new,2271,Apparel & Accessories > Clothing > Traditional Clothing > Pen Kalamkari Sarees
CPUR702,Kailash Kalamkari Srikalahasthi Pen Kalamkari Hand-Painted Pure Tussar Silk Saree - CPUR702,Authentic hand-painted Srikalahasthi (Srikalahasti) Pen Kalamkari Pure Tussar Silk Saree (Code: CPUR702). 100% natural organic vegetable dyes hand-drawn using traditional tamarind twig pens directly from Kailash Kalamkari master artisans since 1984.,https://www.kailash-kalamkari.com/?department=saree&product=srikalahasthi-pen-kalamkari-pure-tussar-silk-CPUR702,https://lh3.googleusercontent.com/d/=w1200,in_stock,14000 INR,Kailash Kalamkari,new,2271,Apparel & Accessories > Clothing > Traditional Clothing > Pen Kalamkari Sarees
CPUR703,Kailash Kalamkari Srikalahasthi Pen Kalamkari Hand-Painted Pure Tussar Silk Saree - CPUR703,Authentic hand-painted Srikalahasthi (Srikalahasti) Pen Kalamkari Pure Tussar Silk Saree (Code: CPUR703). 100% natural organic vegetable dyes hand-drawn using traditional tamarind twig pens directly from Kailash Kalamkari master artisans since 1984.,https://www.kailash-kalamkari.com/?department=saree&product=srikalahasthi-pen-kalamkari-pure-tussar-silk-CPUR703,https://lh3.googleusercontent.com/d/=w1200,in_stock,14000 INR,Kailash Kalamkari,new,2271,Apparel & Accessories > Clothing > Traditional Clothing > Pen Kalamkari Sarees
CPUR704,Kailash Kalamkari Srikalahasthi Pen Kalamkari Hand-Painted Pure Tussar Silk Saree - CPUR704,Authentic hand-painted Srikalahasthi (Srikalahasti) Pen Kalamkari Pure Tussar Silk Saree (Code: CPUR704). 100% natural organic vegetable dyes hand-drawn using traditional tamarind twig pens directly from Kailash Kalamkari master artisans since 1984.,https://www.kailash-kalamkari.com/?department=saree&product=srikalahasthi-pen-kalamkari-pure-tussar-silk-CPUR704,https://lh3.googleusercontent.com/d/=w1200,in_stock,14000 INR,Kailash Kalamkari,new,2271,Apparel & Accessories > Clothing > Traditional Clothing > Pen Kalamkari Sarees
CPUR705,Kailash Kalamkari Srikalahasthi Pen Kalamkari Hand-Painted Pure Tussar Silk Saree - CPUR705,Authentic hand-painted Srikalahasthi (Srikalahasti) Pen Kalamkari Pure Tussar Silk Saree (Code: CPUR705). 100% natural organic vegetable dyes hand-drawn using traditional tamarind twig pens directly from Kailash Kalamkari master artisans since 1984.,https://www.kailash-kalamkari.com/?department=saree&product=srikalahasthi-pen-kalamkari-pure-tussar-silk-CPUR705,https://lh3.googleusercontent.com/d/=w1200,in_stock,14000 INR,Kailash Kalamkari,new,2271,Apparel & Accessories > Clothing > Traditional Clothing > Pen Kalamkari Sarees
CPUR706,Kailash Kalamkari Srikalahasthi Pen Kalamkari Hand-Painted Pure Tussar Silk Saree - CPUR706,Authentic hand-painted Srikalahasthi (Srikalahasti) Pen Kalamkari Pure Tussar Silk Saree (Code: CPUR706). 100% natural organic vegetable dyes hand-drawn using traditional tamarind twig pens directly from Kailash Kalamkari master artisans since 1984.,https://www.kailash-kalamkari.com/?department=saree&product=srikalahasthi-pen-kalamkari-pure-tussar-silk-CPUR706,https://lh3.googleusercontent.com/d/=w1200,in_stock,14000 INR,Kailash Kalamkari,new,2271,Apparel & Accessories > Clothing > Traditional Clothing > Pen Kalamkari Sarees
CPUR707,Kailash Kalamkari Srikalahasthi Pen Kalamkari Hand-Painted Pure Tussar Silk Saree - CPUR707,Authentic hand-painted Srikalahasthi (Srikalahasti) Pen Kalamkari Pure Tussar Silk Saree (Code: CPUR707). 100% natural organic vegetable dyes hand-drawn using traditional tamarind twig pens directly from Kailash Kalamkari master artisans since 1984.,https://www.kailash-kalamkari.com/?department=saree&product=srikalahasthi-pen-kalamkari-pure-tussar-silk-CPUR707,https://lh3.googleusercontent.com/d/=w1200,in_stock,14000 INR,Kailash Kalamkari,new,2271,Apparel & Accessories > Clothing > Traditional Clothing > Pen Kalamkari Sarees
CBSBW063,Kailash Kalamkari Srikalahasthi Pen Kalamkari Hand-Painted Bangalore Silk Black&White Saree - CBSBW063,Authentic hand-painted Srikalahasthi (Srikalahasti) Pen Kalamkari Bangalore Silk Black&White Saree (Code: CBSBW063). 100% natural organic vegetable dyes hand-drawn using traditional tamarind twig pens directly from Kailash Kalamkari master artisans since 1984.,https://www.kailash-kalamkari.com/?department=saree&product=srikalahasthi-pen-kalamkari-bangalore-silk-black-white-CBSBW063,https://lh3.googleusercontent.com/d/=w1200,in_stock,5500 INR,Kailash Kalamkari,new,2271,Apparel & Accessories > Clothing > Traditional Clothing > Pen Kalamkari Sarees
CBSBW064,Kailash Kalamkari Srikalahasthi Pen Kalamkari Hand-Painted Bangalore Silk Black&White Saree - CBSBW064,Authentic hand-painted Srikalahasthi (Srikalahasti) Pen Kalamkari Bangalore Silk Black&White Saree (Code: CBSBW064). 100% natural organic vegetable dyes hand-drawn using traditional tamarind twig pens directly from Kailash Kalamkari master artisans since 1984.,https://www.kailash-kalamkari.com/?department=saree&product=srikalahasthi-pen-kalamkari-bangalore-silk-black-white-CBSBW064,https://lh3.googleusercontent.com/d/=w1200,in_stock,5500 INR,Kailash Kalamkari,new,2271,Apparel & Accessories > Clothing > Traditional Clothing > Pen Kalamkari Sarees
CBSBW065,Kailash Kalamkari Srikalahasthi Pen Kalamkari Hand-Painted Bangalore Silk Black&White Saree - CBSBW065,Authentic hand-painted Srikalahasthi (Srikalahasti) Pen Kalamkari Bangalore Silk Black&White Saree (Code: CBSBW065). 100% natural organic vegetable dyes hand-drawn using traditional tamarind twig pens directly from Kailash Kalamkari master artisans since 1984.,https://www.kailash-kalamkari.com/?department=saree&product=srikalahasthi-pen-kalamkari-bangalore-silk-black-white-CBSBW065,https://lh3.googleusercontent.com/d/=w1200,in_stock,5500 INR,Kailash Kalamkari,new,2271,Apparel & Accessories > Clothing > Traditional Clothing > Pen Kalamkari Sarees
CBSBW066,Kailash Kalamkari Srikalahasthi Pen Kalamkari Hand-Painted Bangalore Silk Black&White Saree - CBSBW066,Authentic hand-painted Srikalahasthi (Srikalahasti) Pen Kalamkari Bangalore Silk Black&White Saree (Code: CBSBW066). 100% natural organic vegetable dyes hand-drawn using traditional tamarind twig pens directly from Kailash Kalamkari master artisans since 1984.,https://www.kailash-kalamkari.com/?department=saree&product=srikalahasthi-pen-kalamkari-bangalore-silk-black-white-CBSBW066,https://lh3.googleusercontent.com/d/=w1200,in_stock,5500 INR,Kailash Kalamkari,new,2271,Apparel & Accessories > Clothing > Traditional Clothing > Pen Kalamkari Sarees
CBSBW067,Kailash Kalamkari Srikalahasthi Pen Kalamkari Hand-Painted Bangalore Silk Black&White Saree - CBSBW067,Authentic hand-painted Srikalahasthi (Srikalahasti) Pen Kalamkari Bangalore Silk Black&White Saree (Code: CBSBW067). 100% natural organic vegetable dyes hand-drawn using traditional tamarind twig pens directly from Kailash Kalamkari master artisans since 1984.,https://www.kailash-kalamkari.com/?department=saree&product=srikalahasthi-pen-kalamkari-bangalore-silk-black-white-CBSBW067,https://lh3.googleusercontent.com/d/=w1200,in_stock,5500 INR,Kailash Kalamkari,new,2271,Apparel & Accessories > Clothing > Traditional Clothing > Pen Kalamkari Sarees
CBSBW068,Kailash Kalamkari Srikalahasthi Pen Kalamkari Hand-Painted Bangalore Silk Black&White Saree - CBSBW068,Authentic hand-painted Srikalahasthi (Srikalahasti) Pen Kalamkari Bangalore Silk Black&White Saree (Code: CBSBW068). 100% natural organic vegetable dyes hand-drawn using traditional tamarind twig pens directly from Kailash Kalamkari master artisans since 1984.,https://www.kailash-kalamkari.com/?department=saree&product=srikalahasthi-pen-kalamkari-bangalore-silk-black-white-CBSBW068,https://lh3.googleusercontent.com/d/=w1200,in_stock,5500 INR,Kailash Kalamkari,new,2271,Apparel & Accessories > Clothing > Traditional Clothing > Pen Kalamkari Sarees
CBSBW069,Kailash Kalamkari Srikalahasthi Pen Kalamkari Hand-Painted Bangalore Silk Black&White Saree - CBSBW069,Authentic hand-painted Srikalahasthi (Srikalahasti) Pen Kalamkari Bangalore Silk Black&White Saree (Code: CBSBW069). 100% natural organic vegetable dyes hand-drawn using traditional tamarind twig pens directly from Kailash Kalamkari master artisans since 1984.,https://www.kailash-kalamkari.com/?department=saree&product=srikalahasthi-pen-kalamkari-bangalore-silk-black-white-CBSBW069,https://lh3.googleusercontent.com/d/=w1200,in_stock,5500 INR,Kailash Kalamkari,new,2271,Apparel & Accessories > Clothing > Traditional Clothing > Pen Kalamkari Sarees
CBSBW070,Kailash Kalamkari Srikalahasthi Pen Kalamkari Hand-Painted Bangalore Silk Black&White Saree - CBSBW070,Authentic hand-painted Srikalahasthi (Srikalahasti) Pen Kalamkari Bangalore Silk Black&White Saree (Code: CBSBW070). 100% natural organic vegetable dyes hand-drawn using traditional tamarind twig pens directly from Kailash Kalamkari master artisans since 1984.,https://www.kailash-kalamkari.com/?department=saree&product=srikalahasthi-pen-kalamkari-bangalore-silk-black-white-CBSBW070,https://lh3.googleusercontent.com/d/=w1200,in_stock,5500 INR,Kailash Kalamkari,new,2271,Apparel & Accessories > Clothing > Traditional Clothing > Pen Kalamkari Sarees
CBSBW071,Kailash Kalamkari Srikalahasthi Pen Kalamkari Hand-Painted Bangalore Silk Black&White Saree - CBSBW071,Authentic hand-painted Srikalahasthi (Srikalahasti) Pen Kalamkari Bangalore Silk Black&White Saree (Code: CBSBW071). 100% natural organic vegetable dyes hand-drawn using traditional tamarind twig pens directly from Kailash Kalamkari master artisans since 1984.,https://www.kailash-kalamkari.com/?department=saree&product=srikalahasthi-pen-kalamkari-bangalore-silk-black-white-CBSBW071,https://lh3.googleusercontent.com/d/=w1200,in_stock,5500 INR,Kailash Kalamkari,new,2271,Apparel & Accessories > Clothing > Traditional Clothing > Pen Kalamkari Sarees
CBSBW072,Kailash Kalamkari Srikalahasthi Pen Kalamkari Hand-Painted Bangalore Silk Black&White Saree - CBSBW072,Authentic hand-painted Srikalahasthi (Srikalahasti) Pen Kalamkari Bangalore Silk Black&White Saree (Code: CBSBW072). 100% natural organic vegetable dyes hand-drawn using traditional tamarind twig pens directly from Kailash Kalamkari master artisans since 1984.,https://www.kailash-kalamkari.com/?department=saree&product=srikalahasthi-pen-kalamkari-bangalore-silk-black-white-CBSBW072,https://lh3.googleusercontent.com/d/=w1200,in_stock,5500 INR,Kailash Kalamkari,new,2271,Apparel & Accessories > Clothing > Traditional Clothing > Pen Kalamkari Sarees
CBSBW073,Kailash Kalamkari Srikalahasthi Pen Kalamkari Hand-Painted Bangalore Silk Black&White Saree - CBSBW073,Authentic hand-painted Srikalahasthi (Srikalahasti) Pen Kalamkari Bangalore Silk Black&White Saree (Code: CBSBW073). 100% natural organic vegetable dyes hand-drawn using traditional tamarind twig pens directly from Kailash Kalamkari master artisans since 1984.,https://www.kailash-kalamkari.com/?department=saree&product=srikalahasthi-pen-kalamkari-bangalore-silk-black-white-CBSBW073,https://lh3.googleusercontent.com/d/=w1200,in_stock,5500 INR,Kailash Kalamkari,new,2271,Apparel & Accessories > Clothing > Traditional Clothing > Pen Kalamkari Sarees
CBSBW074,Kailash Kalamkari Srikalahasthi Pen Kalamkari Hand-Painted Bangalore Silk Black&White Saree - CBSBW074,Authentic hand-painted Srikalahasthi (Srikalahasti) Pen Kalamkari Bangalore Silk Black&White Saree (Code: CBSBW074). 100% natural organic vegetable dyes hand-drawn using traditional tamarind twig pens directly from Kailash Kalamkari master artisans since 1984.,https://www.kailash-kalamkari.com/?department=saree&product=srikalahasthi-pen-kalamkari-bangalore-silk-black-white-CBSBW074,https://lh3.googleusercontent.com/d/=w1200,in_stock,5500 INR,Kailash Kalamkari,new,2271,Apparel & Accessories > Clothing > Traditional Clothing > Pen Kalamkari Sarees
CBSBW061,Kailash Kalamkari Srikalahasthi Pen Kalamkari Hand-Painted Bangalore Silk Black&White Saree - CBSBW061,Authentic hand-painted Srikalahasthi (Srikalahasti) Pen Kalamkari Bangalore Silk Black&White Saree (Code: CBSBW061). 100% natural organic vegetable dyes hand-drawn using traditional tamarind twig pens directly from Kailash Kalamkari master artisans since 1984.,https://www.kailash-kalamkari.com/?department=saree&product=srikalahasthi-pen-kalamkari-bangalore-silk-black-white-CBSBW061,https://lh3.googleusercontent.com/d/=w1200,in_stock,5500 INR,Kailash Kalamkari,new,2271,Apparel & Accessories > Clothing > Traditional Clothing > Pen Kalamkari Sarees
CBSBW062,Kailash Kalamkari Srikalahasthi Pen Kalamkari Hand-Painted Bangalore Silk Black&White Saree - CBSBW062,Authentic hand-painted Srikalahasthi (Srikalahasti) Pen Kalamkari Bangalore Silk Black&White Saree (Code: CBSBW062). 100% natural organic vegetable dyes hand-drawn using traditional tamarind twig pens directly from Kailash Kalamkari master artisans since 1984.,https://www.kailash-kalamkari.com/?department=saree&product=srikalahasthi-pen-kalamkari-bangalore-silk-black-white-CBSBW062,https://lh3.googleusercontent.com/d/=w1200,in_stock,5500 INR,Kailash Kalamkari,new,2271,Apparel & Accessories > Clothing > Traditional Clothing > Pen Kalamkari Sarees
CPGS030,Kailash Kalamkari Srikalahasthi Pen Kalamkari Hand-Painted Pure Gadwal Silk Saree - CPGS030,Authentic hand-painted Srikalahasthi (Srikalahasti) Pen Kalamkari Pure Gadwal Silk Saree (Code: CPGS030). 100% natural organic vegetable dyes hand-drawn using traditional tamarind twig pens directly from Kailash Kalamkari master artisans since 1984.,https://www.kailash-kalamkari.com/?department=saree&product=srikalahasthi-pen-kalamkari-pure-gadwal-silk-CPGS030,https://lh3.googleusercontent.com/d/=w1200,in_stock,26500 INR,Kailash Kalamkari,new,2271,Apparel & Accessories > Clothing > Traditional Clothing > Pen Kalamkari Sarees
CPGS031,Kailash Kalamkari Srikalahasthi Pen Kalamkari Hand-Painted Pure Gadwal Silk Saree - CPGS031,Authentic hand-painted Srikalahasthi (Srikalahasti) Pen Kalamkari Pure Gadwal Silk Saree (Code: CPGS031). 100% natural organic vegetable dyes hand-drawn using traditional tamarind twig pens directly from Kailash Kalamkari master artisans since 1984.,https://www.kailash-kalamkari.com/?department=saree&product=srikalahasthi-pen-kalamkari-pure-gadwal-silk-CPGS031,https://lh3.googleusercontent.com/d/=w1200,in_stock,26500 INR,Kailash Kalamkari,new,2271,Apparel & Accessories > Clothing > Traditional Clothing > Pen Kalamkari Sarees
CPGS032,Kailash Kalamkari Srikalahasthi Pen Kalamkari Hand-Painted Pure Gadwal Silk Saree - CPGS032,Authentic hand-painted Srikalahasthi (Srikalahasti) Pen Kalamkari Pure Gadwal Silk Saree (Code: CPGS032). 100% natural organic vegetable dyes hand-drawn using traditional tamarind twig pens directly from Kailash Kalamkari master artisans since 1984.,https://www.kailash-kalamkari.com/?department=saree&product=srikalahasthi-pen-kalamkari-pure-gadwal-silk-CPGS032,https://lh3.googleusercontent.com/d/=w1200,in_stock,26500 INR,Kailash Kalamkari,new,2271,Apparel & Accessories > Clothing > Traditional Clothing > Pen Kalamkari Sarees
CPGS033,Kailash Kalamkari Srikalahasthi Pen Kalamkari Hand-Painted Pure Gadwal Silk Saree - CPGS033,Authentic hand-painted Srikalahasthi (Srikalahasti) Pen Kalamkari Pure Gadwal Silk Saree (Code: CPGS033). 100% natural organic vegetable dyes hand-drawn using traditional tamarind twig pens directly from Kailash Kalamkari master artisans since 1984.,https://www.kailash-kalamkari.com/?department=saree&product=srikalahasthi-pen-kalamkari-pure-gadwal-silk-CPGS033,https://lh3.googleusercontent.com/d/=w1200,in_stock,26500 INR,Kailash Kalamkari,new,2271,Apparel & Accessories > Clothing > Traditional Clothing > Pen Kalamkari Sarees
CPGS034,Kailash Kalamkari Srikalahasthi Pen Kalamkari Hand-Painted Pure Gadwal Silk Saree - CPGS034,Authentic hand-painted Srikalahasthi (Srikalahasti) Pen Kalamkari Pure Gadwal Silk Saree (Code: CPGS034). 100% natural organic vegetable dyes hand-drawn using traditional tamarind twig pens directly from Kailash Kalamkari master artisans since 1984.,https://www.kailash-kalamkari.com/?department=saree&product=srikalahasthi-pen-kalamkari-pure-gadwal-silk-CPGS034,https://lh3.googleusercontent.com/d/=w1200,in_stock,26500 INR,Kailash Kalamkari,new,2271,Apparel & Accessories > Clothing > Traditional Clothing > Pen Kalamkari Sarees
CPGS035,Kailash Kalamkari Srikalahasthi Pen Kalamkari Hand-Painted Pure Gadwal Silk Saree - CPGS035,Authentic hand-painted Srikalahasthi (Srikalahasti) Pen Kalamkari Pure Gadwal Silk Saree (Code: CPGS035). 100% natural organic vegetable dyes hand-drawn using traditional tamarind twig pens directly from Kailash Kalamkari master artisans since 1984.,https://www.kailash-kalamkari.com/?department=saree&product=srikalahasthi-pen-kalamkari-pure-gadwal-silk-CPGS035,https://lh3.googleusercontent.com/d/=w1200,in_stock,26500 INR,Kailash Kalamkari,new,2271,Apparel & Accessories > Clothing > Traditional Clothing > Pen Kalamkari Sarees
CPGS036,Kailash Kalamkari Srikalahasthi Pen Kalamkari Hand-Painted Pure Gadwal Silk Saree - CPGS036,Authentic hand-painted Srikalahasthi (Srikalahasti) Pen Kalamkari Pure Gadwal Silk Saree (Code: CPGS036). 100% natural organic vegetable dyes hand-drawn using traditional tamarind twig pens directly from Kailash Kalamkari master artisans since 1984.,https://www.kailash-kalamkari.com/?department=saree&product=srikalahasthi-pen-kalamkari-pure-gadwal-silk-CPGS036,https://lh3.googleusercontent.com/d/=w1200,in_stock,26500 INR,Kailash Kalamkari,new,2271,Apparel & Accessories > Clothing > Traditional Clothing > Pen Kalamkari Sarees
CPGS037,Kailash Kalamkari Srikalahasthi Pen Kalamkari Hand-Painted Pure Gadwal Silk Saree - CPGS037,Authentic hand-painted Srikalahasthi (Srikalahasti) Pen Kalamkari Pure Gadwal Silk Saree (Code: CPGS037). 100% natural organic vegetable dyes hand-drawn using traditional tamarind twig pens directly from Kailash Kalamkari master artisans since 1984.,https://www.kailash-kalamkari.com/?department=saree&product=srikalahasthi-pen-kalamkari-pure-gadwal-silk-CPGS037,https://lh3.googleusercontent.com/d/=w1200,in_stock,26500 INR,Kailash Kalamkari,new,2271,Apparel & Accessories > Clothing > Traditional Clothing > Pen Kalamkari Sarees
CPGS038,Kailash Kalamkari Srikalahasthi Pen Kalamkari Hand-Painted Pure Gadwal Silk Saree - CPGS038,Authentic hand-painted Srikalahasthi (Srikalahasti) Pen Kalamkari Pure Gadwal Silk Saree (Code: CPGS038). 100% natural organic vegetable dyes hand-drawn using traditional tamarind twig pens directly from Kailash Kalamkari master artisans since 1984.,https://www.kailash-kalamkari.com/?department=saree&product=srikalahasthi-pen-kalamkari-pure-gadwal-silk-CPGS038,https://lh3.googleusercontent.com/d/=w1200,in_stock,26500 INR,Kailash Kalamkari,new,2271,Apparel & Accessories > Clothing > Traditional Clothing > Pen Kalamkari Sarees
CMAN197,Kailash Kalamkari Srikalahasthi Pen Kalamkari Hand-Painted Mangalgiri Silk Saree - CMAN197,Authentic hand-painted Srikalahasthi (Srikalahasti) Pen Kalamkari Mangalgiri Silk Saree (Code: CMAN197). 100% natural organic vegetable dyes hand-drawn using traditional tamarind twig pens directly from Kailash Kalamkari master artisans since 1984.,https://www.kailash-kalamkari.com/?department=saree&product=srikalahasthi-pen-kalamkari-mangalgiri-silk-CMAN197,https://lh3.googleusercontent.com/d/=w1200,in_stock,6500 INR,Kailash Kalamkari,new,2271,Apparel & Accessories > Clothing > Traditional Clothing > Pen Kalamkari Sarees
CMAN198,Kailash Kalamkari Srikalahasthi Pen Kalamkari Hand-Painted Mangalgiri Silk Saree - CMAN198,Authentic hand-painted Srikalahasthi (Srikalahasti) Pen Kalamkari Mangalgiri Silk Saree (Code: CMAN198). 100% natural organic vegetable dyes hand-drawn using traditional tamarind twig pens directly from Kailash Kalamkari master artisans since 1984.,https://www.kailash-kalamkari.com/?department=saree&product=srikalahasthi-pen-kalamkari-mangalgiri-silk-CMAN198,https://lh3.googleusercontent.com/d/=w1200,in_stock,6500 INR,Kailash Kalamkari,new,2271,Apparel & Accessories > Clothing > Traditional Clothing > Pen Kalamkari Sarees
CMAN195,Kailash Kalamkari Srikalahasthi Pen Kalamkari Hand-Painted Mangalgiri Silk Saree - CMAN195,Authentic hand-painted Srikalahasthi (Srikalahasti) Pen Kalamkari Mangalgiri Silk Saree (Code: CMAN195). 100% natural organic vegetable dyes hand-drawn using traditional tamarind twig pens directly from Kailash Kalamkari master artisans since 1984.,https://www.kailash-kalamkari.com/?department=saree&product=srikalahasthi-pen-kalamkari-mangalgiri-silk-CMAN195,https://lh3.googleusercontent.com/d/=w1200,in_stock,6500 INR,Kailash Kalamkari,new,2271,Apparel & Accessories > Clothing > Traditional Clothing > Pen Kalamkari Sarees
CMAN176,Kailash Kalamkari Srikalahasthi Pen Kalamkari Hand-Painted Mangalgiri Silk Saree - CMAN176,Authentic hand-painted Srikalahasthi (Srikalahasti) Pen Kalamkari Mangalgiri Silk Saree (Code: CMAN176). 100% natural organic vegetable dyes hand-drawn using traditional tamarind twig pens directly from Kailash Kalamkari master artisans since 1984.,https://www.kailash-kalamkari.com/?department=saree&product=srikalahasthi-pen-kalamkari-mangalgiri-silk-CMAN176,https://lh3.googleusercontent.com/d/=w1200,in_stock,6500 INR,Kailash Kalamkari,new,2271,Apparel & Accessories > Clothing > Traditional Clothing > Pen Kalamkari Sarees
CMAN177,Kailash Kalamkari Srikalahasthi Pen Kalamkari Hand-Painted Mangalgiri Silk Saree - CMAN177,Authentic hand-painted Srikalahasthi (Srikalahasti) Pen Kalamkari Mangalgiri Silk Saree (Code: CMAN177). 100% natural organic vegetable dyes hand-drawn using traditional tamarind twig pens directly from Kailash Kalamkari master artisans since 1984.,https://www.kailash-kalamkari.com/?department=saree&product=srikalahasthi-pen-kalamkari-mangalgiri-silk-CMAN177,https://lh3.googleusercontent.com/d/=w1200,in_stock,6500 INR,Kailash Kalamkari,new,2271,Apparel & Accessories > Clothing > Traditional Clothing > Pen Kalamkari Sarees
CMAN178,Kailash Kalamkari Srikalahasthi Pen Kalamkari Hand-Painted Mangalgiri Silk Saree - CMAN178,Authentic hand-painted Srikalahasthi (Srikalahasti) Pen Kalamkari Mangalgiri Silk Saree (Code: CMAN178). 100% natural organic vegetable dyes hand-drawn using traditional tamarind twig pens directly from Kailash Kalamkari master artisans since 1984.,https://www.kailash-kalamkari.com/?department=saree&product=srikalahasthi-pen-kalamkari-mangalgiri-silk-CMAN178,https://lh3.googleusercontent.com/d/=w1200,in_stock,6500 INR,Kailash Kalamkari,new,2271,Apparel & Accessories > Clothing > Traditional Clothing > Pen Kalamkari Sarees
CMAN179,Kailash Kalamkari Srikalahasthi Pen Kalamkari Hand-Painted Mangalgiri Silk Saree - CMAN179,Authentic hand-painted Srikalahasthi (Srikalahasti) Pen Kalamkari Mangalgiri Silk Saree (Code: CMAN179). 100% natural organic vegetable dyes hand-drawn using traditional tamarind twig pens directly from Kailash Kalamkari master artisans since 1984.,https://www.kailash-kalamkari.com/?department=saree&product=srikalahasthi-pen-kalamkari-mangalgiri-silk-CMAN179,https://lh3.googleusercontent.com/d/=w1200,in_stock,6500 INR,Kailash Kalamkari,new,2271,Apparel & Accessories > Clothing > Traditional Clothing > Pen Kalamkari Sarees
CMAN180,Kailash Kalamkari Srikalahasthi Pen Kalamkari Hand-Painted Mangalgiri Silk Saree - CMAN180,Authentic hand-painted Srikalahasthi (Srikalahasti) Pen Kalamkari Mangalgiri Silk Saree (Code: CMAN180). 100% natural organic vegetable dyes hand-drawn using traditional tamarind twig pens directly from Kailash Kalamkari master artisans since 1984.,https://www.kailash-kalamkari.com/?department=saree&product=srikalahasthi-pen-kalamkari-mangalgiri-silk-CMAN180,https://lh3.googleusercontent.com/d/=w1200,in_stock,6500 INR,Kailash Kalamkari,new,2271,Apparel & Accessories > Clothing > Traditional Clothing > Pen Kalamkari Sarees
CMAN181,Kailash Kalamkari Srikalahasthi Pen Kalamkari Hand-Painted Mangalgiri Silk Saree - CMAN181,Authentic hand-painted Srikalahasthi (Srikalahasti) Pen Kalamkari Mangalgiri Silk Saree (Code: CMAN181). 100% natural organic vegetable dyes hand-drawn using traditional tamarind twig pens directly from Kailash Kalamkari master artisans since 1984.,https://www.kailash-kalamkari.com/?department=saree&product=srikalahasthi-pen-kalamkari-mangalgiri-silk-CMAN181,https://lh3.googleusercontent.com/d/=w1200,in_stock,6500 INR,Kailash Kalamkari,new,2271,Apparel & Accessories > Clothing > Traditional Clothing > Pen Kalamkari Sarees
CMAN182,Kailash Kalamkari Srikalahasthi Pen Kalamkari Hand-Painted Mangalgiri Silk Saree - CMAN182,Authentic hand-painted Srikalahasthi (Srikalahasti) Pen Kalamkari Mangalgiri Silk Saree (Code: CMAN182). 100% natural organic vegetable dyes hand-drawn using traditional tamarind twig pens directly from Kailash Kalamkari master artisans since 1984.,https://www.kailash-kalamkari.com/?department=saree&product=srikalahasthi-pen-kalamkari-mangalgiri-silk-CMAN182,https://lh3.googleusercontent.com/d/=w1200,in_stock,6500 INR,Kailash Kalamkari,new,2271,Apparel & Accessories > Clothing > Traditional Clothing > Pen Kalamkari Sarees
CMAN183,Kailash Kalamkari Srikalahasthi Pen Kalamkari Hand-Painted Mangalgiri Silk Saree - CMAN183,Authentic hand-painted Srikalahasthi (Srikalahasti) Pen Kalamkari Mangalgiri Silk Saree (Code: CMAN183). 100% natural organic vegetable dyes hand-drawn using traditional tamarind twig pens directly from Kailash Kalamkari master artisans since 1984.,https://www.kailash-kalamkari.com/?department=saree&product=srikalahasthi-pen-kalamkari-mangalgiri-silk-CMAN183,https://lh3.googleusercontent.com/d/=w1200,in_stock,6500 INR,Kailash Kalamkari,new,2271,Apparel & Accessories > Clothing > Traditional Clothing > Pen Kalamkari Sarees
CMAN184,Kailash Kalamkari Srikalahasthi Pen Kalamkari Hand-Painted Mangalgiri Silk Saree - CMAN184,Authentic hand-painted Srikalahasthi (Srikalahasti) Pen Kalamkari Mangalgiri Silk Saree (Code: CMAN184). 100% natural organic vegetable dyes hand-drawn using traditional tamarind twig pens directly from Kailash Kalamkari master artisans since 1984.,https://www.kailash-kalamkari.com/?department=saree&product=srikalahasthi-pen-kalamkari-mangalgiri-silk-CMAN184,https://lh3.googleusercontent.com/d/=w1200,in_stock,6500 INR,Kailash Kalamkari,new,2271,Apparel & Accessories > Clothing > Traditional Clothing > Pen Kalamkari Sarees
CMAN186,Kailash Kalamkari Srikalahasthi Pen Kalamkari Hand-Painted Mangalgiri Silk Saree - CMAN186,Authentic hand-painted Srikalahasthi (Srikalahasti) Pen Kalamkari Mangalgiri Silk Saree (Code: CMAN186). 100% natural organic vegetable dyes hand-drawn using traditional tamarind twig pens directly from Kailash Kalamkari master artisans since 1984.,https://www.kailash-kalamkari.com/?department=saree&product=srikalahasthi-pen-kalamkari-mangalgiri-silk-CMAN186,https://lh3.googleusercontent.com/d/=w1200,in_stock,6500 INR,Kailash Kalamkari,new,2271,Apparel & Accessories > Clothing > Traditional Clothing > Pen Kalamkari Sarees
CMAN187,Kailash Kalamkari Srikalahasthi Pen Kalamkari Hand-Painted Mangalgiri Silk Saree - CMAN187,Authentic hand-painted Srikalahasthi (Srikalahasti) Pen Kalamkari Mangalgiri Silk Saree (Code: CMAN187). 100% natural organic vegetable dyes hand-drawn using traditional tamarind twig pens directly from Kailash Kalamkari master artisans since 1984.,https://www.kailash-kalamkari.com/?department=saree&product=srikalahasthi-pen-kalamkari-mangalgiri-silk-CMAN187,https://lh3.googleusercontent.com/d/=w1200,in_stock,6500 INR,Kailash Kalamkari,new,2271,Apparel & Accessories > Clothing > Traditional Clothing > Pen Kalamkari Sarees
CMAN188,Kailash Kalamkari Srikalahasthi Pen Kalamkari Hand-Painted Mangalgiri Silk Saree - CMAN188,Authentic hand-painted Srikalahasthi (Srikalahasti) Pen Kalamkari Mangalgiri Silk Saree (Code: CMAN188). 100% natural organic vegetable dyes hand-drawn using traditional tamarind twig pens directly from Kailash Kalamkari master artisans since 1984.,https://www.kailash-kalamkari.com/?department=saree&product=srikalahasthi-pen-kalamkari-mangalgiri-silk-CMAN188,https://lh3.googleusercontent.com/d/=w1200,in_stock,6500 INR,Kailash Kalamkari,new,2271,Apparel & Accessories > Clothing > Traditional Clothing > Pen Kalamkari Sarees
CMAN190,Kailash Kalamkari Srikalahasthi Pen Kalamkari Hand-Painted Mangalgiri Silk Saree - CMAN190,Authentic hand-painted Srikalahasthi (Srikalahasti) Pen Kalamkari Mangalgiri Silk Saree (Code: CMAN190). 100% natural organic vegetable dyes hand-drawn using traditional tamarind twig pens directly from Kailash Kalamkari master artisans since 1984.,https://www.kailash-kalamkari.com/?department=saree&product=srikalahasthi-pen-kalamkari-mangalgiri-silk-CMAN190,https://lh3.googleusercontent.com/d/=w1200,in_stock,6500 INR,Kailash Kalamkari,new,2271,Apparel & Accessories > Clothing > Traditional Clothing > Pen Kalamkari Sarees
CMAN191,Kailash Kalamkari Srikalahasthi Pen Kalamkari Hand-Painted Mangalgiri Silk Saree - CMAN191,Authentic hand-painted Srikalahasthi (Srikalahasti) Pen Kalamkari Mangalgiri Silk Saree (Code: CMAN191). 100% natural organic vegetable dyes hand-drawn using traditional tamarind twig pens directly from Kailash Kalamkari master artisans since 1984.,https://www.kailash-kalamkari.com/?department=saree&product=srikalahasthi-pen-kalamkari-mangalgiri-silk-CMAN191,https://lh3.googleusercontent.com/d/=w1200,in_stock,6500 INR,Kailash Kalamkari,new,2271,Apparel & Accessories > Clothing > Traditional Clothing > Pen Kalamkari Sarees
CMAN192,Kailash Kalamkari Srikalahasthi Pen Kalamkari Hand-Painted Mangalgiri Silk Saree - CMAN192,Authentic hand-painted Srikalahasthi (Srikalahasti) Pen Kalamkari Mangalgiri Silk Saree (Code: CMAN192). 100% natural organic vegetable dyes hand-drawn using traditional tamarind twig pens directly from Kailash Kalamkari master artisans since 1984.,https://www.kailash-kalamkari.com/?department=saree&product=srikalahasthi-pen-kalamkari-mangalgiri-silk-CMAN192,https://lh3.googleusercontent.com/d/=w1200,in_stock,6500 INR,Kailash Kalamkari,new,2271,Apparel & Accessories > Clothing > Traditional Clothing > Pen Kalamkari Sarees
CMAN193,Kailash Kalamkari Srikalahasthi Pen Kalamkari Hand-Painted Mangalgiri Silk Saree - CMAN193,Authentic hand-painted Srikalahasthi (Srikalahasti) Pen Kalamkari Mangalgiri Silk Saree (Code: CMAN193). 100% natural organic vegetable dyes hand-drawn using traditional tamarind twig pens directly from Kailash Kalamkari master artisans since 1984.,https://www.kailash-kalamkari.com/?department=saree&product=srikalahasthi-pen-kalamkari-mangalgiri-silk-CMAN193,https://lh3.googleusercontent.com/d/=w1200,in_stock,6500 INR,Kailash Kalamkari,new,2271,Apparel & Accessories > Clothing > Traditional Clothing > Pen Kalamkari Sarees
CSKB169,Kailash Kalamkari Srikalahasthi Pen Kalamkari Hand-Painted Semi kanchi Silk Black&white Saree - CSKB169,Authentic hand-painted Srikalahasthi (Srikalahasti) Pen Kalamkari Semi kanchi Silk Black&white Saree (Code: CSKB169). 100% natural organic vegetable dyes hand-drawn using traditional tamarind twig pens directly from Kailash Kalamkari master artisans since 1984.,https://www.kailash-kalamkari.com/?department=saree&product=srikalahasthi-pen-kalamkari-semi-kanchi-silk-black-white-CSKB169,https://lh3.googleusercontent.com/d/=w1200,in_stock,6000 INR,Kailash Kalamkari,new,2271,Apparel & Accessories > Clothing > Traditional Clothing > Pen Kalamkari Sarees
CSKB170,Kailash Kalamkari Srikalahasthi Pen Kalamkari Hand-Painted Semi kanchi Silk Black&white Saree - CSKB170,Authentic hand-painted Srikalahasthi (Srikalahasti) Pen Kalamkari Semi kanchi Silk Black&white Saree (Code: CSKB170). 100% natural organic vegetable dyes hand-drawn using traditional tamarind twig pens directly from Kailash Kalamkari master artisans since 1984.,https://www.kailash-kalamkari.com/?department=saree&product=srikalahasthi-pen-kalamkari-semi-kanchi-silk-black-white-CSKB170,https://lh3.googleusercontent.com/d/=w1200,in_stock,6000 INR,Kailash Kalamkari,new,2271,Apparel & Accessories > Clothing > Traditional Clothing > Pen Kalamkari Sarees
CSKB171,Kailash Kalamkari Srikalahasthi Pen Kalamkari Hand-Painted Semi kanchi Silk Black&white Saree - CSKB171,Authentic hand-painted Srikalahasthi (Srikalahasti) Pen Kalamkari Semi kanchi Silk Black&white Saree (Code: CSKB171). 100% natural organic vegetable dyes hand-drawn using traditional tamarind twig pens directly from Kailash Kalamkari master artisans since 1984.,https://www.kailash-kalamkari.com/?department=saree&product=srikalahasthi-pen-kalamkari-semi-kanchi-silk-black-white-CSKB171,https://lh3.googleusercontent.com/d/=w1200,in_stock,6000 INR,Kailash Kalamkari,new,2271,Apparel & Accessories > Clothing > Traditional Clothing > Pen Kalamkari Sarees
CSKB172,Kailash Kalamkari Srikalahasthi Pen Kalamkari Hand-Painted Semi kanchi Silk Black&white Saree - CSKB172,Authentic hand-painted Srikalahasthi (Srikalahasti) Pen Kalamkari Semi kanchi Silk Black&white Saree (Code: CSKB172). 100% natural organic vegetable dyes hand-drawn using traditional tamarind twig pens directly from Kailash Kalamkari master artisans since 1984.,https://www.kailash-kalamkari.com/?department=saree&product=srikalahasthi-pen-kalamkari-semi-kanchi-silk-black-white-CSKB172,https://lh3.googleusercontent.com/d/=w1200,in_stock,6000 INR,Kailash Kalamkari,new,2271,Apparel & Accessories > Clothing > Traditional Clothing > Pen Kalamkari Sarees
CSKB173,Kailash Kalamkari Srikalahasthi Pen Kalamkari Hand-Painted Semi kanchi Silk Black&white Saree - CSKB173,Authentic hand-painted Srikalahasthi (Srikalahasti) Pen Kalamkari Semi kanchi Silk Black&white Saree (Code: CSKB173). 100% natural organic vegetable dyes hand-drawn using traditional tamarind twig pens directly from Kailash Kalamkari master artisans since 1984.,https://www.kailash-kalamkari.com/?department=saree&product=srikalahasthi-pen-kalamkari-semi-kanchi-silk-black-white-CSKB173,https://lh3.googleusercontent.com/d/=w1200,in_stock,6000 INR,Kailash Kalamkari,new,2271,Apparel & Accessories > Clothing > Traditional Clothing > Pen Kalamkari Sarees
CSKB174,Kailash Kalamkari Srikalahasthi Pen Kalamkari Hand-Painted Semi kanchi Silk Black&white Saree - CSKB174,Authentic hand-painted Srikalahasthi (Srikalahasti) Pen Kalamkari Semi kanchi Silk Black&white Saree (Code: CSKB174). 100% natural organic vegetable dyes hand-drawn using traditional tamarind twig pens directly from Kailash Kalamkari master artisans since 1984.,https://www.kailash-kalamkari.com/?department=saree&product=srikalahasthi-pen-kalamkari-semi-kanchi-silk-black-white-CSKB174,https://lh3.googleusercontent.com/d/=w1200,in_stock,6000 INR,Kailash Kalamkari,new,2271,Apparel & Accessories > Clothing > Traditional Clothing > Pen Kalamkari Sarees
CSKB175,Kailash Kalamkari Srikalahasthi Pen Kalamkari Hand-Painted Semi kanchi Silk Black&white Saree - CSKB175,Authentic hand-painted Srikalahasthi (Srikalahasti) Pen Kalamkari Semi kanchi Silk Black&white Saree (Code: CSKB175). 100% natural organic vegetable dyes hand-drawn using traditional tamarind twig pens directly from Kailash Kalamkari master artisans since 1984.,https://www.kailash-kalamkari.com/?department=saree&product=srikalahasthi-pen-kalamkari-semi-kanchi-silk-black-white-CSKB175,https://lh3.googleusercontent.com/d/=w1200,in_stock,6000 INR,Kailash Kalamkari,new,2271,Apparel & Accessories > Clothing > Traditional Clothing > Pen Kalamkari Sarees
CSKB176,Kailash Kalamkari Srikalahasthi Pen Kalamkari Hand-Painted Semi kanchi Silk Black&white Saree - CSKB176,Authentic hand-painted Srikalahasthi (Srikalahasti) Pen Kalamkari Semi kanchi Silk Black&white Saree (Code: CSKB176). 100% natural organic vegetable dyes hand-drawn using traditional tamarind twig pens directly from Kailash Kalamkari master artisans since 1984.,https://www.kailash-kalamkari.com/?department=saree&product=srikalahasthi-pen-kalamkari-semi-kanchi-silk-black-white-CSKB176,https://lh3.googleusercontent.com/d/=w1200,in_stock,6000 INR,Kailash Kalamkari,new,2271,Apparel & Accessories > Clothing > Traditional Clothing > Pen Kalamkari Sarees
CSKB177,Kailash Kalamkari Srikalahasthi Pen Kalamkari Hand-Painted Semi kanchi Silk Black&white Saree - CSKB177,Authentic hand-painted Srikalahasthi (Srikalahasti) Pen Kalamkari Semi kanchi Silk Black&white Saree (Code: CSKB177). 100% natural organic vegetable dyes hand-drawn using traditional tamarind twig pens directly from Kailash Kalamkari master artisans since 1984.,https://www.kailash-kalamkari.com/?department=saree&product=srikalahasthi-pen-kalamkari-semi-kanchi-silk-black-white-CSKB177,https://lh3.googleusercontent.com/d/=w1200,in_stock,6000 INR,Kailash Kalamkari,new,2271,Apparel & Accessories > Clothing > Traditional Clothing > Pen Kalamkari Sarees
CSKB178,Kailash Kalamkari Srikalahasthi Pen Kalamkari Hand-Painted Semi kanchi Silk Black&white Saree - CSKB178,Authentic hand-painted Srikalahasthi (Srikalahasti) Pen Kalamkari Semi kanchi Silk Black&white Saree (Code: CSKB178). 100% natural organic vegetable dyes hand-drawn using traditional tamarind twig pens directly from Kailash Kalamkari master artisans since 1984.,https://www.kailash-kalamkari.com/?department=saree&product=srikalahasthi-pen-kalamkari-semi-kanchi-silk-black-white-CSKB178,https://lh3.googleusercontent.com/d/=w1200,in_stock,6000 INR,Kailash Kalamkari,new,2271,Apparel & Accessories > Clothing > Traditional Clothing > Pen Kalamkari Sarees
CSKB180,Kailash Kalamkari Srikalahasthi Pen Kalamkari Hand-Painted Semi kanchi Silk Black&white Saree - CSKB180,Authentic hand-painted Srikalahasthi (Srikalahasti) Pen Kalamkari Semi kanchi Silk Black&white Saree (Code: CSKB180). 100% natural organic vegetable dyes hand-drawn using traditional tamarind twig pens directly from Kailash Kalamkari master artisans since 1984.,https://www.kailash-kalamkari.com/?department=saree&product=srikalahasthi-pen-kalamkari-semi-kanchi-silk-black-white-CSKB180,https://lh3.googleusercontent.com/d/=w1200,in_stock,6000 INR,Kailash Kalamkari,new,2271,Apparel & Accessories > Clothing > Traditional Clothing > Pen Kalamkari Sarees
CSKB181,Kailash Kalamkari Srikalahasthi Pen Kalamkari Hand-Painted Semi kanchi Silk Black&white Saree - CSKB181,Authentic hand-painted Srikalahasthi (Srikalahasti) Pen Kalamkari Semi kanchi Silk Black&white Saree (Code: CSKB181). 100% natural organic vegetable dyes hand-drawn using traditional tamarind twig pens directly from Kailash Kalamkari master artisans since 1984.,https://www.kailash-kalamkari.com/?department=saree&product=srikalahasthi-pen-kalamkari-semi-kanchi-silk-black-white-CSKB181,https://lh3.googleusercontent.com/d/=w1200,in_stock,6000 INR,Kailash Kalamkari,new,2271,Apparel & Accessories > Clothing > Traditional Clothing > Pen Kalamkari Sarees
CSKB182,Kailash Kalamkari Srikalahasthi Pen Kalamkari Hand-Painted Semi kanchi Silk Black&white Saree - CSKB182,Authentic hand-painted Srikalahasthi (Srikalahasti) Pen Kalamkari Semi kanchi Silk Black&white Saree (Code: CSKB182). 100% natural organic vegetable dyes hand-drawn using traditional tamarind twig pens directly from Kailash Kalamkari master artisans since 1984.,https://www.kailash-kalamkari.com/?department=saree&product=srikalahasthi-pen-kalamkari-semi-kanchi-silk-black-white-CSKB182,https://lh3.googleusercontent.com/d/=w1200,in_stock,6000 INR,Kailash Kalamkari,new,2271,Apparel & Accessories > Clothing > Traditional Clothing > Pen Kalamkari Sarees
CSKB183,Kailash Kalamkari Srikalahasthi Pen Kalamkari Hand-Painted Semi kanchi Silk Black&white Saree - CSKB183,Authentic hand-painted Srikalahasthi (Srikalahasti) Pen Kalamkari Semi kanchi Silk Black&white Saree (Code: CSKB183). 100% natural organic vegetable dyes hand-drawn using traditional tamarind twig pens directly from Kailash Kalamkari master artisans since 1984.,https://www.kailash-kalamkari.com/?department=saree&product=srikalahasthi-pen-kalamkari-semi-kanchi-silk-black-white-CSKB183,https://lh3.googleusercontent.com/d/=w1200,in_stock,6000 INR,Kailash Kalamkari,new,2271,Apparel & Accessories > Clothing > Traditional Clothing > Pen Kalamkari Sarees
CSKB184,Kailash Kalamkari Srikalahasthi Pen Kalamkari Hand-Painted Semi kanchi Silk Black&white Saree - CSKB184,Authentic hand-painted Srikalahasthi (Srikalahasti) Pen Kalamkari Semi kanchi Silk Black&white Saree (Code: CSKB184). 100% natural organic vegetable dyes hand-drawn using traditional tamarind twig pens directly from Kailash Kalamkari master artisans since 1984.,https://www.kailash-kalamkari.com/?department=saree&product=srikalahasthi-pen-kalamkari-semi-kanchi-silk-black-white-CSKB184,https://lh3.googleusercontent.com/d/=w1200,in_stock,6000 INR,Kailash Kalamkari,new,2271,Apparel & Accessories > Clothing > Traditional Clothing > Pen Kalamkari Sarees
CSKB185,Kailash Kalamkari Srikalahasthi Pen Kalamkari Hand-Painted Semi kanchi Silk Black&white Saree - CSKB185,Authentic hand-painted Srikalahasthi (Srikalahasti) Pen Kalamkari Semi kanchi Silk Black&white Saree (Code: CSKB185). 100% natural organic vegetable dyes hand-drawn using traditional tamarind twig pens directly from Kailash Kalamkari master artisans since 1984.,https://www.kailash-kalamkari.com/?department=saree&product=srikalahasthi-pen-kalamkari-semi-kanchi-silk-black-white-CSKB185,https://lh3.googleusercontent.com/d/=w1200,in_stock,6000 INR,Kailash Kalamkari,new,2271,Apparel & Accessories > Clothing > Traditional Clothing > Pen Kalamkari Sarees
CSKB186,Kailash Kalamkari Srikalahasthi Pen Kalamkari Hand-Painted Semi kanchi Silk Black&white Saree - CSKB186,Authentic hand-painted Srikalahasthi (Srikalahasti) Pen Kalamkari Semi kanchi Silk Black&white Saree (Code: CSKB186). 100% natural organic vegetable dyes hand-drawn using traditional tamarind twig pens directly from Kailash Kalamkari master artisans since 1984.,https://www.kailash-kalamkari.com/?department=saree&product=srikalahasthi-pen-kalamkari-semi-kanchi-silk-black-white-CSKB186,https://lh3.googleusercontent.com/d/=w1200,in_stock,6000 INR,Kailash Kalamkari,new,2271,Apparel & Accessories > Clothing > Traditional Clothing > Pen Kalamkari Sarees
CSKB187,Kailash Kalamkari Srikalahasthi Pen Kalamkari Hand-Painted Semi kanchi Silk Black&white Saree - CSKB187,Authentic hand-painted Srikalahasthi (Srikalahasti) Pen Kalamkari Semi kanchi Silk Black&white Saree (Code: CSKB187). 100% natural organic vegetable dyes hand-drawn using traditional tamarind twig pens directly from Kailash Kalamkari master artisans since 1984.,https://www.kailash-kalamkari.com/?department=saree&product=srikalahasthi-pen-kalamkari-semi-kanchi-silk-black-white-CSKB187,https://lh3.googleusercontent.com/d/=w1200,in_stock,6000 INR,Kailash Kalamkari,new,2271,Apparel & Accessories > Clothing > Traditional Clothing > Pen Kalamkari Sarees
CSKB188,Kailash Kalamkari Srikalahasthi Pen Kalamkari Hand-Painted Semi kanchi Silk Black&white Saree - CSKB188,Authentic hand-painted Srikalahasthi (Srikalahasti) Pen Kalamkari Semi kanchi Silk Black&white Saree (Code: CSKB188). 100% natural organic vegetable dyes hand-drawn using traditional tamarind twig pens directly from Kailash Kalamkari master artisans since 1984.,https://www.kailash-kalamkari.com/?department=saree&product=srikalahasthi-pen-kalamkari-semi-kanchi-silk-black-white-CSKB188,https://lh3.googleusercontent.com/d/=w1200,in_stock,6000 INR,Kailash Kalamkari,new,2271,Apparel & Accessories > Clothing > Traditional Clothing > Pen Kalamkari Sarees
CSKB189,Kailash Kalamkari Srikalahasthi Pen Kalamkari Hand-Painted Semi kanchi Silk Black&white Saree - CSKB189,Authentic hand-painted Srikalahasthi (Srikalahasti) Pen Kalamkari Semi kanchi Silk Black&white Saree (Code: CSKB189). 100% natural organic vegetable dyes hand-drawn using traditional tamarind twig pens directly from Kailash Kalamkari master artisans since 1984.,https://www.kailash-kalamkari.com/?department=saree&product=srikalahasthi-pen-kalamkari-semi-kanchi-silk-black-white-CSKB189,https://lh3.googleusercontent.com/d/=w1200,in_stock,6000 INR,Kailash Kalamkari,new,2271,Apparel & Accessories > Clothing > Traditional Clothing > Pen Kalamkari Sarees
CSKB190,Kailash Kalamkari Srikalahasthi Pen Kalamkari Hand-Painted Semi kanchi Silk Black&white Saree - CSKB190,Authentic hand-painted Srikalahasthi (Srikalahasti) Pen Kalamkari Semi kanchi Silk Black&white Saree (Code: CSKB190). 100% natural organic vegetable dyes hand-drawn using traditional tamarind twig pens directly from Kailash Kalamkari master artisans since 1984.,https://www.kailash-kalamkari.com/?department=saree&product=srikalahasthi-pen-kalamkari-semi-kanchi-silk-black-white-CSKB190,https://lh3.googleusercontent.com/d/=w1200,in_stock,6000 INR,Kailash Kalamkari,new,2271,Apparel & Accessories > Clothing > Traditional Clothing > Pen Kalamkari Sarees
CSKB191,Kailash Kalamkari Srikalahasthi Pen Kalamkari Hand-Painted Semi kanchi Silk Black&white Saree - CSKB191,Authentic hand-painted Srikalahasthi (Srikalahasti) Pen Kalamkari Semi kanchi Silk Black&white Saree (Code: CSKB191). 100% natural organic vegetable dyes hand-drawn using traditional tamarind twig pens directly from Kailash Kalamkari master artisans since 1984.,https://www.kailash-kalamkari.com/?department=saree&product=srikalahasthi-pen-kalamkari-semi-kanchi-silk-black-white-CSKB191,https://lh3.googleusercontent.com/d/=w1200,in_stock,6000 INR,Kailash Kalamkari,new,2271,Apparel & Accessories > Clothing > Traditional Clothing > Pen Kalamkari Sarees
CSKB192,Kailash Kalamkari Srikalahasthi Pen Kalamkari Hand-Painted Semi kanchi Silk Black&white Saree - CSKB192,Authentic hand-painted Srikalahasthi (Srikalahasti) Pen Kalamkari Semi kanchi Silk Black&white Saree (Code: CSKB192). 100% natural organic vegetable dyes hand-drawn using traditional tamarind twig pens directly from Kailash Kalamkari master artisans since 1984.,https://www.kailash-kalamkari.com/?department=saree&product=srikalahasthi-pen-kalamkari-semi-kanchi-silk-black-white-CSKB192,https://lh3.googleusercontent.com/d/=w1200,in_stock,6000 INR,Kailash Kalamkari,new,2271,Apparel & Accessories > Clothing > Traditional Clothing > Pen Kalamkari Sarees
CSKB193,Kailash Kalamkari Srikalahasthi Pen Kalamkari Hand-Painted Semi kanchi Silk Black&white Saree - CSKB193,Authentic hand-painted Srikalahasthi (Srikalahasti) Pen Kalamkari Semi kanchi Silk Black&white Saree (Code: CSKB193). 100% natural organic vegetable dyes hand-drawn using traditional tamarind twig pens directly from Kailash Kalamkari master artisans since 1984.,https://www.kailash-kalamkari.com/?department=saree&product=srikalahasthi-pen-kalamkari-semi-kanchi-silk-black-white-CSKB193,https://lh3.googleusercontent.com/d/=w1200,in_stock,6000 INR,Kailash Kalamkari,new,2271,Apparel & Accessories > Clothing > Traditional Clothing > Pen Kalamkari Sarees
CSKB194,Kailash Kalamkari Srikalahasthi Pen Kalamkari Hand-Painted Semi kanchi Silk Black&white Saree - CSKB194,Authentic hand-painted Srikalahasthi (Srikalahasti) Pen Kalamkari Semi kanchi Silk Black&white Saree (Code: CSKB194). 100% natural organic vegetable dyes hand-drawn using traditional tamarind twig pens directly from Kailash Kalamkari master artisans since 1984.,https://www.kailash-kalamkari.com/?department=saree&product=srikalahasthi-pen-kalamkari-semi-kanchi-silk-black-white-CSKB194,https://lh3.googleusercontent.com/d/=w1200,in_stock,6000 INR,Kailash Kalamkari,new,2271,Apparel & Accessories > Clothing > Traditional Clothing > Pen Kalamkari Sarees
CSKB195,Kailash Kalamkari Srikalahasthi Pen Kalamkari Hand-Painted Semi kanchi Silk Black&white Saree - CSKB195,Authentic hand-painted Srikalahasthi (Srikalahasti) Pen Kalamkari Semi kanchi Silk Black&white Saree (Code: CSKB195). 100% natural organic vegetable dyes hand-drawn using traditional tamarind twig pens directly from Kailash Kalamkari master artisans since 1984.,https://www.kailash-kalamkari.com/?department=saree&product=srikalahasthi-pen-kalamkari-semi-kanchi-silk-black-white-CSKB195,https://lh3.googleusercontent.com/d/=w1200,in_stock,6000 INR,Kailash Kalamkari,new,2271,Apparel & Accessories > Clothing > Traditional Clothing > Pen Kalamkari Sarees
CSKB196,Kailash Kalamkari Srikalahasthi Pen Kalamkari Hand-Painted Semi kanchi Silk Black&white Saree - CSKB196,Authentic hand-painted Srikalahasthi (Srikalahasti) Pen Kalamkari Semi kanchi Silk Black&white Saree (Code: CSKB196). 100% natural organic vegetable dyes hand-drawn using traditional tamarind twig pens directly from Kailash Kalamkari master artisans since 1984.,https://www.kailash-kalamkari.com/?department=saree&product=srikalahasthi-pen-kalamkari-semi-kanchi-silk-black-white-CSKB196,https://lh3.googleusercontent.com/d/=w1200,in_stock,6000 INR,Kailash Kalamkari,new,2271,Apparel & Accessories > Clothing > Traditional Clothing > Pen Kalamkari Sarees
CSKB197,Kailash Kalamkari Srikalahasthi Pen Kalamkari Hand-Painted Semi kanchi Silk Black&white Saree - CSKB197,Authentic hand-painted Srikalahasthi (Srikalahasti) Pen Kalamkari Semi kanchi Silk Black&white Saree (Code: CSKB197). 100% natural organic vegetable dyes hand-drawn using traditional tamarind twig pens directly from Kailash Kalamkari master artisans since 1984.,https://www.kailash-kalamkari.com/?department=saree&product=srikalahasthi-pen-kalamkari-semi-kanchi-silk-black-white-CSKB197,https://lh3.googleusercontent.com/d/=w1200,in_stock,6000 INR,Kailash Kalamkari,new,2271,Apparel & Accessories > Clothing > Traditional Clothing > Pen Kalamkari Sarees
CSKB198,Kailash Kalamkari Srikalahasthi Pen Kalamkari Hand-Painted Semi kanchi Silk Black&white Saree - CSKB198,Authentic hand-painted Srikalahasthi (Srikalahasti) Pen Kalamkari Semi kanchi Silk Black&white Saree (Code: CSKB198). 100% natural organic vegetable dyes hand-drawn using traditional tamarind twig pens directly from Kailash Kalamkari master artisans since 1984.,https://www.kailash-kalamkari.com/?department=saree&product=srikalahasthi-pen-kalamkari-semi-kanchi-silk-black-white-CSKB198,https://lh3.googleusercontent.com/d/=w1200,in_stock,6000 INR,Kailash Kalamkari,new,2271,Apparel & Accessories > Clothing > Traditional Clothing > Pen Kalamkari Sarees
CSKB199,Kailash Kalamkari Srikalahasthi Pen Kalamkari Hand-Painted Semi kanchi Silk Black&white Saree - CSKB199,Authentic hand-painted Srikalahasthi (Srikalahasti) Pen Kalamkari Semi kanchi Silk Black&white Saree (Code: CSKB199). 100% natural organic vegetable dyes hand-drawn using traditional tamarind twig pens directly from Kailash Kalamkari master artisans since 1984.,https://www.kailash-kalamkari.com/?department=saree&product=srikalahasthi-pen-kalamkari-semi-kanchi-silk-black-white-CSKB199,https://lh3.googleusercontent.com/d/=w1200,in_stock,6000 INR,Kailash Kalamkari,new,2271,Apparel & Accessories > Clothing > Traditional Clothing > Pen Kalamkari Sarees
CSKB200,Kailash Kalamkari Srikalahasthi Pen Kalamkari Hand-Painted Semi kanchi Silk Black&white Saree - CSKB200,Authentic hand-painted Srikalahasthi (Srikalahasti) Pen Kalamkari Semi kanchi Silk Black&white Saree (Code: CSKB200). 100% natural organic vegetable dyes hand-drawn using traditional tamarind twig pens directly from Kailash Kalamkari master artisans since 1984.,https://www.kailash-kalamkari.com/?department=saree&product=srikalahasthi-pen-kalamkari-semi-kanchi-silk-black-white-CSKB200,https://lh3.googleusercontent.com/d/=w1200,in_stock,6000 INR,Kailash Kalamkari,new,2271,Apparel & Accessories > Clothing > Traditional Clothing > Pen Kalamkari Sarees
CSKB201,Kailash Kalamkari Srikalahasthi Pen Kalamkari Hand-Painted Semi kanchi Silk Black&white Saree - CSKB201,Authentic hand-painted Srikalahasthi (Srikalahasti) Pen Kalamkari Semi kanchi Silk Black&white Saree (Code: CSKB201). 100% natural organic vegetable dyes hand-drawn using traditional tamarind twig pens directly from Kailash Kalamkari master artisans since 1984.,https://www.kailash-kalamkari.com/?department=saree&product=srikalahasthi-pen-kalamkari-semi-kanchi-silk-black-white-CSKB201,https://lh3.googleusercontent.com/d/=w1200,in_stock,6000 INR,Kailash Kalamkari,new,2271,Apparel & Accessories > Clothing > Traditional Clothing > Pen Kalamkari Sarees
CSKB202,Kailash Kalamkari Srikalahasthi Pen Kalamkari Hand-Painted Semi kanchi Silk Black&white Saree - CSKB202,Authentic hand-painted Srikalahasthi (Srikalahasti) Pen Kalamkari Semi kanchi Silk Black&white Saree (Code: CSKB202). 100% natural organic vegetable dyes hand-drawn using traditional tamarind twig pens directly from Kailash Kalamkari master artisans since 1984.,https://www.kailash-kalamkari.com/?department=saree&product=srikalahasthi-pen-kalamkari-semi-kanchi-silk-black-white-CSKB202,https://lh3.googleusercontent.com/d/=w1200,in_stock,6000 INR,Kailash Kalamkari,new,2271,Apparel & Accessories > Clothing > Traditional Clothing > Pen Kalamkari Sarees
CSKB203,Kailash Kalamkari Srikalahasthi Pen Kalamkari Hand-Painted Semi kanchi Silk Black&white Saree - CSKB203,Authentic hand-painted Srikalahasthi (Srikalahasti) Pen Kalamkari Semi kanchi Silk Black&white Saree (Code: CSKB203). 100% natural organic vegetable dyes hand-drawn using traditional tamarind twig pens directly from Kailash Kalamkari master artisans since 1984.,https://www.kailash-kalamkari.com/?department=saree&product=srikalahasthi-pen-kalamkari-semi-kanchi-silk-black-white-CSKB203,https://lh3.googleusercontent.com/d/=w1200,in_stock,6000 INR,Kailash Kalamkari,new,2271,Apparel & Accessories > Clothing > Traditional Clothing > Pen Kalamkari Sarees
CSKB204,Kailash Kalamkari Srikalahasthi Pen Kalamkari Hand-Painted Semi kanchi Silk Black&white Saree - CSKB204,Authentic hand-painted Srikalahasthi (Srikalahasti) Pen Kalamkari Semi kanchi Silk Black&white Saree (Code: CSKB204). 100% natural organic vegetable dyes hand-drawn using traditional tamarind twig pens directly from Kailash Kalamkari master artisans since 1984.,https://www.kailash-kalamkari.com/?department=saree&product=srikalahasthi-pen-kalamkari-semi-kanchi-silk-black-white-CSKB204,https://lh3.googleusercontent.com/d/=w1200,in_stock,6000 INR,Kailash Kalamkari,new,2271,Apparel & Accessories > Clothing > Traditional Clothing > Pen Kalamkari Sarees
CSKB205,Kailash Kalamkari Srikalahasthi Pen Kalamkari Hand-Painted Semi kanchi Silk Black&white Saree - CSKB205,Authentic hand-painted Srikalahasthi (Srikalahasti) Pen Kalamkari Semi kanchi Silk Black&white Saree (Code: CSKB205). 100% natural organic vegetable dyes hand-drawn using traditional tamarind twig pens directly from Kailash Kalamkari master artisans since 1984.,https://www.kailash-kalamkari.com/?department=saree&product=srikalahasthi-pen-kalamkari-semi-kanchi-silk-black-white-CSKB205,https://lh3.googleusercontent.com/d/=w1200,in_stock,6000 INR,Kailash Kalamkari,new,2271,Apparel & Accessories > Clothing > Traditional Clothing > Pen Kalamkari Sarees
CSKB206,Kailash Kalamkari Srikalahasthi Pen Kalamkari Hand-Painted Semi kanchi Silk Black&white Saree - CSKB206,Authentic hand-painted Srikalahasthi (Srikalahasti) Pen Kalamkari Semi kanchi Silk Black&white Saree (Code: CSKB206). 100% natural organic vegetable dyes hand-drawn using traditional tamarind twig pens directly from Kailash Kalamkari master artisans since 1984.,https://www.kailash-kalamkari.com/?department=saree&product=srikalahasthi-pen-kalamkari-semi-kanchi-silk-black-white-CSKB206,https://lh3.googleusercontent.com/d/=w1200,in_stock,6000 INR,Kailash Kalamkari,new,2271,Apparel & Accessories > Clothing > Traditional Clothing > Pen Kalamkari Sarees
CSKB207,Kailash Kalamkari Srikalahasthi Pen Kalamkari Hand-Painted Semi kanchi Silk Black&white Saree - CSKB207,Authentic hand-painted Srikalahasthi (Srikalahasti) Pen Kalamkari Semi kanchi Silk Black&white Saree (Code: CSKB207). 100% natural organic vegetable dyes hand-drawn using traditional tamarind twig pens directly from Kailash Kalamkari master artisans since 1984.,https://www.kailash-kalamkari.com/?department=saree&product=srikalahasthi-pen-kalamkari-semi-kanchi-silk-black-white-CSKB207,https://lh3.googleusercontent.com/d/=w1200,in_stock,6000 INR,Kailash Kalamkari,new,2271,Apparel & Accessories > Clothing > Traditional Clothing > Pen Kalamkari Sarees
CSKB208,Kailash Kalamkari Srikalahasthi Pen Kalamkari Hand-Painted Semi kanchi Silk Black&white Saree - CSKB208,Authentic hand-painted Srikalahasthi (Srikalahasti) Pen Kalamkari Semi kanchi Silk Black&white Saree (Code: CSKB208). 100% natural organic vegetable dyes hand-drawn using traditional tamarind twig pens directly from Kailash Kalamkari master artisans since 1984.,https://www.kailash-kalamkari.com/?department=saree&product=srikalahasthi-pen-kalamkari-semi-kanchi-silk-black-white-CSKB208,https://lh3.googleusercontent.com/d/=w1200,in_stock,6000 INR,Kailash Kalamkari,new,2271,Apparel & Accessories > Clothing > Traditional Clothing > Pen Kalamkari Sarees
CSKB209,Kailash Kalamkari Srikalahasthi Pen Kalamkari Hand-Painted Semi kanchi Silk Black&white Saree - CSKB209,Authentic hand-painted Srikalahasthi (Srikalahasti) Pen Kalamkari Semi kanchi Silk Black&white Saree (Code: CSKB209). 100% natural organic vegetable dyes hand-drawn using traditional tamarind twig pens directly from Kailash Kalamkari master artisans since 1984.,https://www.kailash-kalamkari.com/?department=saree&product=srikalahasthi-pen-kalamkari-semi-kanchi-silk-black-white-CSKB209,https://lh3.googleusercontent.com/d/=w1200,in_stock,6000 INR,Kailash Kalamkari,new,2271,Apparel & Accessories > Clothing > Traditional Clothing > Pen Kalamkari Sarees
CSKB210,Kailash Kalamkari Srikalahasthi Pen Kalamkari Hand-Painted Semi kanchi Silk Black&white Saree - CSKB210,Authentic hand-painted Srikalahasthi (Srikalahasti) Pen Kalamkari Semi kanchi Silk Black&white Saree (Code: CSKB210). 100% natural organic vegetable dyes hand-drawn using traditional tamarind twig pens directly from Kailash Kalamkari master artisans since 1984.,https://www.kailash-kalamkari.com/?department=saree&product=srikalahasthi-pen-kalamkari-semi-kanchi-silk-black-white-CSKB210,https://lh3.googleusercontent.com/d/=w1200,in_stock,6000 INR,Kailash Kalamkari,new,2271,Apparel & Accessories > Clothing > Traditional Clothing > Pen Kalamkari Sarees
CSKB211,Kailash Kalamkari Srikalahasthi Pen Kalamkari Hand-Painted Semi kanchi Silk Black&white Saree - CSKB211,Authentic hand-painted Srikalahasthi (Srikalahasti) Pen Kalamkari Semi kanchi Silk Black&white Saree (Code: CSKB211). 100% natural organic vegetable dyes hand-drawn using traditional tamarind twig pens directly from Kailash Kalamkari master artisans since 1984.,https://www.kailash-kalamkari.com/?department=saree&product=srikalahasthi-pen-kalamkari-semi-kanchi-silk-black-white-CSKB211,https://lh3.googleusercontent.com/d/=w1200,in_stock,6000 INR,Kailash Kalamkari,new,2271,Apparel & Accessories > Clothing > Traditional Clothing > Pen Kalamkari Sarees
CSKB212,Kailash Kalamkari Srikalahasthi Pen Kalamkari Hand-Painted Semi kanchi Silk Black&white Saree - CSKB212,Authentic hand-painted Srikalahasthi (Srikalahasti) Pen Kalamkari Semi kanchi Silk Black&white Saree (Code: CSKB212). 100% natural organic vegetable dyes hand-drawn using traditional tamarind twig pens directly from Kailash Kalamkari master artisans since 1984.,https://www.kailash-kalamkari.com/?department=saree&product=srikalahasthi-pen-kalamkari-semi-kanchi-silk-black-white-CSKB212,https://lh3.googleusercontent.com/d/=w1200,in_stock,6000 INR,Kailash Kalamkari,new,2271,Apparel & Accessories > Clothing > Traditional Clothing > Pen Kalamkari Sarees
CSKB213,Kailash Kalamkari Srikalahasthi Pen Kalamkari Hand-Painted Semi kanchi Silk Black&white Saree - CSKB213,Authentic hand-painted Srikalahasthi (Srikalahasti) Pen Kalamkari Semi kanchi Silk Black&white Saree (Code: CSKB213). 100% natural organic vegetable dyes hand-drawn using traditional tamarind twig pens directly from Kailash Kalamkari master artisans since 1984.,https://www.kailash-kalamkari.com/?department=saree&product=srikalahasthi-pen-kalamkari-semi-kanchi-silk-black-white-CSKB213,https://lh3.googleusercontent.com/d/=w1200,in_stock,6000 INR,Kailash Kalamkari,new,2271,Apparel & Accessories > Clothing > Traditional Clothing > Pen Kalamkari Sarees
CSKB214,Kailash Kalamkari Srikalahasthi Pen Kalamkari Hand-Painted Semi kanchi Silk Black&white Saree - CSKB214,Authentic hand-painted Srikalahasthi (Srikalahasti) Pen Kalamkari Semi kanchi Silk Black&white Saree (Code: CSKB214). 100% natural organic vegetable dyes hand-drawn using traditional tamarind twig pens directly from Kailash Kalamkari master artisans since 1984.,https://www.kailash-kalamkari.com/?department=saree&product=srikalahasthi-pen-kalamkari-semi-kanchi-silk-black-white-CSKB214,https://lh3.googleusercontent.com/d/=w1200,in_stock,6000 INR,Kailash Kalamkari,new,2271,Apparel & Accessories > Clothing > Traditional Clothing > Pen Kalamkari Sarees
CSKB215,Kailash Kalamkari Srikalahasthi Pen Kalamkari Hand-Painted Semi kanchi Silk Black&white Saree - CSKB215,Authentic hand-painted Srikalahasthi (Srikalahasti) Pen Kalamkari Semi kanchi Silk Black&white Saree (Code: CSKB215). 100% natural organic vegetable dyes hand-drawn using traditional tamarind twig pens directly from Kailash Kalamkari master artisans since 1984.,https://www.kailash-kalamkari.com/?department=saree&product=srikalahasthi-pen-kalamkari-semi-kanchi-silk-black-white-CSKB215,https://lh3.googleusercontent.com/d/=w1200,in_stock,6000 INR,Kailash Kalamkari,new,2271,Apparel & Accessories > Clothing > Traditional Clothing > Pen Kalamkari Sarees
CSKB216,Kailash Kalamkari Srikalahasthi Pen Kalamkari Hand-Painted Semi kanchi Silk Black&white Saree - CSKB216,Authentic hand-painted Srikalahasthi (Srikalahasti) Pen Kalamkari Semi kanchi Silk Black&white Saree (Code: CSKB216). 100% natural organic vegetable dyes hand-drawn using traditional tamarind twig pens directly from Kailash Kalamkari master artisans since 1984.,https://www.kailash-kalamkari.com/?department=saree&product=srikalahasthi-pen-kalamkari-semi-kanchi-silk-black-white-CSKB216,https://lh3.googleusercontent.com/d/=w1200,in_stock,6000 INR,Kailash Kalamkari,new,2271,Apparel & Accessories > Clothing > Traditional Clothing > Pen Kalamkari Sarees
CPPS016,Kailash Kalamkari Srikalahasthi Pen Kalamkari Hand-Painted Pure Patola Silk Saree - CPPS016,Authentic hand-painted Srikalahasthi (Srikalahasti) Pen Kalamkari Pure Patola Silk Saree (Code: CPPS016). 100% natural organic vegetable dyes hand-drawn using traditional tamarind twig pens directly from Kailash Kalamkari master artisans since 1984.,https://www.kailash-kalamkari.com/?department=saree&product=srikalahasthi-pen-kalamkari-pure-patola-silk-CPPS016,https://lh3.googleusercontent.com/d/=w1200,in_stock,31500 INR,Kailash Kalamkari,new,2271,Apparel & Accessories > Clothing > Traditional Clothing > Pen Kalamkari Sarees
CPPS013,Kailash Kalamkari Srikalahasthi Pen Kalamkari Hand-Painted Pure Patola Silk Saree - CPPS013,Authentic hand-painted Srikalahasthi (Srikalahasti) Pen Kalamkari Pure Patola Silk Saree (Code: CPPS013). 100% natural organic vegetable dyes hand-drawn using traditional tamarind twig pens directly from Kailash Kalamkari master artisans since 1984.,https://www.kailash-kalamkari.com/?department=saree&product=srikalahasthi-pen-kalamkari-pure-patola-silk-CPPS013,https://lh3.googleusercontent.com/d/=w1200,in_stock,31500 INR,Kailash Kalamkari,new,2271,Apparel & Accessories > Clothing > Traditional Clothing > Pen Kalamkari Sarees
CPPS014,Kailash Kalamkari Srikalahasthi Pen Kalamkari Hand-Painted Pure Patola Silk Saree - CPPS014,Authentic hand-painted Srikalahasthi (Srikalahasti) Pen Kalamkari Pure Patola Silk Saree (Code: CPPS014). 100% natural organic vegetable dyes hand-drawn using traditional tamarind twig pens directly from Kailash Kalamkari master artisans since 1984.,https://www.kailash-kalamkari.com/?department=saree&product=srikalahasthi-pen-kalamkari-pure-patola-silk-CPPS014,https://lh3.googleusercontent.com/d/=w1200,in_stock,31500 INR,Kailash Kalamkari,new,2271,Apparel & Accessories > Clothing > Traditional Clothing > Pen Kalamkari Sarees
CPPS015,Kailash Kalamkari Srikalahasthi Pen Kalamkari Hand-Painted Pure Patola Silk Saree - CPPS015,Authentic hand-painted Srikalahasthi (Srikalahasti) Pen Kalamkari Pure Patola Silk Saree (Code: CPPS015). 100% natural organic vegetable dyes hand-drawn using traditional tamarind twig pens directly from Kailash Kalamkari master artisans since 1984.,https://www.kailash-kalamkari.com/?department=saree&product=srikalahasthi-pen-kalamkari-pure-patola-silk-CPPS015,https://lh3.googleusercontent.com/d/=w1200,in_stock,31500 INR,Kailash Kalamkari,new,2271,Apparel & Accessories > Clothing > Traditional Clothing > Pen Kalamkari Sarees
CSEM401,Kailash Kalamkari Srikalahasthi Pen Kalamkari Hand-Painted Semi Kanchi Silk Saree - CSEM401,Authentic hand-painted Srikalahasthi (Srikalahasti) Pen Kalamkari Semi Kanchi Silk Saree (Code: CSEM401). 100% natural organic vegetable dyes hand-drawn using traditional tamarind twig pens directly from Kailash Kalamkari master artisans since 1984.,https://www.kailash-kalamkari.com/?department=saree&product=srikalahasthi-pen-kalamkari-semi-kanchi-silk-CSEM401,https://lh3.googleusercontent.com/d/=w1200,in_stock,11000 INR,Kailash Kalamkari,new,2271,Apparel & Accessories > Clothing > Traditional Clothing > Pen Kalamkari Sarees
CSEM315,Kailash Kalamkari Srikalahasthi Pen Kalamkari Hand-Painted Semi Kanchi Silk Saree - CSEM315,Authentic hand-painted Srikalahasthi (Srikalahasti) Pen Kalamkari Semi Kanchi Silk Saree (Code: CSEM315). 100% natural organic vegetable dyes hand-drawn using traditional tamarind twig pens directly from Kailash Kalamkari master artisans since 1984.,https://www.kailash-kalamkari.com/?department=saree&product=srikalahasthi-pen-kalamkari-semi-kanchi-silk-CSEM315,https://lh3.googleusercontent.com/d/=w1200,in_stock,11000 INR,Kailash Kalamkari,new,2271,Apparel & Accessories > Clothing > Traditional Clothing > Pen Kalamkari Sarees
CSEM317,Kailash Kalamkari Srikalahasthi Pen Kalamkari Hand-Painted Semi Kanchi Silk Saree - CSEM317,Authentic hand-painted Srikalahasthi (Srikalahasti) Pen Kalamkari Semi Kanchi Silk Saree (Code: CSEM317). 100% natural organic vegetable dyes hand-drawn using traditional tamarind twig pens directly from Kailash Kalamkari master artisans since 1984.,https://www.kailash-kalamkari.com/?department=saree&product=srikalahasthi-pen-kalamkari-semi-kanchi-silk-CSEM317,https://lh3.googleusercontent.com/d/=w1200,in_stock,11000 INR,Kailash Kalamkari,new,2271,Apparel & Accessories > Clothing > Traditional Clothing > Pen Kalamkari Sarees
CSEM318,Kailash Kalamkari Srikalahasthi Pen Kalamkari Hand-Painted Semi Kanchi Silk Saree - CSEM318,Authentic hand-painted Srikalahasthi (Srikalahasti) Pen Kalamkari Semi Kanchi Silk Saree (Code: CSEM318). 100% natural organic vegetable dyes hand-drawn using traditional tamarind twig pens directly from Kailash Kalamkari master artisans since 1984.,https://www.kailash-kalamkari.com/?department=saree&product=srikalahasthi-pen-kalamkari-semi-kanchi-silk-CSEM318,https://lh3.googleusercontent.com/d/=w1200,in_stock,11000 INR,Kailash Kalamkari,new,2271,Apparel & Accessories > Clothing > Traditional Clothing > Pen Kalamkari Sarees
CSEM319,Kailash Kalamkari Srikalahasthi Pen Kalamkari Hand-Painted Semi Kanchi Silk Saree - CSEM319,Authentic hand-painted Srikalahasthi (Srikalahasti) Pen Kalamkari Semi Kanchi Silk Saree (Code: CSEM319). 100% natural organic vegetable dyes hand-drawn using traditional tamarind twig pens directly from Kailash Kalamkari master artisans since 1984.,https://www.kailash-kalamkari.com/?department=saree&product=srikalahasthi-pen-kalamkari-semi-kanchi-silk-CSEM319,https://lh3.googleusercontent.com/d/=w1200,in_stock,11000 INR,Kailash Kalamkari,new,2271,Apparel & Accessories > Clothing > Traditional Clothing > Pen Kalamkari Sarees
CSEM320,Kailash Kalamkari Srikalahasthi Pen Kalamkari Hand-Painted Semi Kanchi Silk Saree - CSEM320,Authentic hand-painted Srikalahasthi (Srikalahasti) Pen Kalamkari Semi Kanchi Silk Saree (Code: CSEM320). 100% natural organic vegetable dyes hand-drawn using traditional tamarind twig pens directly from Kailash Kalamkari master artisans since 1984.,https://www.kailash-kalamkari.com/?department=saree&product=srikalahasthi-pen-kalamkari-semi-kanchi-silk-CSEM320,https://lh3.googleusercontent.com/d/=w1200,in_stock,11000 INR,Kailash Kalamkari,new,2271,Apparel & Accessories > Clothing > Traditional Clothing > Pen Kalamkari Sarees
CSEM321,Kailash Kalamkari Srikalahasthi Pen Kalamkari Hand-Painted Semi Kanchi Silk Saree - CSEM321,Authentic hand-painted Srikalahasthi (Srikalahasti) Pen Kalamkari Semi Kanchi Silk Saree (Code: CSEM321). 100% natural organic vegetable dyes hand-drawn using traditional tamarind twig pens directly from Kailash Kalamkari master artisans since 1984.,https://www.kailash-kalamkari.com/?department=saree&product=srikalahasthi-pen-kalamkari-semi-kanchi-silk-CSEM321,https://lh3.googleusercontent.com/d/=w1200,in_stock,11000 INR,Kailash Kalamkari,new,2271,Apparel & Accessories > Clothing > Traditional Clothing > Pen Kalamkari Sarees
CSEM322,Kailash Kalamkari Srikalahasthi Pen Kalamkari Hand-Painted Semi Kanchi Silk Saree - CSEM322,Authentic hand-painted Srikalahasthi (Srikalahasti) Pen Kalamkari Semi Kanchi Silk Saree (Code: CSEM322). 100% natural organic vegetable dyes hand-drawn using traditional tamarind twig pens directly from Kailash Kalamkari master artisans since 1984.,https://www.kailash-kalamkari.com/?department=saree&product=srikalahasthi-pen-kalamkari-semi-kanchi-silk-CSEM322,https://lh3.googleusercontent.com/d/=w1200,in_stock,11000 INR,Kailash Kalamkari,new,2271,Apparel & Accessories > Clothing > Traditional Clothing > Pen Kalamkari Sarees
CSEM323,Kailash Kalamkari Srikalahasthi Pen Kalamkari Hand-Painted Semi Kanchi Silk Saree - CSEM323,Authentic hand-painted Srikalahasthi (Srikalahasti) Pen Kalamkari Semi Kanchi Silk Saree (Code: CSEM323). 100% natural organic vegetable dyes hand-drawn using traditional tamarind twig pens directly from Kailash Kalamkari master artisans since 1984.,https://www.kailash-kalamkari.com/?department=saree&product=srikalahasthi-pen-kalamkari-semi-kanchi-silk-CSEM323,https://lh3.googleusercontent.com/d/=w1200,in_stock,11000 INR,Kailash Kalamkari,new,2271,Apparel & Accessories > Clothing > Traditional Clothing > Pen Kalamkari Sarees
CSEM324,Kailash Kalamkari Srikalahasthi Pen Kalamkari Hand-Painted Semi Kanchi Silk Saree - CSEM324,Authentic hand-painted Srikalahasthi (Srikalahasti) Pen Kalamkari Semi Kanchi Silk Saree (Code: CSEM324). 100% natural organic vegetable dyes hand-drawn using traditional tamarind twig pens directly from Kailash Kalamkari master artisans since 1984.,https://www.kailash-kalamkari.com/?department=saree&product=srikalahasthi-pen-kalamkari-semi-kanchi-silk-CSEM324,https://lh3.googleusercontent.com/d/=w1200,in_stock,11000 INR,Kailash Kalamkari,new,2271,Apparel & Accessories > Clothing > Traditional Clothing > Pen Kalamkari Sarees
CSEM325,Kailash Kalamkari Srikalahasthi Pen Kalamkari Hand-Painted Semi Kanchi Silk Saree - CSEM325,Authentic hand-painted Srikalahasthi (Srikalahasti) Pen Kalamkari Semi Kanchi Silk Saree (Code: CSEM325). 100% natural organic vegetable dyes hand-drawn using traditional tamarind twig pens directly from Kailash Kalamkari master artisans since 1984.,https://www.kailash-kalamkari.com/?department=saree&product=srikalahasthi-pen-kalamkari-semi-kanchi-silk-CSEM325,https://lh3.googleusercontent.com/d/=w1200,in_stock,11000 INR,Kailash Kalamkari,new,2271,Apparel & Accessories > Clothing > Traditional Clothing > Pen Kalamkari Sarees
CSEM326,Kailash Kalamkari Srikalahasthi Pen Kalamkari Hand-Painted Semi Kanchi Silk Saree - CSEM326,Authentic hand-painted Srikalahasthi (Srikalahasti) Pen Kalamkari Semi Kanchi Silk Saree (Code: CSEM326). 100% natural organic vegetable dyes hand-drawn using traditional tamarind twig pens directly from Kailash Kalamkari master artisans since 1984.,https://www.kailash-kalamkari.com/?department=saree&product=srikalahasthi-pen-kalamkari-semi-kanchi-silk-CSEM326,https://lh3.googleusercontent.com/d/=w1200,in_stock,11000 INR,Kailash Kalamkari,new,2271,Apparel & Accessories > Clothing > Traditional Clothing > Pen Kalamkari Sarees
CSEM327,Kailash Kalamkari Srikalahasthi Pen Kalamkari Hand-Painted Semi Kanchi Silk Saree - CSEM327,Authentic hand-painted Srikalahasthi (Srikalahasti) Pen Kalamkari Semi Kanchi Silk Saree (Code: CSEM327). 100% natural organic vegetable dyes hand-drawn using traditional tamarind twig pens directly from Kailash Kalamkari master artisans since 1984.,https://www.kailash-kalamkari.com/?department=saree&product=srikalahasthi-pen-kalamkari-semi-kanchi-silk-CSEM327,https://lh3.googleusercontent.com/d/=w1200,in_stock,11000 INR,Kailash Kalamkari,new,2271,Apparel & Accessories > Clothing > Traditional Clothing > Pen Kalamkari Sarees
CSEM328,Kailash Kalamkari Srikalahasthi Pen Kalamkari Hand-Painted Semi Kanchi Silk Saree - CSEM328,Authentic hand-painted Srikalahasthi (Srikalahasti) Pen Kalamkari Semi Kanchi Silk Saree (Code: CSEM328). 100% natural organic vegetable dyes hand-drawn using traditional tamarind twig pens directly from Kailash Kalamkari master artisans since 1984.,https://www.kailash-kalamkari.com/?department=saree&product=srikalahasthi-pen-kalamkari-semi-kanchi-silk-CSEM328,https://lh3.googleusercontent.com/d/=w1200,in_stock,11000 INR,Kailash Kalamkari,new,2271,Apparel & Accessories > Clothing > Traditional Clothing > Pen Kalamkari Sarees
CSEM329,Kailash Kalamkari Srikalahasthi Pen Kalamkari Hand-Painted Semi Kanchi Silk Saree - CSEM329,Authentic hand-painted Srikalahasthi (Srikalahasti) Pen Kalamkari Semi Kanchi Silk Saree (Code: CSEM329). 100% natural organic vegetable dyes hand-drawn using traditional tamarind twig pens directly from Kailash Kalamkari master artisans since 1984.,https://www.kailash-kalamkari.com/?department=saree&product=srikalahasthi-pen-kalamkari-semi-kanchi-silk-CSEM329,https://lh3.googleusercontent.com/d/=w1200,in_stock,11000 INR,Kailash Kalamkari,new,2271,Apparel & Accessories > Clothing > Traditional Clothing > Pen Kalamkari Sarees
CSEM330,Kailash Kalamkari Srikalahasthi Pen Kalamkari Hand-Painted Semi Kanchi Silk Saree - CSEM330,Authentic hand-painted Srikalahasthi (Srikalahasti) Pen Kalamkari Semi Kanchi Silk Saree (Code: CSEM330). 100% natural organic vegetable dyes hand-drawn using traditional tamarind twig pens directly from Kailash Kalamkari master artisans since 1984.,https://www.kailash-kalamkari.com/?department=saree&product=srikalahasthi-pen-kalamkari-semi-kanchi-silk-CSEM330,https://lh3.googleusercontent.com/d/=w1200,in_stock,11000 INR,Kailash Kalamkari,new,2271,Apparel & Accessories > Clothing > Traditional Clothing > Pen Kalamkari Sarees
CSEM331,Kailash Kalamkari Srikalahasthi Pen Kalamkari Hand-Painted Semi Kanchi Silk Saree - CSEM331,Authentic hand-painted Srikalahasthi (Srikalahasti) Pen Kalamkari Semi Kanchi Silk Saree (Code: CSEM331). 100% natural organic vegetable dyes hand-drawn using traditional tamarind twig pens directly from Kailash Kalamkari master artisans since 1984.,https://www.kailash-kalamkari.com/?department=saree&product=srikalahasthi-pen-kalamkari-semi-kanchi-silk-CSEM331,https://lh3.googleusercontent.com/d/=w1200,in_stock,11000 INR,Kailash Kalamkari,new,2271,Apparel & Accessories > Clothing > Traditional Clothing > Pen Kalamkari Sarees
CSEM332,Kailash Kalamkari Srikalahasthi Pen Kalamkari Hand-Painted Semi Kanchi Silk Saree - CSEM332,Authentic hand-painted Srikalahasthi (Srikalahasti) Pen Kalamkari Semi Kanchi Silk Saree (Code: CSEM332). 100% natural organic vegetable dyes hand-drawn using traditional tamarind twig pens directly from Kailash Kalamkari master artisans since 1984.,https://www.kailash-kalamkari.com/?department=saree&product=srikalahasthi-pen-kalamkari-semi-kanchi-silk-CSEM332,https://lh3.googleusercontent.com/d/=w1200,in_stock,11000 INR,Kailash Kalamkari,new,2271,Apparel & Accessories > Clothing > Traditional Clothing > Pen Kalamkari Sarees
CSEM333,Kailash Kalamkari Srikalahasthi Pen Kalamkari Hand-Painted Semi Kanchi Silk Saree - CSEM333,Authentic hand-painted Srikalahasthi (Srikalahasti) Pen Kalamkari Semi Kanchi Silk Saree (Code: CSEM333). 100% natural organic vegetable dyes hand-drawn using traditional tamarind twig pens directly from Kailash Kalamkari master artisans since 1984.,https://www.kailash-kalamkari.com/?department=saree&product=srikalahasthi-pen-kalamkari-semi-kanchi-silk-CSEM333,https://lh3.googleusercontent.com/d/=w1200,in_stock,11000 INR,Kailash Kalamkari,new,2271,Apparel & Accessories > Clothing > Traditional Clothing > Pen Kalamkari Sarees
CSEM334,Kailash Kalamkari Srikalahasthi Pen Kalamkari Hand-Painted Semi Kanchi Silk Saree - CSEM334,Authentic hand-painted Srikalahasthi (Srikalahasti) Pen Kalamkari Semi Kanchi Silk Saree (Code: CSEM334). 100% natural organic vegetable dyes hand-drawn using traditional tamarind twig pens directly from Kailash Kalamkari master artisans since 1984.,https://www.kailash-kalamkari.com/?department=saree&product=srikalahasthi-pen-kalamkari-semi-kanchi-silk-CSEM334,https://lh3.googleusercontent.com/d/=w1200,in_stock,11000 INR,Kailash Kalamkari,new,2271,Apparel & Accessories > Clothing > Traditional Clothing > Pen Kalamkari Sarees
CSEM335,Kailash Kalamkari Srikalahasthi Pen Kalamkari Hand-Painted Semi Kanchi Silk Saree - CSEM335,Authentic hand-painted Srikalahasthi (Srikalahasti) Pen Kalamkari Semi Kanchi Silk Saree (Code: CSEM335). 100% natural organic vegetable dyes hand-drawn using traditional tamarind twig pens directly from Kailash Kalamkari master artisans since 1984.,https://www.kailash-kalamkari.com/?department=saree&product=srikalahasthi-pen-kalamkari-semi-kanchi-silk-CSEM335,https://lh3.googleusercontent.com/d/=w1200,in_stock,11000 INR,Kailash Kalamkari,new,2271,Apparel & Accessories > Clothing > Traditional Clothing > Pen Kalamkari Sarees
CSEM336,Kailash Kalamkari Srikalahasthi Pen Kalamkari Hand-Painted Semi Kanchi Silk Saree - CSEM336,Authentic hand-painted Srikalahasthi (Srikalahasti) Pen Kalamkari Semi Kanchi Silk Saree (Code: CSEM336). 100% natural organic vegetable dyes hand-drawn using traditional tamarind twig pens directly from Kailash Kalamkari master artisans since 1984.,https://www.kailash-kalamkari.com/?department=saree&product=srikalahasthi-pen-kalamkari-semi-kanchi-silk-CSEM336,https://lh3.googleusercontent.com/d/=w1200,in_stock,11000 INR,Kailash Kalamkari,new,2271,Apparel & Accessories > Clothing > Traditional Clothing > Pen Kalamkari Sarees
CSEM337,Kailash Kalamkari Srikalahasthi Pen Kalamkari Hand-Painted Semi Kanchi Silk Saree - CSEM337,Authentic hand-painted Srikalahasthi (Srikalahasti) Pen Kalamkari Semi Kanchi Silk Saree (Code: CSEM337). 100% natural organic vegetable dyes hand-drawn using traditional tamarind twig pens directly from Kailash Kalamkari master artisans since 1984.,https://www.kailash-kalamkari.com/?department=saree&product=srikalahasthi-pen-kalamkari-semi-kanchi-silk-CSEM337,https://lh3.googleusercontent.com/d/=w1200,in_stock,11000 INR,Kailash Kalamkari,new,2271,Apparel & Accessories > Clothing > Traditional Clothing > Pen Kalamkari Sarees
CSEM338,Kailash Kalamkari Srikalahasthi Pen Kalamkari Hand-Painted Semi Kanchi Silk Saree - CSEM338,Authentic hand-painted Srikalahasthi (Srikalahasti) Pen Kalamkari Semi Kanchi Silk Saree (Code: CSEM338). 100% natural organic vegetable dyes hand-drawn using traditional tamarind twig pens directly from Kailash Kalamkari master artisans since 1984.,https://www.kailash-kalamkari.com/?department=saree&product=srikalahasthi-pen-kalamkari-semi-kanchi-silk-CSEM338,https://lh3.googleusercontent.com/d/=w1200,in_stock,11000 INR,Kailash Kalamkari,new,2271,Apparel & Accessories > Clothing > Traditional Clothing > Pen Kalamkari Sarees
CSEM339,Kailash Kalamkari Srikalahasthi Pen Kalamkari Hand-Painted Semi Kanchi Silk Saree - CSEM339,Authentic hand-painted Srikalahasthi (Srikalahasti) Pen Kalamkari Semi Kanchi Silk Saree (Code: CSEM339). 100% natural organic vegetable dyes hand-drawn using traditional tamarind twig pens directly from Kailash Kalamkari master artisans since 1984.,https://www.kailash-kalamkari.com/?department=saree&product=srikalahasthi-pen-kalamkari-semi-kanchi-silk-CSEM339,https://lh3.googleusercontent.com/d/=w1200,in_stock,11000 INR,Kailash Kalamkari,new,2271,Apparel & Accessories > Clothing > Traditional Clothing > Pen Kalamkari Sarees
CSEM340,Kailash Kalamkari Srikalahasthi Pen Kalamkari Hand-Painted Semi Kanchi Silk Saree - CSEM340,Authentic hand-painted Srikalahasthi (Srikalahasti) Pen Kalamkari Semi Kanchi Silk Saree (Code: CSEM340). 100% natural organic vegetable dyes hand-drawn using traditional tamarind twig pens directly from Kailash Kalamkari master artisans since 1984.,https://www.kailash-kalamkari.com/?department=saree&product=srikalahasthi-pen-kalamkari-semi-kanchi-silk-CSEM340,https://lh3.googleusercontent.com/d/=w1200,in_stock,11000 INR,Kailash Kalamkari,new,2271,Apparel & Accessories > Clothing > Traditional Clothing > Pen Kalamkari Sarees
CSEM341,Kailash Kalamkari Srikalahasthi Pen Kalamkari Hand-Painted Semi Kanchi Silk Saree - CSEM341,Authentic hand-painted Srikalahasthi (Srikalahasti) Pen Kalamkari Semi Kanchi Silk Saree (Code: CSEM341). 100% natural organic vegetable dyes hand-drawn using traditional tamarind twig pens directly from Kailash Kalamkari master artisans since 1984.,https://www.kailash-kalamkari.com/?department=saree&product=srikalahasthi-pen-kalamkari-semi-kanchi-silk-CSEM341,https://lh3.googleusercontent.com/d/=w1200,in_stock,11000 INR,Kailash Kalamkari,new,2271,Apparel & Accessories > Clothing > Traditional Clothing > Pen Kalamkari Sarees
CSEM342,Kailash Kalamkari Srikalahasthi Pen Kalamkari Hand-Painted Semi Kanchi Silk Saree - CSEM342,Authentic hand-painted Srikalahasthi (Srikalahasti) Pen Kalamkari Semi Kanchi Silk Saree (Code: CSEM342). 100% natural organic vegetable dyes hand-drawn using traditional tamarind twig pens directly from Kailash Kalamkari master artisans since 1984.,https://www.kailash-kalamkari.com/?department=saree&product=srikalahasthi-pen-kalamkari-semi-kanchi-silk-CSEM342,https://lh3.googleusercontent.com/d/=w1200,in_stock,11000 INR,Kailash Kalamkari,new,2271,Apparel & Accessories > Clothing > Traditional Clothing > Pen Kalamkari Sarees
CSEM343,Kailash Kalamkari Srikalahasthi Pen Kalamkari Hand-Painted Semi Kanchi Silk Saree - CSEM343,Authentic hand-painted Srikalahasthi (Srikalahasti) Pen Kalamkari Semi Kanchi Silk Saree (Code: CSEM343). 100% natural organic vegetable dyes hand-drawn using traditional tamarind twig pens directly from Kailash Kalamkari master artisans since 1984.,https://www.kailash-kalamkari.com/?department=saree&product=srikalahasthi-pen-kalamkari-semi-kanchi-silk-CSEM343,https://lh3.googleusercontent.com/d/=w1200,in_stock,11000 INR,Kailash Kalamkari,new,2271,Apparel & Accessories > Clothing > Traditional Clothing > Pen Kalamkari Sarees
CSEM344,Kailash Kalamkari Srikalahasthi Pen Kalamkari Hand-Painted Semi Kanchi Silk Saree - CSEM344,Authentic hand-painted Srikalahasthi (Srikalahasti) Pen Kalamkari Semi Kanchi Silk Saree (Code: CSEM344). 100% natural organic vegetable dyes hand-drawn using traditional tamarind twig pens directly from Kailash Kalamkari master artisans since 1984.,https://www.kailash-kalamkari.com/?department=saree&product=srikalahasthi-pen-kalamkari-semi-kanchi-silk-CSEM344,https://lh3.googleusercontent.com/d/=w1200,in_stock,11000 INR,Kailash Kalamkari,new,2271,Apparel & Accessories > Clothing > Traditional Clothing > Pen Kalamkari Sarees
CSEM345,Kailash Kalamkari Srikalahasthi Pen Kalamkari Hand-Painted Semi Kanchi Silk Saree - CSEM345,Authentic hand-painted Srikalahasthi (Srikalahasti) Pen Kalamkari Semi Kanchi Silk Saree (Code: CSEM345). 100% natural organic vegetable dyes hand-drawn using traditional tamarind twig pens directly from Kailash Kalamkari master artisans since 1984.,https://www.kailash-kalamkari.com/?department=saree&product=srikalahasthi-pen-kalamkari-semi-kanchi-silk-CSEM345,https://lh3.googleusercontent.com/d/=w1200,in_stock,11000 INR,Kailash Kalamkari,new,2271,Apparel & Accessories > Clothing > Traditional Clothing > Pen Kalamkari Sarees
CSEM346,Kailash Kalamkari Srikalahasthi Pen Kalamkari Hand-Painted Semi Kanchi Silk Saree - CSEM346,Authentic hand-painted Srikalahasthi (Srikalahasti) Pen Kalamkari Semi Kanchi Silk Saree (Code: CSEM346). 100% natural organic vegetable dyes hand-drawn using traditional tamarind twig pens directly from Kailash Kalamkari master artisans since 1984.,https://www.kailash-kalamkari.com/?department=saree&product=srikalahasthi-pen-kalamkari-semi-kanchi-silk-CSEM346,https://lh3.googleusercontent.com/d/=w1200,in_stock,11000 INR,Kailash Kalamkari,new,2271,Apparel & Accessories > Clothing > Traditional Clothing > Pen Kalamkari Sarees
CSEM347,Kailash Kalamkari Srikalahasthi Pen Kalamkari Hand-Painted Semi Kanchi Silk Saree - CSEM347,Authentic hand-painted Srikalahasthi (Srikalahasti) Pen Kalamkari Semi Kanchi Silk Saree (Code: CSEM347). 100% natural organic vegetable dyes hand-drawn using traditional tamarind twig pens directly from Kailash Kalamkari master artisans since 1984.,https://www.kailash-kalamkari.com/?department=saree&product=srikalahasthi-pen-kalamkari-semi-kanchi-silk-CSEM347,https://lh3.googleusercontent.com/d/=w1200,in_stock,11000 INR,Kailash Kalamkari,new,2271,Apparel & Accessories > Clothing > Traditional Clothing > Pen Kalamkari Sarees
CSEM398,Kailash Kalamkari Srikalahasthi Pen Kalamkari Hand-Painted Semi Kanchi Silk Saree - CSEM398,Authentic hand-painted Srikalahasthi (Srikalahasti) Pen Kalamkari Semi Kanchi Silk Saree (Code: CSEM398). 100% natural organic vegetable dyes hand-drawn using traditional tamarind twig pens directly from Kailash Kalamkari master artisans since 1984.,https://www.kailash-kalamkari.com/?department=saree&product=srikalahasthi-pen-kalamkari-semi-kanchi-silk-CSEM398,https://lh3.googleusercontent.com/d/=w1200,in_stock,10500 INR,Kailash Kalamkari,new,2271,Apparel & Accessories > Clothing > Traditional Clothing > Pen Kalamkari Sarees
CSEM399,Kailash Kalamkari Srikalahasthi Pen Kalamkari Hand-Painted Semi Kanchi Silk Saree - CSEM399,Authentic hand-painted Srikalahasthi (Srikalahasti) Pen Kalamkari Semi Kanchi Silk Saree (Code: CSEM399). 100% natural organic vegetable dyes hand-drawn using traditional tamarind twig pens directly from Kailash Kalamkari master artisans since 1984.,https://www.kailash-kalamkari.com/?department=saree&product=srikalahasthi-pen-kalamkari-semi-kanchi-silk-CSEM399,https://lh3.googleusercontent.com/d/=w1200,in_stock,10500 INR,Kailash Kalamkari,new,2271,Apparel & Accessories > Clothing > Traditional Clothing > Pen Kalamkari Sarees
CSEM400,Kailash Kalamkari Srikalahasthi Pen Kalamkari Hand-Painted Semi Kanchi Silk Saree - CSEM400,Authentic hand-painted Srikalahasthi (Srikalahasti) Pen Kalamkari Semi Kanchi Silk Saree (Code: CSEM400). 100% natural organic vegetable dyes hand-drawn using traditional tamarind twig pens directly from Kailash Kalamkari master artisans since 1984.,https://www.kailash-kalamkari.com/?department=saree&product=srikalahasthi-pen-kalamkari-semi-kanchi-silk-CSEM400,https://lh3.googleusercontent.com/d/=w1200,in_stock,10500 INR,Kailash Kalamkari,new,2271,Apparel & Accessories > Clothing > Traditional Clothing > Pen Kalamkari Sarees
CSEM348,Kailash Kalamkari Srikalahasthi Pen Kalamkari Hand-Painted Semi Kanchi Silk Saree - CSEM348,Authentic hand-painted Srikalahasthi (Srikalahasti) Pen Kalamkari Semi Kanchi Silk Saree (Code: CSEM348). 100% natural organic vegetable dyes hand-drawn using traditional tamarind twig pens directly from Kailash Kalamkari master artisans since 1984.,https://www.kailash-kalamkari.com/?department=saree&product=srikalahasthi-pen-kalamkari-semi-kanchi-silk-CSEM348,https://lh3.googleusercontent.com/d/=w1200,in_stock,10500 INR,Kailash Kalamkari,new,2271,Apparel & Accessories > Clothing > Traditional Clothing > Pen Kalamkari Sarees
CSEM349,Kailash Kalamkari Srikalahasthi Pen Kalamkari Hand-Painted Semi Kanchi Silk Saree - CSEM349,Authentic hand-painted Srikalahasthi (Srikalahasti) Pen Kalamkari Semi Kanchi Silk Saree (Code: CSEM349). 100% natural organic vegetable dyes hand-drawn using traditional tamarind twig pens directly from Kailash Kalamkari master artisans since 1984.,https://www.kailash-kalamkari.com/?department=saree&product=srikalahasthi-pen-kalamkari-semi-kanchi-silk-CSEM349,https://lh3.googleusercontent.com/d/=w1200,in_stock,10500 INR,Kailash Kalamkari,new,2271,Apparel & Accessories > Clothing > Traditional Clothing > Pen Kalamkari Sarees
CSEM350,Kailash Kalamkari Srikalahasthi Pen Kalamkari Hand-Painted Semi Kanchi Silk Saree - CSEM350,Authentic hand-painted Srikalahasthi (Srikalahasti) Pen Kalamkari Semi Kanchi Silk Saree (Code: CSEM350). 100% natural organic vegetable dyes hand-drawn using traditional tamarind twig pens directly from Kailash Kalamkari master artisans since 1984.,https://www.kailash-kalamkari.com/?department=saree&product=srikalahasthi-pen-kalamkari-semi-kanchi-silk-CSEM350,https://lh3.googleusercontent.com/d/=w1200,in_stock,10500 INR,Kailash Kalamkari,new,2271,Apparel & Accessories > Clothing > Traditional Clothing > Pen Kalamkari Sarees
CSEM351,Kailash Kalamkari Srikalahasthi Pen Kalamkari Hand-Painted Semi Kanchi Silk Saree - CSEM351,Authentic hand-painted Srikalahasthi (Srikalahasti) Pen Kalamkari Semi Kanchi Silk Saree (Code: CSEM351). 100% natural organic vegetable dyes hand-drawn using traditional tamarind twig pens directly from Kailash Kalamkari master artisans since 1984.,https://www.kailash-kalamkari.com/?department=saree&product=srikalahasthi-pen-kalamkari-semi-kanchi-silk-CSEM351,https://lh3.googleusercontent.com/d/=w1200,in_stock,10500 INR,Kailash Kalamkari,new,2271,Apparel & Accessories > Clothing > Traditional Clothing > Pen Kalamkari Sarees
CSEM352,Kailash Kalamkari Srikalahasthi Pen Kalamkari Hand-Painted Semi Kanchi Silk Saree - CSEM352,Authentic hand-painted Srikalahasthi (Srikalahasti) Pen Kalamkari Semi Kanchi Silk Saree (Code: CSEM352). 100% natural organic vegetable dyes hand-drawn using traditional tamarind twig pens directly from Kailash Kalamkari master artisans since 1984.,https://www.kailash-kalamkari.com/?department=saree&product=srikalahasthi-pen-kalamkari-semi-kanchi-silk-CSEM352,https://lh3.googleusercontent.com/d/=w1200,in_stock,10500 INR,Kailash Kalamkari,new,2271,Apparel & Accessories > Clothing > Traditional Clothing > Pen Kalamkari Sarees
CSEM353,Kailash Kalamkari Srikalahasthi Pen Kalamkari Hand-Painted Semi Kanchi Silk Saree - CSEM353,Authentic hand-painted Srikalahasthi (Srikalahasti) Pen Kalamkari Semi Kanchi Silk Saree (Code: CSEM353). 100% natural organic vegetable dyes hand-drawn using traditional tamarind twig pens directly from Kailash Kalamkari master artisans since 1984.,https://www.kailash-kalamkari.com/?department=saree&product=srikalahasthi-pen-kalamkari-semi-kanchi-silk-CSEM353,https://lh3.googleusercontent.com/d/=w1200,in_stock,10500 INR,Kailash Kalamkari,new,2271,Apparel & Accessories > Clothing > Traditional Clothing > Pen Kalamkari Sarees
CSEM354,Kailash Kalamkari Srikalahasthi Pen Kalamkari Hand-Painted Semi Kanchi Silk Saree - CSEM354,Authentic hand-painted Srikalahasthi (Srikalahasti) Pen Kalamkari Semi Kanchi Silk Saree (Code: CSEM354). 100% natural organic vegetable dyes hand-drawn using traditional tamarind twig pens directly from Kailash Kalamkari master artisans since 1984.,https://www.kailash-kalamkari.com/?department=saree&product=srikalahasthi-pen-kalamkari-semi-kanchi-silk-CSEM354,https://lh3.googleusercontent.com/d/=w1200,in_stock,10500 INR,Kailash Kalamkari,new,2271,Apparel & Accessories > Clothing > Traditional Clothing > Pen Kalamkari Sarees
CSEM355,Kailash Kalamkari Srikalahasthi Pen Kalamkari Hand-Painted Semi Kanchi Silk Saree - CSEM355,Authentic hand-painted Srikalahasthi (Srikalahasti) Pen Kalamkari Semi Kanchi Silk Saree (Code: CSEM355). 100% natural organic vegetable dyes hand-drawn using traditional tamarind twig pens directly from Kailash Kalamkari master artisans since 1984.,https://www.kailash-kalamkari.com/?department=saree&product=srikalahasthi-pen-kalamkari-semi-kanchi-silk-CSEM355,https://lh3.googleusercontent.com/d/=w1200,in_stock,10500 INR,Kailash Kalamkari,new,2271,Apparel & Accessories > Clothing > Traditional Clothing > Pen Kalamkari Sarees
CSEM356,Kailash Kalamkari Srikalahasthi Pen Kalamkari Hand-Painted Semi Kanchi Silk Saree - CSEM356,Authentic hand-painted Srikalahasthi (Srikalahasti) Pen Kalamkari Semi Kanchi Silk Saree (Code: CSEM356). 100% natural organic vegetable dyes hand-drawn using traditional tamarind twig pens directly from Kailash Kalamkari master artisans since 1984.,https://www.kailash-kalamkari.com/?department=saree&product=srikalahasthi-pen-kalamkari-semi-kanchi-silk-CSEM356,https://lh3.googleusercontent.com/d/=w1200,in_stock,10500 INR,Kailash Kalamkari,new,2271,Apparel & Accessories > Clothing > Traditional Clothing > Pen Kalamkari Sarees
CSEM357,Kailash Kalamkari Srikalahasthi Pen Kalamkari Hand-Painted Semi Kanchi Silk Saree - CSEM357,Authentic hand-painted Srikalahasthi (Srikalahasti) Pen Kalamkari Semi Kanchi Silk Saree (Code: CSEM357). 100% natural organic vegetable dyes hand-drawn using traditional tamarind twig pens directly from Kailash Kalamkari master artisans since 1984.,https://www.kailash-kalamkari.com/?department=saree&product=srikalahasthi-pen-kalamkari-semi-kanchi-silk-CSEM357,https://lh3.googleusercontent.com/d/=w1200,in_stock,10500 INR,Kailash Kalamkari,new,2271,Apparel & Accessories > Clothing > Traditional Clothing > Pen Kalamkari Sarees
CSEM358,Kailash Kalamkari Srikalahasthi Pen Kalamkari Hand-Painted Semi Kanchi Silk Saree - CSEM358,Authentic hand-painted Srikalahasthi (Srikalahasti) Pen Kalamkari Semi Kanchi Silk Saree (Code: CSEM358). 100% natural organic vegetable dyes hand-drawn using traditional tamarind twig pens directly from Kailash Kalamkari master artisans since 1984.,https://www.kailash-kalamkari.com/?department=saree&product=srikalahasthi-pen-kalamkari-semi-kanchi-silk-CSEM358,https://lh3.googleusercontent.com/d/=w1200,in_stock,10500 INR,Kailash Kalamkari,new,2271,Apparel & Accessories > Clothing > Traditional Clothing > Pen Kalamkari Sarees
CSEM359,Kailash Kalamkari Srikalahasthi Pen Kalamkari Hand-Painted Semi Kanchi Silk Saree - CSEM359,Authentic hand-painted Srikalahasthi (Srikalahasti) Pen Kalamkari Semi Kanchi Silk Saree (Code: CSEM359). 100% natural organic vegetable dyes hand-drawn using traditional tamarind twig pens directly from Kailash Kalamkari master artisans since 1984.,https://www.kailash-kalamkari.com/?department=saree&product=srikalahasthi-pen-kalamkari-semi-kanchi-silk-CSEM359,https://lh3.googleusercontent.com/d/=w1200,in_stock,10500 INR,Kailash Kalamkari,new,2271,Apparel & Accessories > Clothing > Traditional Clothing > Pen Kalamkari Sarees
CSEM360,Kailash Kalamkari Srikalahasthi Pen Kalamkari Hand-Painted Semi Kanchi Silk Saree - CSEM360,Authentic hand-painted Srikalahasthi (Srikalahasti) Pen Kalamkari Semi Kanchi Silk Saree (Code: CSEM360). 100% natural organic vegetable dyes hand-drawn using traditional tamarind twig pens directly from Kailash Kalamkari master artisans since 1984.,https://www.kailash-kalamkari.com/?department=saree&product=srikalahasthi-pen-kalamkari-semi-kanchi-silk-CSEM360,https://lh3.googleusercontent.com/d/=w1200,in_stock,10500 INR,Kailash Kalamkari,new,2271,Apparel & Accessories > Clothing > Traditional Clothing > Pen Kalamkari Sarees
CSEM361,Kailash Kalamkari Srikalahasthi Pen Kalamkari Hand-Painted Semi Kanchi Silk Saree - CSEM361,Authentic hand-painted Srikalahasthi (Srikalahasti) Pen Kalamkari Semi Kanchi Silk Saree (Code: CSEM361). 100% natural organic vegetable dyes hand-drawn using traditional tamarind twig pens directly from Kailash Kalamkari master artisans since 1984.,https://www.kailash-kalamkari.com/?department=saree&product=srikalahasthi-pen-kalamkari-semi-kanchi-silk-CSEM361,https://lh3.googleusercontent.com/d/=w1200,in_stock,10500 INR,Kailash Kalamkari,new,2271,Apparel & Accessories > Clothing > Traditional Clothing > Pen Kalamkari Sarees
CSEM362,Kailash Kalamkari Srikalahasthi Pen Kalamkari Hand-Painted Semi Kanchi Silk Saree - CSEM362,Authentic hand-painted Srikalahasthi (Srikalahasti) Pen Kalamkari Semi Kanchi Silk Saree (Code: CSEM362). 100% natural organic vegetable dyes hand-drawn using traditional tamarind twig pens directly from Kailash Kalamkari master artisans since 1984.,https://www.kailash-kalamkari.com/?department=saree&product=srikalahasthi-pen-kalamkari-semi-kanchi-silk-CSEM362,https://lh3.googleusercontent.com/d/=w1200,in_stock,10500 INR,Kailash Kalamkari,new,2271,Apparel & Accessories > Clothing > Traditional Clothing > Pen Kalamkari Sarees
CSEM363,Kailash Kalamkari Srikalahasthi Pen Kalamkari Hand-Painted Semi Kanchi Silk Saree - CSEM363,Authentic hand-painted Srikalahasthi (Srikalahasti) Pen Kalamkari Semi Kanchi Silk Saree (Code: CSEM363). 100% natural organic vegetable dyes hand-drawn using traditional tamarind twig pens directly from Kailash Kalamkari master artisans since 1984.,https://www.kailash-kalamkari.com/?department=saree&product=srikalahasthi-pen-kalamkari-semi-kanchi-silk-CSEM363,https://lh3.googleusercontent.com/d/=w1200,in_stock,10500 INR,Kailash Kalamkari,new,2271,Apparel & Accessories > Clothing > Traditional Clothing > Pen Kalamkari Sarees
CSEM364,Kailash Kalamkari Srikalahasthi Pen Kalamkari Hand-Painted Semi Kanchi Silk Saree - CSEM364,Authentic hand-painted Srikalahasthi (Srikalahasti) Pen Kalamkari Semi Kanchi Silk Saree (Code: CSEM364). 100% natural organic vegetable dyes hand-drawn using traditional tamarind twig pens directly from Kailash Kalamkari master artisans since 1984.,https://www.kailash-kalamkari.com/?department=saree&product=srikalahasthi-pen-kalamkari-semi-kanchi-silk-CSEM364,https://lh3.googleusercontent.com/d/=w1200,in_stock,10500 INR,Kailash Kalamkari,new,2271,Apparel & Accessories > Clothing > Traditional Clothing > Pen Kalamkari Sarees
CSEM365,Kailash Kalamkari Srikalahasthi Pen Kalamkari Hand-Painted Semi Kanchi Silk Saree - CSEM365,Authentic hand-painted Srikalahasthi (Srikalahasti) Pen Kalamkari Semi Kanchi Silk Saree (Code: CSEM365). 100% natural organic vegetable dyes hand-drawn using traditional tamarind twig pens directly from Kailash Kalamkari master artisans since 1984.,https://www.kailash-kalamkari.com/?department=saree&product=srikalahasthi-pen-kalamkari-semi-kanchi-silk-CSEM365,https://lh3.googleusercontent.com/d/=w1200,in_stock,10500 INR,Kailash Kalamkari,new,2271,Apparel & Accessories > Clothing > Traditional Clothing > Pen Kalamkari Sarees
CSEM366,Kailash Kalamkari Srikalahasthi Pen Kalamkari Hand-Painted Semi Kanchi Silk Saree - CSEM366,Authentic hand-painted Srikalahasthi (Srikalahasti) Pen Kalamkari Semi Kanchi Silk Saree (Code: CSEM366). 100% natural organic vegetable dyes hand-drawn using traditional tamarind twig pens directly from Kailash Kalamkari master artisans since 1984.,https://www.kailash-kalamkari.com/?department=saree&product=srikalahasthi-pen-kalamkari-semi-kanchi-silk-CSEM366,https://lh3.googleusercontent.com/d/=w1200,in_stock,10500 INR,Kailash Kalamkari,new,2271,Apparel & Accessories > Clothing > Traditional Clothing > Pen Kalamkari Sarees
CSEM367,Kailash Kalamkari Srikalahasthi Pen Kalamkari Hand-Painted Semi Kanchi Silk Saree - CSEM367,Authentic hand-painted Srikalahasthi (Srikalahasti) Pen Kalamkari Semi Kanchi Silk Saree (Code: CSEM367). 100% natural organic vegetable dyes hand-drawn using traditional tamarind twig pens directly from Kailash Kalamkari master artisans since 1984.,https://www.kailash-kalamkari.com/?department=saree&product=srikalahasthi-pen-kalamkari-semi-kanchi-silk-CSEM367,https://lh3.googleusercontent.com/d/=w1200,in_stock,10500 INR,Kailash Kalamkari,new,2271,Apparel & Accessories > Clothing > Traditional Clothing > Pen Kalamkari Sarees
CSEM368,Kailash Kalamkari Srikalahasthi Pen Kalamkari Hand-Painted Semi Kanchi Silk Saree - CSEM368,Authentic hand-painted Srikalahasthi (Srikalahasti) Pen Kalamkari Semi Kanchi Silk Saree (Code: CSEM368). 100% natural organic vegetable dyes hand-drawn using traditional tamarind twig pens directly from Kailash Kalamkari master artisans since 1984.,https://www.kailash-kalamkari.com/?department=saree&product=srikalahasthi-pen-kalamkari-semi-kanchi-silk-CSEM368,https://lh3.googleusercontent.com/d/=w1200,in_stock,10500 INR,Kailash Kalamkari,new,2271,Apparel & Accessories > Clothing > Traditional Clothing > Pen Kalamkari Sarees
CSEM369,Kailash Kalamkari Srikalahasthi Pen Kalamkari Hand-Painted Semi Kanchi Silk Saree - CSEM369,Authentic hand-painted Srikalahasthi (Srikalahasti) Pen Kalamkari Semi Kanchi Silk Saree (Code: CSEM369). 100% natural organic vegetable dyes hand-drawn using traditional tamarind twig pens directly from Kailash Kalamkari master artisans since 1984.,https://www.kailash-kalamkari.com/?department=saree&product=srikalahasthi-pen-kalamkari-semi-kanchi-silk-CSEM369,https://lh3.googleusercontent.com/d/=w1200,in_stock,10500 INR,Kailash Kalamkari,new,2271,Apparel & Accessories > Clothing > Traditional Clothing > Pen Kalamkari Sarees
CSEM370,Kailash Kalamkari Srikalahasthi Pen Kalamkari Hand-Painted Semi Kanchi Silk Saree - CSEM370,Authentic hand-painted Srikalahasthi (Srikalahasti) Pen Kalamkari Semi Kanchi Silk Saree (Code: CSEM370). 100% natural organic vegetable dyes hand-drawn using traditional tamarind twig pens directly from Kailash Kalamkari master artisans since 1984.,https://www.kailash-kalamkari.com/?department=saree&product=srikalahasthi-pen-kalamkari-semi-kanchi-silk-CSEM370,https://lh3.googleusercontent.com/d/=w1200,in_stock,10500 INR,Kailash Kalamkari,new,2271,Apparel & Accessories > Clothing > Traditional Clothing > Pen Kalamkari Sarees
CSEM371,Kailash Kalamkari Srikalahasthi Pen Kalamkari Hand-Painted Semi Kanchi Silk Saree - CSEM371,Authentic hand-painted Srikalahasthi (Srikalahasti) Pen Kalamkari Semi Kanchi Silk Saree (Code: CSEM371). 100% natural organic vegetable dyes hand-drawn using traditional tamarind twig pens directly from Kailash Kalamkari master artisans since 1984.,https://www.kailash-kalamkari.com/?department=saree&product=srikalahasthi-pen-kalamkari-semi-kanchi-silk-CSEM371,https://lh3.googleusercontent.com/d/=w1200,in_stock,10500 INR,Kailash Kalamkari,new,2271,Apparel & Accessories > Clothing > Traditional Clothing > Pen Kalamkari Sarees
CSEM372,Kailash Kalamkari Srikalahasthi Pen Kalamkari Hand-Painted Semi Kanchi Silk Saree - CSEM372,Authentic hand-painted Srikalahasthi (Srikalahasti) Pen Kalamkari Semi Kanchi Silk Saree (Code: CSEM372). 100% natural organic vegetable dyes hand-drawn using traditional tamarind twig pens directly from Kailash Kalamkari master artisans since 1984.,https://www.kailash-kalamkari.com/?department=saree&product=srikalahasthi-pen-kalamkari-semi-kanchi-silk-CSEM372,https://lh3.googleusercontent.com/d/=w1200,in_stock,10500 INR,Kailash Kalamkari,new,2271,Apparel & Accessories > Clothing > Traditional Clothing > Pen Kalamkari Sarees
CSEM373,Kailash Kalamkari Srikalahasthi Pen Kalamkari Hand-Painted Semi Kanchi Silk Saree - CSEM373,Authentic hand-painted Srikalahasthi (Srikalahasti) Pen Kalamkari Semi Kanchi Silk Saree (Code: CSEM373). 100% natural organic vegetable dyes hand-drawn using traditional tamarind twig pens directly from Kailash Kalamkari master artisans since 1984.,https://www.kailash-kalamkari.com/?department=saree&product=srikalahasthi-pen-kalamkari-semi-kanchi-silk-CSEM373,https://lh3.googleusercontent.com/d/=w1200,in_stock,10500 INR,Kailash Kalamkari,new,2271,Apparel & Accessories > Clothing > Traditional Clothing > Pen Kalamkari Sarees
CSEM374,Kailash Kalamkari Srikalahasthi Pen Kalamkari Hand-Painted Semi Kanchi Silk Saree - CSEM374,Authentic hand-painted Srikalahasthi (Srikalahasti) Pen Kalamkari Semi Kanchi Silk Saree (Code: CSEM374). 100% natural organic vegetable dyes hand-drawn using traditional tamarind twig pens directly from Kailash Kalamkari master artisans since 1984.,https://www.kailash-kalamkari.com/?department=saree&product=srikalahasthi-pen-kalamkari-semi-kanchi-silk-CSEM374,https://lh3.googleusercontent.com/d/=w1200,in_stock,10500 INR,Kailash Kalamkari,new,2271,Apparel & Accessories > Clothing > Traditional Clothing > Pen Kalamkari Sarees
CSEM375,Kailash Kalamkari Srikalahasthi Pen Kalamkari Hand-Painted Semi Kanchi Silk Saree - CSEM375,Authentic hand-painted Srikalahasthi (Srikalahasti) Pen Kalamkari Semi Kanchi Silk Saree (Code: CSEM375). 100% natural organic vegetable dyes hand-drawn using traditional tamarind twig pens directly from Kailash Kalamkari master artisans since 1984.,https://www.kailash-kalamkari.com/?department=saree&product=srikalahasthi-pen-kalamkari-semi-kanchi-silk-CSEM375,https://lh3.googleusercontent.com/d/=w1200,in_stock,10500 INR,Kailash Kalamkari,new,2271,Apparel & Accessories > Clothing > Traditional Clothing > Pen Kalamkari Sarees
CSEM376,Kailash Kalamkari Srikalahasthi Pen Kalamkari Hand-Painted Semi Kanchi Silk Saree - CSEM376,Authentic hand-painted Srikalahasthi (Srikalahasti) Pen Kalamkari Semi Kanchi Silk Saree (Code: CSEM376). 100% natural organic vegetable dyes hand-drawn using traditional tamarind twig pens directly from Kailash Kalamkari master artisans since 1984.,https://www.kailash-kalamkari.com/?department=saree&product=srikalahasthi-pen-kalamkari-semi-kanchi-silk-CSEM376,https://lh3.googleusercontent.com/d/=w1200,in_stock,10500 INR,Kailash Kalamkari,new,2271,Apparel & Accessories > Clothing > Traditional Clothing > Pen Kalamkari Sarees
CSEM378,Kailash Kalamkari Srikalahasthi Pen Kalamkari Hand-Painted Semi Kanchi Silk Saree - CSEM378,Authentic hand-painted Srikalahasthi (Srikalahasti) Pen Kalamkari Semi Kanchi Silk Saree (Code: CSEM378). 100% natural organic vegetable dyes hand-drawn using traditional tamarind twig pens directly from Kailash Kalamkari master artisans since 1984.,https://www.kailash-kalamkari.com/?department=saree&product=srikalahasthi-pen-kalamkari-semi-kanchi-silk-CSEM378,https://lh3.googleusercontent.com/d/=w1200,in_stock,10500 INR,Kailash Kalamkari,new,2271,Apparel & Accessories > Clothing > Traditional Clothing > Pen Kalamkari Sarees
CSEM379,Kailash Kalamkari Srikalahasthi Pen Kalamkari Hand-Painted Semi Kanchi Silk Saree - CSEM379,Authentic hand-painted Srikalahasthi (Srikalahasti) Pen Kalamkari Semi Kanchi Silk Saree (Code: CSEM379). 100% natural organic vegetable dyes hand-drawn using traditional tamarind twig pens directly from Kailash Kalamkari master artisans since 1984.,https://www.kailash-kalamkari.com/?department=saree&product=srikalahasthi-pen-kalamkari-semi-kanchi-silk-CSEM379,https://lh3.googleusercontent.com/d/=w1200,in_stock,10500 INR,Kailash Kalamkari,new,2271,Apparel & Accessories > Clothing > Traditional Clothing > Pen Kalamkari Sarees
CSEM380,Kailash Kalamkari Srikalahasthi Pen Kalamkari Hand-Painted Semi Kanchi Silk Saree - CSEM380,Authentic hand-painted Srikalahasthi (Srikalahasti) Pen Kalamkari Semi Kanchi Silk Saree (Code: CSEM380). 100% natural organic vegetable dyes hand-drawn using traditional tamarind twig pens directly from Kailash Kalamkari master artisans since 1984.,https://www.kailash-kalamkari.com/?department=saree&product=srikalahasthi-pen-kalamkari-semi-kanchi-silk-CSEM380,https://lh3.googleusercontent.com/d/=w1200,in_stock,10500 INR,Kailash Kalamkari,new,2271,Apparel & Accessories > Clothing > Traditional Clothing > Pen Kalamkari Sarees
CSEM381,Kailash Kalamkari Srikalahasthi Pen Kalamkari Hand-Painted Semi Kanchi Silk Saree - CSEM381,Authentic hand-painted Srikalahasthi (Srikalahasti) Pen Kalamkari Semi Kanchi Silk Saree (Code: CSEM381). 100% natural organic vegetable dyes hand-drawn using traditional tamarind twig pens directly from Kailash Kalamkari master artisans since 1984.,https://www.kailash-kalamkari.com/?department=saree&product=srikalahasthi-pen-kalamkari-semi-kanchi-silk-CSEM381,https://lh3.googleusercontent.com/d/=w1200,in_stock,10500 INR,Kailash Kalamkari,new,2271,Apparel & Accessories > Clothing > Traditional Clothing > Pen Kalamkari Sarees
CSEM382,Kailash Kalamkari Srikalahasthi Pen Kalamkari Hand-Painted Semi Kanchi Silk Saree - CSEM382,Authentic hand-painted Srikalahasthi (Srikalahasti) Pen Kalamkari Semi Kanchi Silk Saree (Code: CSEM382). 100% natural organic vegetable dyes hand-drawn using traditional tamarind twig pens directly from Kailash Kalamkari master artisans since 1984.,https://www.kailash-kalamkari.com/?department=saree&product=srikalahasthi-pen-kalamkari-semi-kanchi-silk-CSEM382,https://lh3.googleusercontent.com/d/=w1200,in_stock,10500 INR,Kailash Kalamkari,new,2271,Apparel & Accessories > Clothing > Traditional Clothing > Pen Kalamkari Sarees
CSEM383,Kailash Kalamkari Srikalahasthi Pen Kalamkari Hand-Painted Semi Kanchi Silk Saree - CSEM383,Authentic hand-painted Srikalahasthi (Srikalahasti) Pen Kalamkari Semi Kanchi Silk Saree (Code: CSEM383). 100% natural organic vegetable dyes hand-drawn using traditional tamarind twig pens directly from Kailash Kalamkari master artisans since 1984.,https://www.kailash-kalamkari.com/?department=saree&product=srikalahasthi-pen-kalamkari-semi-kanchi-silk-CSEM383,https://lh3.googleusercontent.com/d/=w1200,in_stock,10500 INR,Kailash Kalamkari,new,2271,Apparel & Accessories > Clothing > Traditional Clothing > Pen Kalamkari Sarees
CSEM384,Kailash Kalamkari Srikalahasthi Pen Kalamkari Hand-Painted Semi Kanchi Silk Saree - CSEM384,Authentic hand-painted Srikalahasthi (Srikalahasti) Pen Kalamkari Semi Kanchi Silk Saree (Code: CSEM384). 100% natural organic vegetable dyes hand-drawn using traditional tamarind twig pens directly from Kailash Kalamkari master artisans since 1984.,https://www.kailash-kalamkari.com/?department=saree&product=srikalahasthi-pen-kalamkari-semi-kanchi-silk-CSEM384,https://lh3.googleusercontent.com/d/=w1200,in_stock,10500 INR,Kailash Kalamkari,new,2271,Apparel & Accessories > Clothing > Traditional Clothing > Pen Kalamkari Sarees
CSEM385,Kailash Kalamkari Srikalahasthi Pen Kalamkari Hand-Painted Semi Kanchi Silk Saree - CSEM385,Authentic hand-painted Srikalahasthi (Srikalahasti) Pen Kalamkari Semi Kanchi Silk Saree (Code: CSEM385). 100% natural organic vegetable dyes hand-drawn using traditional tamarind twig pens directly from Kailash Kalamkari master artisans since 1984.,https://www.kailash-kalamkari.com/?department=saree&product=srikalahasthi-pen-kalamkari-semi-kanchi-silk-CSEM385,https://lh3.googleusercontent.com/d/=w1200,in_stock,10500 INR,Kailash Kalamkari,new,2271,Apparel & Accessories > Clothing > Traditional Clothing > Pen Kalamkari Sarees
CSEM386,Kailash Kalamkari Srikalahasthi Pen Kalamkari Hand-Painted Semi Kanchi Silk Saree - CSEM386,Authentic hand-painted Srikalahasthi (Srikalahasti) Pen Kalamkari Semi Kanchi Silk Saree (Code: CSEM386). 100% natural organic vegetable dyes hand-drawn using traditional tamarind twig pens directly from Kailash Kalamkari master artisans since 1984.,https://www.kailash-kalamkari.com/?department=saree&product=srikalahasthi-pen-kalamkari-semi-kanchi-silk-CSEM386,https://lh3.googleusercontent.com/d/=w1200,in_stock,10500 INR,Kailash Kalamkari,new,2271,Apparel & Accessories > Clothing > Traditional Clothing > Pen Kalamkari Sarees
CSEM387,Kailash Kalamkari Srikalahasthi Pen Kalamkari Hand-Painted Semi Kanchi Silk Saree - CSEM387,Authentic hand-painted Srikalahasthi (Srikalahasti) Pen Kalamkari Semi Kanchi Silk Saree (Code: CSEM387). 100% natural organic vegetable dyes hand-drawn using traditional tamarind twig pens directly from Kailash Kalamkari master artisans since 1984.,https://www.kailash-kalamkari.com/?department=saree&product=srikalahasthi-pen-kalamkari-semi-kanchi-silk-CSEM387,https://lh3.googleusercontent.com/d/=w1200,in_stock,10500 INR,Kailash Kalamkari,new,2271,Apparel & Accessories > Clothing > Traditional Clothing > Pen Kalamkari Sarees
CSEM388,Kailash Kalamkari Srikalahasthi Pen Kalamkari Hand-Painted Semi Kanchi Silk Saree - CSEM388,Authentic hand-painted Srikalahasthi (Srikalahasti) Pen Kalamkari Semi Kanchi Silk Saree (Code: CSEM388). 100% natural organic vegetable dyes hand-drawn using traditional tamarind twig pens directly from Kailash Kalamkari master artisans since 1984.,https://www.kailash-kalamkari.com/?department=saree&product=srikalahasthi-pen-kalamkari-semi-kanchi-silk-CSEM388,https://lh3.googleusercontent.com/d/=w1200,in_stock,10500 INR,Kailash Kalamkari,new,2271,Apparel & Accessories > Clothing > Traditional Clothing > Pen Kalamkari Sarees
CSEM389,Kailash Kalamkari Srikalahasthi Pen Kalamkari Hand-Painted Semi Kanchi Silk Saree - CSEM389,Authentic hand-painted Srikalahasthi (Srikalahasti) Pen Kalamkari Semi Kanchi Silk Saree (Code: CSEM389). 100% natural organic vegetable dyes hand-drawn using traditional tamarind twig pens directly from Kailash Kalamkari master artisans since 1984.,https://www.kailash-kalamkari.com/?department=saree&product=srikalahasthi-pen-kalamkari-semi-kanchi-silk-CSEM389,https://lh3.googleusercontent.com/d/=w1200,in_stock,10500 INR,Kailash Kalamkari,new,2271,Apparel & Accessories > Clothing > Traditional Clothing > Pen Kalamkari Sarees
CSEM390,Kailash Kalamkari Srikalahasthi Pen Kalamkari Hand-Painted Semi Kanchi Silk Saree - CSEM390,Authentic hand-painted Srikalahasthi (Srikalahasti) Pen Kalamkari Semi Kanchi Silk Saree (Code: CSEM390). 100% natural organic vegetable dyes hand-drawn using traditional tamarind twig pens directly from Kailash Kalamkari master artisans since 1984.,https://www.kailash-kalamkari.com/?department=saree&product=srikalahasthi-pen-kalamkari-semi-kanchi-silk-CSEM390,https://lh3.googleusercontent.com/d/=w1200,in_stock,10500 INR,Kailash Kalamkari,new,2271,Apparel & Accessories > Clothing > Traditional Clothing > Pen Kalamkari Sarees
CSEM391,Kailash Kalamkari Srikalahasthi Pen Kalamkari Hand-Painted Semi Kanchi Silk Saree - CSEM391,Authentic hand-painted Srikalahasthi (Srikalahasti) Pen Kalamkari Semi Kanchi Silk Saree (Code: CSEM391). 100% natural organic vegetable dyes hand-drawn using traditional tamarind twig pens directly from Kailash Kalamkari master artisans since 1984.,https://www.kailash-kalamkari.com/?department=saree&product=srikalahasthi-pen-kalamkari-semi-kanchi-silk-CSEM391,https://lh3.googleusercontent.com/d/=w1200,in_stock,10500 INR,Kailash Kalamkari,new,2271,Apparel & Accessories > Clothing > Traditional Clothing > Pen Kalamkari Sarees
CSEM392,Kailash Kalamkari Srikalahasthi Pen Kalamkari Hand-Painted Semi Kanchi Silk Saree - CSEM392,Authentic hand-painted Srikalahasthi (Srikalahasti) Pen Kalamkari Semi Kanchi Silk Saree (Code: CSEM392). 100% natural organic vegetable dyes hand-drawn using traditional tamarind twig pens directly from Kailash Kalamkari master artisans since 1984.,https://www.kailash-kalamkari.com/?department=saree&product=srikalahasthi-pen-kalamkari-semi-kanchi-silk-CSEM392,https://lh3.googleusercontent.com/d/=w1200,in_stock,10500 INR,Kailash Kalamkari,new,2271,Apparel & Accessories > Clothing > Traditional Clothing > Pen Kalamkari Sarees
CSEM393,Kailash Kalamkari Srikalahasthi Pen Kalamkari Hand-Painted Semi Kanchi Silk Saree - CSEM393,Authentic hand-painted Srikalahasthi (Srikalahasti) Pen Kalamkari Semi Kanchi Silk Saree (Code: CSEM393). 100% natural organic vegetable dyes hand-drawn using traditional tamarind twig pens directly from Kailash Kalamkari master artisans since 1984.,https://www.kailash-kalamkari.com/?department=saree&product=srikalahasthi-pen-kalamkari-semi-kanchi-silk-CSEM393,https://lh3.googleusercontent.com/d/=w1200,in_stock,10500 INR,Kailash Kalamkari,new,2271,Apparel & Accessories > Clothing > Traditional Clothing > Pen Kalamkari Sarees
CSEM394,Kailash Kalamkari Srikalahasthi Pen Kalamkari Hand-Painted Semi Kanchi Silk Saree - CSEM394,Authentic hand-painted Srikalahasthi (Srikalahasti) Pen Kalamkari Semi Kanchi Silk Saree (Code: CSEM394). 100% natural organic vegetable dyes hand-drawn using traditional tamarind twig pens directly from Kailash Kalamkari master artisans since 1984.,https://www.kailash-kalamkari.com/?department=saree&product=srikalahasthi-pen-kalamkari-semi-kanchi-silk-CSEM394,https://lh3.googleusercontent.com/d/=w1200,in_stock,10500 INR,Kailash Kalamkari,new,2271,Apparel & Accessories > Clothing > Traditional Clothing > Pen Kalamkari Sarees
CSEM395,Kailash Kalamkari Srikalahasthi Pen Kalamkari Hand-Painted Semi Kanchi Silk Saree - CSEM395,Authentic hand-painted Srikalahasthi (Srikalahasti) Pen Kalamkari Semi Kanchi Silk Saree (Code: CSEM395). 100% natural organic vegetable dyes hand-drawn using traditional tamarind twig pens directly from Kailash Kalamkari master artisans since 1984.,https://www.kailash-kalamkari.com/?department=saree&product=srikalahasthi-pen-kalamkari-semi-kanchi-silk-CSEM395,https://lh3.googleusercontent.com/d/=w1200,in_stock,10500 INR,Kailash Kalamkari,new,2271,Apparel & Accessories > Clothing > Traditional Clothing > Pen Kalamkari Sarees
CSEM396,Kailash Kalamkari Srikalahasthi Pen Kalamkari Hand-Painted Semi Kanchi Silk Saree - CSEM396,Authentic hand-painted Srikalahasthi (Srikalahasti) Pen Kalamkari Semi Kanchi Silk Saree (Code: CSEM396). 100% natural organic vegetable dyes hand-drawn using traditional tamarind twig pens directly from Kailash Kalamkari master artisans since 1984.,https://www.kailash-kalamkari.com/?department=saree&product=srikalahasthi-pen-kalamkari-semi-kanchi-silk-CSEM396,https://lh3.googleusercontent.com/d/=w1200,in_stock,10500 INR,Kailash Kalamkari,new,2271,Apparel & Accessories > Clothing > Traditional Clothing > Pen Kalamkari Sarees
CSEM397,Kailash Kalamkari Srikalahasthi Pen Kalamkari Hand-Painted Semi Kanchi Silk Saree - CSEM397,Authentic hand-painted Srikalahasthi (Srikalahasti) Pen Kalamkari Semi Kanchi Silk Saree (Code: CSEM397). 100% natural organic vegetable dyes hand-drawn using traditional tamarind twig pens directly from Kailash Kalamkari master artisans since 1984.,https://www.kailash-kalamkari.com/?department=saree&product=srikalahasthi-pen-kalamkari-semi-kanchi-silk-CSEM397,https://lh3.googleusercontent.com/d/=w1200,in_stock,10500 INR,Kailash Kalamkari,new,2271,Apparel & Accessories > Clothing > Traditional Clothing > Pen Kalamkari Sarees
CPUR708,Kailash Kalamkari Srikalahasthi Pen Kalamkari Hand-Painted Pure Kota Tussar Silk Saree - CPUR708,Authentic hand-painted Srikalahasthi (Srikalahasti) Pen Kalamkari Pure Kota Tussar Silk Saree (Code: CPUR708). 100% natural organic vegetable dyes hand-drawn using traditional tamarind twig pens directly from Kailash Kalamkari master artisans since 1984.,https://www.kailash-kalamkari.com/?department=saree&product=srikalahasthi-pen-kalamkari-pure-kota-tussar-silk-CPUR708,https://lh3.googleusercontent.com/d/=w1200,in_stock,11500 INR,Kailash Kalamkari,new,2271,Apparel & Accessories > Clothing > Traditional Clothing > Pen Kalamkari Sarees
CPUR709,Kailash Kalamkari Srikalahasthi Pen Kalamkari Hand-Painted Pure Kota Tussar Silk Saree - CPUR709,Authentic hand-painted Srikalahasthi (Srikalahasti) Pen Kalamkari Pure Kota Tussar Silk Saree (Code: CPUR709). 100% natural organic vegetable dyes hand-drawn using traditional tamarind twig pens directly from Kailash Kalamkari master artisans since 1984.,https://www.kailash-kalamkari.com/?department=saree&product=srikalahasthi-pen-kalamkari-pure-kota-tussar-silk-CPUR709,https://lh3.googleusercontent.com/d/=w1200,in_stock,11500 INR,Kailash Kalamkari,new,2271,Apparel & Accessories > Clothing > Traditional Clothing > Pen Kalamkari Sarees
CPUR710,Kailash Kalamkari Srikalahasthi Pen Kalamkari Hand-Painted Pure Kota Tussar Silk Saree - CPUR710,Authentic hand-painted Srikalahasthi (Srikalahasti) Pen Kalamkari Pure Kota Tussar Silk Saree (Code: CPUR710). 100% natural organic vegetable dyes hand-drawn using traditional tamarind twig pens directly from Kailash Kalamkari master artisans since 1984.,https://www.kailash-kalamkari.com/?department=saree&product=srikalahasthi-pen-kalamkari-pure-kota-tussar-silk-CPUR710,https://lh3.googleusercontent.com/d/=w1200,in_stock,11500 INR,Kailash Kalamkari,new,2271,Apparel & Accessories > Clothing > Traditional Clothing > Pen Kalamkari Sarees
CPCS210,Kailash Kalamkari Srikalahasthi Pen Kalamkari Hand-Painted Pure Crape Silk Saree - CPCS210,Authentic hand-painted Srikalahasthi (Srikalahasti) Pen Kalamkari Pure Crape Silk Saree (Code: CPCS210). 100% natural organic vegetable dyes hand-drawn using traditional tamarind twig pens directly from Kailash Kalamkari master artisans since 1984.,https://www.kailash-kalamkari.com/?department=saree&product=srikalahasthi-pen-kalamkari-pure-crape-silk-CPCS210,https://lh3.googleusercontent.com/d/=w1200,in_stock,14500 INR,Kailash Kalamkari,new,2271,Apparel & Accessories > Clothing > Traditional Clothing > Pen Kalamkari Sarees
CPCS211,Kailash Kalamkari Srikalahasthi Pen Kalamkari Hand-Painted Pure Crape Silk Saree - CPCS211,Authentic hand-painted Srikalahasthi (Srikalahasti) Pen Kalamkari Pure Crape Silk Saree (Code: CPCS211). 100% natural organic vegetable dyes hand-drawn using traditional tamarind twig pens directly from Kailash Kalamkari master artisans since 1984.,https://www.kailash-kalamkari.com/?department=saree&product=srikalahasthi-pen-kalamkari-pure-crape-silk-CPCS211,https://lh3.googleusercontent.com/d/=w1200,in_stock,14500 INR,Kailash Kalamkari,new,2271,Apparel & Accessories > Clothing > Traditional Clothing > Pen Kalamkari Sarees
CPCS212,Kailash Kalamkari Srikalahasthi Pen Kalamkari Hand-Painted Pure Crape Silk Saree - CPCS212,Authentic hand-painted Srikalahasthi (Srikalahasti) Pen Kalamkari Pure Crape Silk Saree (Code: CPCS212). 100% natural organic vegetable dyes hand-drawn using traditional tamarind twig pens directly from Kailash Kalamkari master artisans since 1984.,https://www.kailash-kalamkari.com/?department=saree&product=srikalahasthi-pen-kalamkari-pure-crape-silk-CPCS212,https://lh3.googleusercontent.com/d/=w1200,in_stock,14500 INR,Kailash Kalamkari,new,2271,Apparel & Accessories > Clothing > Traditional Clothing > Pen Kalamkari Sarees
CPCS213,Kailash Kalamkari Srikalahasthi Pen Kalamkari Hand-Painted Pure Crape Silk Saree - CPCS213,Authentic hand-painted Srikalahasthi (Srikalahasti) Pen Kalamkari Pure Crape Silk Saree (Code: CPCS213). 100% natural organic vegetable dyes hand-drawn using traditional tamarind twig pens directly from Kailash Kalamkari master artisans since 1984.,https://www.kailash-kalamkari.com/?department=saree&product=srikalahasthi-pen-kalamkari-pure-crape-silk-CPCS213,https://lh3.googleusercontent.com/d/=w1200,in_stock,14500 INR,Kailash Kalamkari,new,2271,Apparel & Accessories > Clothing > Traditional Clothing > Pen Kalamkari Sarees
CPCS214,Kailash Kalamkari Srikalahasthi Pen Kalamkari Hand-Painted Pure Crape Silk Saree - CPCS214,Authentic hand-painted Srikalahasthi (Srikalahasti) Pen Kalamkari Pure Crape Silk Saree (Code: CPCS214). 100% natural organic vegetable dyes hand-drawn using traditional tamarind twig pens directly from Kailash Kalamkari master artisans since 1984.,https://www.kailash-kalamkari.com/?department=saree&product=srikalahasthi-pen-kalamkari-pure-crape-silk-CPCS214,https://lh3.googleusercontent.com/d/=w1200,in_stock,14500 INR,Kailash Kalamkari,new,2271,Apparel & Accessories > Clothing > Traditional Clothing > Pen Kalamkari Sarees
CPCS215,Kailash Kalamkari Srikalahasthi Pen Kalamkari Hand-Painted Pure Crape Silk Saree - CPCS215,Authentic hand-painted Srikalahasthi (Srikalahasti) Pen Kalamkari Pure Crape Silk Saree (Code: CPCS215). 100% natural organic vegetable dyes hand-drawn using traditional tamarind twig pens directly from Kailash Kalamkari master artisans since 1984.,https://www.kailash-kalamkari.com/?department=saree&product=srikalahasthi-pen-kalamkari-pure-crape-silk-CPCS215,https://lh3.googleusercontent.com/d/=w1200,in_stock,14500 INR,Kailash Kalamkari,new,2271,Apparel & Accessories > Clothing > Traditional Clothing > Pen Kalamkari Sarees
CPCS216,Kailash Kalamkari Srikalahasthi Pen Kalamkari Hand-Painted Pure Crape Silk Saree - CPCS216,Authentic hand-painted Srikalahasthi (Srikalahasti) Pen Kalamkari Pure Crape Silk Saree (Code: CPCS216). 100% natural organic vegetable dyes hand-drawn using traditional tamarind twig pens directly from Kailash Kalamkari master artisans since 1984.,https://www.kailash-kalamkari.com/?department=saree&product=srikalahasthi-pen-kalamkari-pure-crape-silk-CPCS216,https://lh3.googleusercontent.com/d/=w1200,in_stock,14500 INR,Kailash Kalamkari,new,2271,Apparel & Accessories > Clothing > Traditional Clothing > Pen Kalamkari Sarees
CPCS217,Kailash Kalamkari Srikalahasthi Pen Kalamkari Hand-Painted Pure Crape Silk Saree - CPCS217,Authentic hand-painted Srikalahasthi (Srikalahasti) Pen Kalamkari Pure Crape Silk Saree (Code: CPCS217). 100% natural organic vegetable dyes hand-drawn using traditional tamarind twig pens directly from Kailash Kalamkari master artisans since 1984.,https://www.kailash-kalamkari.com/?department=saree&product=srikalahasthi-pen-kalamkari-pure-crape-silk-CPCS217,https://lh3.googleusercontent.com/d/=w1200,in_stock,14500 INR,Kailash Kalamkari,new,2271,Apparel & Accessories > Clothing > Traditional Clothing > Pen Kalamkari Sarees
CPCS218,Kailash Kalamkari Srikalahasthi Pen Kalamkari Hand-Painted Pure Crape Silk Saree - CPCS218,Authentic hand-painted Srikalahasthi (Srikalahasti) Pen Kalamkari Pure Crape Silk Saree (Code: CPCS218). 100% natural organic vegetable dyes hand-drawn using traditional tamarind twig pens directly from Kailash Kalamkari master artisans since 1984.,https://www.kailash-kalamkari.com/?department=saree&product=srikalahasthi-pen-kalamkari-pure-crape-silk-CPCS218,https://lh3.googleusercontent.com/d/=w1200,in_stock,14500 INR,Kailash Kalamkari,new,2271,Apparel & Accessories > Clothing > Traditional Clothing > Pen Kalamkari Sarees
CPCS219,Kailash Kalamkari Srikalahasthi Pen Kalamkari Hand-Painted Pure Crape Silk Saree - CPCS219,Authentic hand-painted Srikalahasthi (Srikalahasti) Pen Kalamkari Pure Crape Silk Saree (Code: CPCS219). 100% natural organic vegetable dyes hand-drawn using traditional tamarind twig pens directly from Kailash Kalamkari master artisans since 1984.,https://www.kailash-kalamkari.com/?department=saree&product=srikalahasthi-pen-kalamkari-pure-crape-silk-CPCS219,https://lh3.googleusercontent.com/d/=w1200,in_stock,14500 INR,Kailash Kalamkari,new,2271,Apparel & Accessories > Clothing > Traditional Clothing > Pen Kalamkari Sarees
CPCS220,Kailash Kalamkari Srikalahasthi Pen Kalamkari Hand-Painted Pure Crape Silk Saree - CPCS220,Authentic hand-painted Srikalahasthi (Srikalahasti) Pen Kalamkari Pure Crape Silk Saree (Code: CPCS220). 100% natural organic vegetable dyes hand-drawn using traditional tamarind twig pens directly from Kailash Kalamkari master artisans since 1984.,https://www.kailash-kalamkari.com/?department=saree&product=srikalahasthi-pen-kalamkari-pure-crape-silk-CPCS220,https://lh3.googleusercontent.com/d/=w1200,in_stock,14500 INR,Kailash Kalamkari,new,2271,Apparel & Accessories > Clothing > Traditional Clothing > Pen Kalamkari Sarees
CPCS221,Kailash Kalamkari Srikalahasthi Pen Kalamkari Hand-Painted Pure Crape Silk Saree - CPCS221,Authentic hand-painted Srikalahasthi (Srikalahasti) Pen Kalamkari Pure Crape Silk Saree (Code: CPCS221). 100% natural organic vegetable dyes hand-drawn using traditional tamarind twig pens directly from Kailash Kalamkari master artisans since 1984.,https://www.kailash-kalamkari.com/?department=saree&product=srikalahasthi-pen-kalamkari-pure-crape-silk-CPCS221,https://lh3.googleusercontent.com/d/=w1200,in_stock,26500 INR,Kailash Kalamkari,new,2271,Apparel & Accessories > Clothing > Traditional Clothing > Pen Kalamkari Sarees
CPCS222,Kailash Kalamkari Srikalahasthi Pen Kalamkari Hand-Painted Pure Crape Silk Saree - CPCS222,Authentic hand-painted Srikalahasthi (Srikalahasti) Pen Kalamkari Pure Crape Silk Saree (Code: CPCS222). 100% natural organic vegetable dyes hand-drawn using traditional tamarind twig pens directly from Kailash Kalamkari master artisans since 1984.,https://www.kailash-kalamkari.com/?department=saree&product=srikalahasthi-pen-kalamkari-pure-crape-silk-CPCS222,https://lh3.googleusercontent.com/d/=w1200,in_stock,26500 INR,Kailash Kalamkari,new,2271,Apparel & Accessories > Clothing > Traditional Clothing > Pen Kalamkari Sarees
CPCS223,Kailash Kalamkari Srikalahasthi Pen Kalamkari Hand-Painted Pure Crape Silk Saree - CPCS223,Authentic hand-painted Srikalahasthi (Srikalahasti) Pen Kalamkari Pure Crape Silk Saree (Code: CPCS223). 100% natural organic vegetable dyes hand-drawn using traditional tamarind twig pens directly from Kailash Kalamkari master artisans since 1984.,https://www.kailash-kalamkari.com/?department=saree&product=srikalahasthi-pen-kalamkari-pure-crape-silk-CPCS223,https://lh3.googleusercontent.com/d/=w1200,in_stock,26500 INR,Kailash Kalamkari,new,2271,Apparel & Accessories > Clothing > Traditional Clothing > Pen Kalamkari Sarees
CPCS224,Kailash Kalamkari Srikalahasthi Pen Kalamkari Hand-Painted Pure Crape Silk Saree - CPCS224,Authentic hand-painted Srikalahasthi (Srikalahasti) Pen Kalamkari Pure Crape Silk Saree (Code: CPCS224). 100% natural organic vegetable dyes hand-drawn using traditional tamarind twig pens directly from Kailash Kalamkari master artisans since 1984.,https://www.kailash-kalamkari.com/?department=saree&product=srikalahasthi-pen-kalamkari-pure-crape-silk-CPCS224,https://lh3.googleusercontent.com/d/=w1200,in_stock,26500 INR,Kailash Kalamkari,new,2271,Apparel & Accessories > Clothing > Traditional Clothing > Pen Kalamkari Sarees
CPCS225,Kailash Kalamkari Srikalahasthi Pen Kalamkari Hand-Painted Pure Crape Silk Saree - CPCS225,Authentic hand-painted Srikalahasthi (Srikalahasti) Pen Kalamkari Pure Crape Silk Saree (Code: CPCS225). 100% natural organic vegetable dyes hand-drawn using traditional tamarind twig pens directly from Kailash Kalamkari master artisans since 1984.,https://www.kailash-kalamkari.com/?department=saree&product=srikalahasthi-pen-kalamkari-pure-crape-silk-CPCS225,https://lh3.googleusercontent.com/d/=w1200,in_stock,26500 INR,Kailash Kalamkari,new,2271,Apparel & Accessories > Clothing > Traditional Clothing > Pen Kalamkari Sarees
CPCS226,Kailash Kalamkari Srikalahasthi Pen Kalamkari Hand-Painted Pure Crape Silk Saree - CPCS226,Authentic hand-painted Srikalahasthi (Srikalahasti) Pen Kalamkari Pure Crape Silk Saree (Code: CPCS226). 100% natural organic vegetable dyes hand-drawn using traditional tamarind twig pens directly from Kailash Kalamkari master artisans since 1984.,https://www.kailash-kalamkari.com/?department=saree&product=srikalahasthi-pen-kalamkari-pure-crape-silk-CPCS226,https://lh3.googleusercontent.com/d/=w1200,in_stock,26500 INR,Kailash Kalamkari,new,2271,Apparel & Accessories > Clothing > Traditional Clothing > Pen Kalamkari Sarees
CPCS227,Kailash Kalamkari Srikalahasthi Pen Kalamkari Hand-Painted Pure Crape Silk Saree - CPCS227,Authentic hand-painted Srikalahasthi (Srikalahasti) Pen Kalamkari Pure Crape Silk Saree (Code: CPCS227). 100% natural organic vegetable dyes hand-drawn using traditional tamarind twig pens directly from Kailash Kalamkari master artisans since 1984.,https://www.kailash-kalamkari.com/?department=saree&product=srikalahasthi-pen-kalamkari-pure-crape-silk-CPCS227,https://lh3.googleusercontent.com/d/=w1200,in_stock,26500 INR,Kailash Kalamkari,new,2271,Apparel & Accessories > Clothing > Traditional Clothing > Pen Kalamkari Sarees
CPCS228,Kailash Kalamkari Srikalahasthi Pen Kalamkari Hand-Painted Pure Crape Silk Saree - CPCS228,Authentic hand-painted Srikalahasthi (Srikalahasti) Pen Kalamkari Pure Crape Silk Saree (Code: CPCS228). 100% natural organic vegetable dyes hand-drawn using traditional tamarind twig pens directly from Kailash Kalamkari master artisans since 1984.,https://www.kailash-kalamkari.com/?department=saree&product=srikalahasthi-pen-kalamkari-pure-crape-silk-CPCS228,https://lh3.googleusercontent.com/d/=w1200,in_stock,26500 INR,Kailash Kalamkari,new,2271,Apparel & Accessories > Clothing > Traditional Clothing > Pen Kalamkari Sarees
CPCS229,Kailash Kalamkari Srikalahasthi Pen Kalamkari Hand-Painted Pure Crape Silk Saree - CPCS229,Authentic hand-painted Srikalahasthi (Srikalahasti) Pen Kalamkari Pure Crape Silk Saree (Code: CPCS229). 100% natural organic vegetable dyes hand-drawn using traditional tamarind twig pens directly from Kailash Kalamkari master artisans since 1984.,https://www.kailash-kalamkari.com/?department=saree&product=srikalahasthi-pen-kalamkari-pure-crape-silk-CPCS229,https://lh3.googleusercontent.com/d/=w1200,in_stock,26500 INR,Kailash Kalamkari,new,2271,Apparel & Accessories > Clothing > Traditional Clothing > Pen Kalamkari Sarees
CPCS230,Kailash Kalamkari Srikalahasthi Pen Kalamkari Hand-Painted Pure Crape Silk Saree - CPCS230,Authentic hand-painted Srikalahasthi (Srikalahasti) Pen Kalamkari Pure Crape Silk Saree (Code: CPCS230). 100% natural organic vegetable dyes hand-drawn using traditional tamarind twig pens directly from Kailash Kalamkari master artisans since 1984.,https://www.kailash-kalamkari.com/?department=saree&product=srikalahasthi-pen-kalamkari-pure-crape-silk-CPCS230,https://lh3.googleusercontent.com/d/=w1200,in_stock,26500 INR,Kailash Kalamkari,new,2271,Apparel & Accessories > Clothing > Traditional Clothing > Pen Kalamkari Sarees
CPCS231,Kailash Kalamkari Srikalahasthi Pen Kalamkari Hand-Painted Pure Crape Silk Saree - CPCS231,Authentic hand-painted Srikalahasthi (Srikalahasti) Pen Kalamkari Pure Crape Silk Saree (Code: CPCS231). 100% natural organic vegetable dyes hand-drawn using traditional tamarind twig pens directly from Kailash Kalamkari master artisans since 1984.,https://www.kailash-kalamkari.com/?department=saree&product=srikalahasthi-pen-kalamkari-pure-crape-silk-CPCS231,https://lh3.googleusercontent.com/d/=w1200,in_stock,26500 INR,Kailash Kalamkari,new,2271,Apparel & Accessories > Clothing > Traditional Clothing > Pen Kalamkari Sarees
CPCS232,Kailash Kalamkari Srikalahasthi Pen Kalamkari Hand-Painted Pure Crape Silk Saree - CPCS232,Authentic hand-painted Srikalahasthi (Srikalahasti) Pen Kalamkari Pure Crape Silk Saree (Code: CPCS232). 100% natural organic vegetable dyes hand-drawn using traditional tamarind twig pens directly from Kailash Kalamkari master artisans since 1984.,https://www.kailash-kalamkari.com/?department=saree&product=srikalahasthi-pen-kalamkari-pure-crape-silk-CPCS232,https://lh3.googleusercontent.com/d/=w1200,in_stock,26500 INR,Kailash Kalamkari,new,2271,Apparel & Accessories > Clothing > Traditional Clothing > Pen Kalamkari Sarees
CPCS233,Kailash Kalamkari Srikalahasthi Pen Kalamkari Hand-Painted Pure Crape Silk Saree - CPCS233,Authentic hand-painted Srikalahasthi (Srikalahasti) Pen Kalamkari Pure Crape Silk Saree (Code: CPCS233). 100% natural organic vegetable dyes hand-drawn using traditional tamarind twig pens directly from Kailash Kalamkari master artisans since 1984.,https://www.kailash-kalamkari.com/?department=saree&product=srikalahasthi-pen-kalamkari-pure-crape-silk-CPCS233,https://lh3.googleusercontent.com/d/=w1200,in_stock,15500 INR,Kailash Kalamkari,new,2271,Apparel & Accessories > Clothing > Traditional Clothing > Pen Kalamkari Sarees
CPCS234,Kailash Kalamkari Srikalahasthi Pen Kalamkari Hand-Painted Pure Crape Silk Saree - CPCS234,Authentic hand-painted Srikalahasthi (Srikalahasti) Pen Kalamkari Pure Crape Silk Saree (Code: CPCS234). 100% natural organic vegetable dyes hand-drawn using traditional tamarind twig pens directly from Kailash Kalamkari master artisans since 1984.,https://www.kailash-kalamkari.com/?department=saree&product=srikalahasthi-pen-kalamkari-pure-crape-silk-CPCS234,https://lh3.googleusercontent.com/d/=w1200,in_stock,15500 INR,Kailash Kalamkari,new,2271,Apparel & Accessories > Clothing > Traditional Clothing > Pen Kalamkari Sarees
CPCS235,Kailash Kalamkari Srikalahasthi Pen Kalamkari Hand-Painted Pure Crape Silk Saree - CPCS235,Authentic hand-painted Srikalahasthi (Srikalahasti) Pen Kalamkari Pure Crape Silk Saree (Code: CPCS235). 100% natural organic vegetable dyes hand-drawn using traditional tamarind twig pens directly from Kailash Kalamkari master artisans since 1984.,https://www.kailash-kalamkari.com/?department=saree&product=srikalahasthi-pen-kalamkari-pure-crape-silk-CPCS235,https://lh3.googleusercontent.com/d/=w1200,in_stock,15500 INR,Kailash Kalamkari,new,2271,Apparel & Accessories > Clothing > Traditional Clothing > Pen Kalamkari Sarees
CPCS236,Kailash Kalamkari Srikalahasthi Pen Kalamkari Hand-Painted Pure Crape Silk Saree - CPCS236,Authentic hand-painted Srikalahasthi (Srikalahasti) Pen Kalamkari Pure Crape Silk Saree (Code: CPCS236). 100% natural organic vegetable dyes hand-drawn using traditional tamarind twig pens directly from Kailash Kalamkari master artisans since 1984.,https://www.kailash-kalamkari.com/?department=saree&product=srikalahasthi-pen-kalamkari-pure-crape-silk-CPCS236,https://lh3.googleusercontent.com/d/=w1200,in_stock,15500 INR,Kailash Kalamkari,new,2271,Apparel & Accessories > Clothing > Traditional Clothing > Pen Kalamkari Sarees
CPCS237,Kailash Kalamkari Srikalahasthi Pen Kalamkari Hand-Painted Pure Crape Silk Saree - CPCS237,Authentic hand-painted Srikalahasthi (Srikalahasti) Pen Kalamkari Pure Crape Silk Saree (Code: CPCS237). 100% natural organic vegetable dyes hand-drawn using traditional tamarind twig pens directly from Kailash Kalamkari master artisans since 1984.,https://www.kailash-kalamkari.com/?department=saree&product=srikalahasthi-pen-kalamkari-pure-crape-silk-CPCS237,https://lh3.googleusercontent.com/d/=w1200,in_stock,15500 INR,Kailash Kalamkari,new,2271,Apparel & Accessories > Clothing > Traditional Clothing > Pen Kalamkari Sarees
CPCS238,Kailash Kalamkari Srikalahasthi Pen Kalamkari Hand-Painted Pure Crape Silk Saree - CPCS238,Authentic hand-painted Srikalahasthi (Srikalahasti) Pen Kalamkari Pure Crape Silk Saree (Code: CPCS238). 100% natural organic vegetable dyes hand-drawn using traditional tamarind twig pens directly from Kailash Kalamkari master artisans since 1984.,https://www.kailash-kalamkari.com/?department=saree&product=srikalahasthi-pen-kalamkari-pure-crape-silk-CPCS238,https://lh3.googleusercontent.com/d/=w1200,in_stock,15500 INR,Kailash Kalamkari,new,2271,Apparel & Accessories > Clothing > Traditional Clothing > Pen Kalamkari Sarees
CPCS239,Kailash Kalamkari Srikalahasthi Pen Kalamkari Hand-Painted Pure Crape Silk Saree - CPCS239,Authentic hand-painted Srikalahasthi (Srikalahasti) Pen Kalamkari Pure Crape Silk Saree (Code: CPCS239). 100% natural organic vegetable dyes hand-drawn using traditional tamarind twig pens directly from Kailash Kalamkari master artisans since 1984.,https://www.kailash-kalamkari.com/?department=saree&product=srikalahasthi-pen-kalamkari-pure-crape-silk-CPCS239,https://lh3.googleusercontent.com/d/=w1200,in_stock,24500 INR,Kailash Kalamkari,new,2271,Apparel & Accessories > Clothing > Traditional Clothing > Pen Kalamkari Sarees
CPCS240,Kailash Kalamkari Srikalahasthi Pen Kalamkari Hand-Painted Pure Crape Silk Saree - CPCS240,Authentic hand-painted Srikalahasthi (Srikalahasti) Pen Kalamkari Pure Crape Silk Saree (Code: CPCS240). 100% natural organic vegetable dyes hand-drawn using traditional tamarind twig pens directly from Kailash Kalamkari master artisans since 1984.,https://www.kailash-kalamkari.com/?department=saree&product=srikalahasthi-pen-kalamkari-pure-crape-silk-CPCS240,https://lh3.googleusercontent.com/d/=w1200,in_stock,24500 INR,Kailash Kalamkari,new,2271,Apparel & Accessories > Clothing > Traditional Clothing > Pen Kalamkari Sarees
CPCS241,Kailash Kalamkari Srikalahasthi Pen Kalamkari Hand-Painted Pure Crape Silk Saree - CPCS241,Authentic hand-painted Srikalahasthi (Srikalahasti) Pen Kalamkari Pure Crape Silk Saree (Code: CPCS241). 100% natural organic vegetable dyes hand-drawn using traditional tamarind twig pens directly from Kailash Kalamkari master artisans since 1984.,https://www.kailash-kalamkari.com/?department=saree&product=srikalahasthi-pen-kalamkari-pure-crape-silk-CPCS241,https://lh3.googleusercontent.com/d/=w1200,in_stock,13500 INR,Kailash Kalamkari,new,2271,Apparel & Accessories > Clothing > Traditional Clothing > Pen Kalamkari Sarees
CPCS243,Kailash Kalamkari Srikalahasthi Pen Kalamkari Hand-Painted Pure Crape Silk Saree - CPCS243,Authentic hand-painted Srikalahasthi (Srikalahasti) Pen Kalamkari Pure Crape Silk Saree (Code: CPCS243). 100% natural organic vegetable dyes hand-drawn using traditional tamarind twig pens directly from Kailash Kalamkari master artisans since 1984.,https://www.kailash-kalamkari.com/?department=saree&product=srikalahasthi-pen-kalamkari-pure-crape-silk-CPCS243,https://lh3.googleusercontent.com/d/=w1200,in_stock,13500 INR,Kailash Kalamkari,new,2271,Apparel & Accessories > Clothing > Traditional Clothing > Pen Kalamkari Sarees
CPCS244,Kailash Kalamkari Srikalahasthi Pen Kalamkari Hand-Painted Pure Crape Silk Saree - CPCS244,Authentic hand-painted Srikalahasthi (Srikalahasti) Pen Kalamkari Pure Crape Silk Saree (Code: CPCS244). 100% natural organic vegetable dyes hand-drawn using traditional tamarind twig pens directly from Kailash Kalamkari master artisans since 1984.,https://www.kailash-kalamkari.com/?department=saree&product=srikalahasthi-pen-kalamkari-pure-crape-silk-CPCS244,https://lh3.googleusercontent.com/d/=w1200,in_stock,13500 INR,Kailash Kalamkari,new,2271,Apparel & Accessories > Clothing > Traditional Clothing > Pen Kalamkari Sarees
CPCS245,Kailash Kalamkari Srikalahasthi Pen Kalamkari Hand-Painted Pure Crape Silk Saree - CPCS245,Authentic hand-painted Srikalahasthi (Srikalahasti) Pen Kalamkari Pure Crape Silk Saree (Code: CPCS245). 100% natural organic vegetable dyes hand-drawn using traditional tamarind twig pens directly from Kailash Kalamkari master artisans since 1984.,https://www.kailash-kalamkari.com/?department=saree&product=srikalahasthi-pen-kalamkari-pure-crape-silk-CPCS245,https://lh3.googleusercontent.com/d/=w1200,in_stock,13500 INR,Kailash Kalamkari,new,2271,Apparel & Accessories > Clothing > Traditional Clothing > Pen Kalamkari Sarees
CPCS246,Kailash Kalamkari Srikalahasthi Pen Kalamkari Hand-Painted Pure Crape Silk Saree - CPCS246,Authentic hand-painted Srikalahasthi (Srikalahasti) Pen Kalamkari Pure Crape Silk Saree (Code: CPCS246). 100% natural organic vegetable dyes hand-drawn using traditional tamarind twig pens directly from Kailash Kalamkari master artisans since 1984.,https://www.kailash-kalamkari.com/?department=saree&product=srikalahasthi-pen-kalamkari-pure-crape-silk-CPCS246,https://lh3.googleusercontent.com/d/=w1200,in_stock,13500 INR,Kailash Kalamkari,new,2271,Apparel & Accessories > Clothing > Traditional Clothing > Pen Kalamkari Sarees
CPCS247,Kailash Kalamkari Srikalahasthi Pen Kalamkari Hand-Painted Pure Crape Silk Saree - CPCS247,Authentic hand-painted Srikalahasthi (Srikalahasti) Pen Kalamkari Pure Crape Silk Saree (Code: CPCS247). 100% natural organic vegetable dyes hand-drawn using traditional tamarind twig pens directly from Kailash Kalamkari master artisans since 1984.,https://www.kailash-kalamkari.com/?department=saree&product=srikalahasthi-pen-kalamkari-pure-crape-silk-CPCS247,https://lh3.googleusercontent.com/d/=w1200,in_stock,13500 INR,Kailash Kalamkari,new,2271,Apparel & Accessories > Clothing > Traditional Clothing > Pen Kalamkari Sarees
CPCS248,Kailash Kalamkari Srikalahasthi Pen Kalamkari Hand-Painted Pure Crape Silk Saree - CPCS248,Authentic hand-painted Srikalahasthi (Srikalahasti) Pen Kalamkari Pure Crape Silk Saree (Code: CPCS248). 100% natural organic vegetable dyes hand-drawn using traditional tamarind twig pens directly from Kailash Kalamkari master artisans since 1984.,https://www.kailash-kalamkari.com/?department=saree&product=srikalahasthi-pen-kalamkari-pure-crape-silk-CPCS248,https://lh3.googleusercontent.com/d/=w1200,in_stock,13500 INR,Kailash Kalamkari,new,2271,Apparel & Accessories > Clothing > Traditional Clothing > Pen Kalamkari Sarees
CPCS249,Kailash Kalamkari Srikalahasthi Pen Kalamkari Hand-Painted Pure Crape Silk Saree - CPCS249,Authentic hand-painted Srikalahasthi (Srikalahasti) Pen Kalamkari Pure Crape Silk Saree (Code: CPCS249). 100% natural organic vegetable dyes hand-drawn using traditional tamarind twig pens directly from Kailash Kalamkari master artisans since 1984.,https://www.kailash-kalamkari.com/?department=saree&product=srikalahasthi-pen-kalamkari-pure-crape-silk-CPCS249,https://lh3.googleusercontent.com/d/=w1200,in_stock,13500 INR,Kailash Kalamkari,new,2271,Apparel & Accessories > Clothing > Traditional Clothing > Pen Kalamkari Sarees
CPCS250,Kailash Kalamkari Srikalahasthi Pen Kalamkari Hand-Painted Pure Crape Silk Saree - CPCS250,Authentic hand-painted Srikalahasthi (Srikalahasti) Pen Kalamkari Pure Crape Silk Saree (Code: CPCS250). 100% natural organic vegetable dyes hand-drawn using traditional tamarind twig pens directly from Kailash Kalamkari master artisans since 1984.,https://www.kailash-kalamkari.com/?department=saree&product=srikalahasthi-pen-kalamkari-pure-crape-silk-CPCS250,https://lh3.googleusercontent.com/d/=w1200,in_stock,13500 INR,Kailash Kalamkari,new,2271,Apparel & Accessories > Clothing > Traditional Clothing > Pen Kalamkari Sarees
CPCS251,Kailash Kalamkari Srikalahasthi Pen Kalamkari Hand-Painted Pure Crape Silk Saree - CPCS251,Authentic hand-painted Srikalahasthi (Srikalahasti) Pen Kalamkari Pure Crape Silk Saree (Code: CPCS251). 100% natural organic vegetable dyes hand-drawn using traditional tamarind twig pens directly from Kailash Kalamkari master artisans since 1984.,https://www.kailash-kalamkari.com/?department=saree&product=srikalahasthi-pen-kalamkari-pure-crape-silk-CPCS251,https://lh3.googleusercontent.com/d/=w1200,in_stock,13500 INR,Kailash Kalamkari,new,2271,Apparel & Accessories > Clothing > Traditional Clothing > Pen Kalamkari Sarees
CPCS252,Kailash Kalamkari Srikalahasthi Pen Kalamkari Hand-Painted Pure Crape Silk Saree - CPCS252,Authentic hand-painted Srikalahasthi (Srikalahasti) Pen Kalamkari Pure Crape Silk Saree (Code: CPCS252). 100% natural organic vegetable dyes hand-drawn using traditional tamarind twig pens directly from Kailash Kalamkari master artisans since 1984.,https://www.kailash-kalamkari.com/?department=saree&product=srikalahasthi-pen-kalamkari-pure-crape-silk-CPCS252,https://lh3.googleusercontent.com/d/=w1200,in_stock,13500 INR,Kailash Kalamkari,new,2271,Apparel & Accessories > Clothing > Traditional Clothing > Pen Kalamkari Sarees
CPCS253,Kailash Kalamkari Srikalahasthi Pen Kalamkari Hand-Painted Pure Crape Silk Saree - CPCS253,Authentic hand-painted Srikalahasthi (Srikalahasti) Pen Kalamkari Pure Crape Silk Saree (Code: CPCS253). 100% natural organic vegetable dyes hand-drawn using traditional tamarind twig pens directly from Kailash Kalamkari master artisans since 1984.,https://www.kailash-kalamkari.com/?department=saree&product=srikalahasthi-pen-kalamkari-pure-crape-silk-CPCS253,https://lh3.googleusercontent.com/d/=w1200,in_stock,13500 INR,Kailash Kalamkari,new,2271,Apparel & Accessories > Clothing > Traditional Clothing > Pen Kalamkari Sarees
CPCS254,Kailash Kalamkari Srikalahasthi Pen Kalamkari Hand-Painted Pure Crape Silk Saree - CPCS254,Authentic hand-painted Srikalahasthi (Srikalahasti) Pen Kalamkari Pure Crape Silk Saree (Code: CPCS254). 100% natural organic vegetable dyes hand-drawn using traditional tamarind twig pens directly from Kailash Kalamkari master artisans since 1984.,https://www.kailash-kalamkari.com/?department=saree&product=srikalahasthi-pen-kalamkari-pure-crape-silk-CPCS254,https://lh3.googleusercontent.com/d/=w1200,in_stock,13500 INR,Kailash Kalamkari,new,2271,Apparel & Accessories > Clothing > Traditional Clothing > Pen Kalamkari Sarees
CBWD228,Kailash Kalamkari Srikalahasthi Pen Kalamkari Hand-Painted Bangalore Silk black&white Dupatta - CBWD228,Authentic hand-painted Srikalahasthi (Srikalahasti) Pen Kalamkari Bangalore Silk black&white Dupatta (Code: CBWD228). 100% natural organic vegetable dyes hand-drawn using traditional tamarind twig pens directly from Kailash Kalamkari master artisans since 1984.,https://www.kailash-kalamkari.com/?department=dupatta&product=srikalahasthi-pen-kalamkari-bangalore-silk-black-white-CBWD228,https://lh3.googleusercontent.com/d/=w1200,in_stock,1100 INR,Kailash Kalamkari,new,212,Apparel & Accessories > Clothing > Traditional Clothing > Pen Kalamkari Dupattas
CBWD229,Kailash Kalamkari Srikalahasthi Pen Kalamkari Hand-Painted Bangalore Silk black&white Dupatta - CBWD229,Authentic hand-painted Srikalahasthi (Srikalahasti) Pen Kalamkari Bangalore Silk black&white Dupatta (Code: CBWD229). 100% natural organic vegetable dyes hand-drawn using traditional tamarind twig pens directly from Kailash Kalamkari master artisans since 1984.,https://www.kailash-kalamkari.com/?department=dupatta&product=srikalahasthi-pen-kalamkari-bangalore-silk-black-white-CBWD229,https://lh3.googleusercontent.com/d/=w1200,in_stock,1100 INR,Kailash Kalamkari,new,212,Apparel & Accessories > Clothing > Traditional Clothing > Pen Kalamkari Dupattas
CBWD230,Kailash Kalamkari Srikalahasthi Pen Kalamkari Hand-Painted Bangalore Silk black&white Dupatta - CBWD230,Authentic hand-painted Srikalahasthi (Srikalahasti) Pen Kalamkari Bangalore Silk black&white Dupatta (Code: CBWD230). 100% natural organic vegetable dyes hand-drawn using traditional tamarind twig pens directly from Kailash Kalamkari master artisans since 1984.,https://www.kailash-kalamkari.com/?department=dupatta&product=srikalahasthi-pen-kalamkari-bangalore-silk-black-white-CBWD230,https://lh3.googleusercontent.com/d/=w1200,in_stock,1100 INR,Kailash Kalamkari,new,212,Apparel & Accessories > Clothing > Traditional Clothing > Pen Kalamkari Dupattas
CBWD231,Kailash Kalamkari Srikalahasthi Pen Kalamkari Hand-Painted Bangalore Silk black&white Dupatta - CBWD231,Authentic hand-painted Srikalahasthi (Srikalahasti) Pen Kalamkari Bangalore Silk black&white Dupatta (Code: CBWD231). 100% natural organic vegetable dyes hand-drawn using traditional tamarind twig pens directly from Kailash Kalamkari master artisans since 1984.,https://www.kailash-kalamkari.com/?department=dupatta&product=srikalahasthi-pen-kalamkari-bangalore-silk-black-white-CBWD231,https://lh3.googleusercontent.com/d/=w1200,in_stock,1100 INR,Kailash Kalamkari,new,212,Apparel & Accessories > Clothing > Traditional Clothing > Pen Kalamkari Dupattas
CBWD200,Kailash Kalamkari Srikalahasthi Pen Kalamkari Hand-Painted Bangalore Silk black&white Dupatta - CBWD200,Authentic hand-painted Srikalahasthi (Srikalahasti) Pen Kalamkari Bangalore Silk black&white Dupatta (Code: CBWD200). 100% natural organic vegetable dyes hand-drawn using traditional tamarind twig pens directly from Kailash Kalamkari master artisans since 1984.,https://www.kailash-kalamkari.com/?department=dupatta&product=srikalahasthi-pen-kalamkari-bangalore-silk-black-white-CBWD200,https://lh3.googleusercontent.com/d/=w1200,in_stock,1100 INR,Kailash Kalamkari,new,212,Apparel & Accessories > Clothing > Traditional Clothing > Pen Kalamkari Dupattas
CBWD201,Kailash Kalamkari Srikalahasthi Pen Kalamkari Hand-Painted Bangalore Silk black&white Dupatta - CBWD201,Authentic hand-painted Srikalahasthi (Srikalahasti) Pen Kalamkari Bangalore Silk black&white Dupatta (Code: CBWD201). 100% natural organic vegetable dyes hand-drawn using traditional tamarind twig pens directly from Kailash Kalamkari master artisans since 1984.,https://www.kailash-kalamkari.com/?department=dupatta&product=srikalahasthi-pen-kalamkari-bangalore-silk-black-white-CBWD201,https://lh3.googleusercontent.com/d/=w1200,in_stock,1100 INR,Kailash Kalamkari,new,212,Apparel & Accessories > Clothing > Traditional Clothing > Pen Kalamkari Dupattas
CBWD202,Kailash Kalamkari Srikalahasthi Pen Kalamkari Hand-Painted Bangalore Silk black&white Dupatta - CBWD202,Authentic hand-painted Srikalahasthi (Srikalahasti) Pen Kalamkari Bangalore Silk black&white Dupatta (Code: CBWD202). 100% natural organic vegetable dyes hand-drawn using traditional tamarind twig pens directly from Kailash Kalamkari master artisans since 1984.,https://www.kailash-kalamkari.com/?department=dupatta&product=srikalahasthi-pen-kalamkari-bangalore-silk-black-white-CBWD202,https://lh3.googleusercontent.com/d/=w1200,in_stock,1100 INR,Kailash Kalamkari,new,212,Apparel & Accessories > Clothing > Traditional Clothing > Pen Kalamkari Dupattas
CBWD205,Kailash Kalamkari Srikalahasthi Pen Kalamkari Hand-Painted Bangalore Silk black&white Dupatta - CBWD205,Authentic hand-painted Srikalahasthi (Srikalahasti) Pen Kalamkari Bangalore Silk black&white Dupatta (Code: CBWD205). 100% natural organic vegetable dyes hand-drawn using traditional tamarind twig pens directly from Kailash Kalamkari master artisans since 1984.,https://www.kailash-kalamkari.com/?department=dupatta&product=srikalahasthi-pen-kalamkari-bangalore-silk-black-white-CBWD205,https://lh3.googleusercontent.com/d/=w1200,in_stock,1100 INR,Kailash Kalamkari,new,212,Apparel & Accessories > Clothing > Traditional Clothing > Pen Kalamkari Dupattas
CBWD206,Kailash Kalamkari Srikalahasthi Pen Kalamkari Hand-Painted Bangalore Silk black&white Dupatta - CBWD206,Authentic hand-painted Srikalahasthi (Srikalahasti) Pen Kalamkari Bangalore Silk black&white Dupatta (Code: CBWD206). 100% natural organic vegetable dyes hand-drawn using traditional tamarind twig pens directly from Kailash Kalamkari master artisans since 1984.,https://www.kailash-kalamkari.com/?department=dupatta&product=srikalahasthi-pen-kalamkari-bangalore-silk-black-white-CBWD206,https://lh3.googleusercontent.com/d/=w1200,in_stock,1100 INR,Kailash Kalamkari,new,212,Apparel & Accessories > Clothing > Traditional Clothing > Pen Kalamkari Dupattas
CBWD207,Kailash Kalamkari Srikalahasthi Pen Kalamkari Hand-Painted Bangalore Silk black&white Dupatta - CBWD207,Authentic hand-painted Srikalahasthi (Srikalahasti) Pen Kalamkari Bangalore Silk black&white Dupatta (Code: CBWD207). 100% natural organic vegetable dyes hand-drawn using traditional tamarind twig pens directly from Kailash Kalamkari master artisans since 1984.,https://www.kailash-kalamkari.com/?department=dupatta&product=srikalahasthi-pen-kalamkari-bangalore-silk-black-white-CBWD207,https://lh3.googleusercontent.com/d/=w1200,in_stock,1100 INR,Kailash Kalamkari,new,212,Apparel & Accessories > Clothing > Traditional Clothing > Pen Kalamkari Dupattas
CBWD208,Kailash Kalamkari Srikalahasthi Pen Kalamkari Hand-Painted Bangalore Silk black&white Dupatta - CBWD208,Authentic hand-painted Srikalahasthi (Srikalahasti) Pen Kalamkari Bangalore Silk black&white Dupatta (Code: CBWD208). 100% natural organic vegetable dyes hand-drawn using traditional tamarind twig pens directly from Kailash Kalamkari master artisans since 1984.,https://www.kailash-kalamkari.com/?department=dupatta&product=srikalahasthi-pen-kalamkari-bangalore-silk-black-white-CBWD208,https://lh3.googleusercontent.com/d/=w1200,in_stock,1100 INR,Kailash Kalamkari,new,212,Apparel & Accessories > Clothing > Traditional Clothing > Pen Kalamkari Dupattas
CBWD209,Kailash Kalamkari Srikalahasthi Pen Kalamkari Hand-Painted Bangalore Silk black&white Dupatta - CBWD209,Authentic hand-painted Srikalahasthi (Srikalahasti) Pen Kalamkari Bangalore Silk black&white Dupatta (Code: CBWD209). 100% natural organic vegetable dyes hand-drawn using traditional tamarind twig pens directly from Kailash Kalamkari master artisans since 1984.,https://www.kailash-kalamkari.com/?department=dupatta&product=srikalahasthi-pen-kalamkari-bangalore-silk-black-white-CBWD209,https://lh3.googleusercontent.com/d/=w1200,in_stock,1100 INR,Kailash Kalamkari,new,212,Apparel & Accessories > Clothing > Traditional Clothing > Pen Kalamkari Dupattas
CBWD210,Kailash Kalamkari Srikalahasthi Pen Kalamkari Hand-Painted Bangalore Silk black&white Dupatta - CBWD210,Authentic hand-painted Srikalahasthi (Srikalahasti) Pen Kalamkari Bangalore Silk black&white Dupatta (Code: CBWD210). 100% natural organic vegetable dyes hand-drawn using traditional tamarind twig pens directly from Kailash Kalamkari master artisans since 1984.,https://www.kailash-kalamkari.com/?department=dupatta&product=srikalahasthi-pen-kalamkari-bangalore-silk-black-white-CBWD210,https://lh3.googleusercontent.com/d/=w1200,in_stock,1100 INR,Kailash Kalamkari,new,212,Apparel & Accessories > Clothing > Traditional Clothing > Pen Kalamkari Dupattas
CBWD211,Kailash Kalamkari Srikalahasthi Pen Kalamkari Hand-Painted Bangalore Silk black&white Dupatta - CBWD211,Authentic hand-painted Srikalahasthi (Srikalahasti) Pen Kalamkari Bangalore Silk black&white Dupatta (Code: CBWD211). 100% natural organic vegetable dyes hand-drawn using traditional tamarind twig pens directly from Kailash Kalamkari master artisans since 1984.,https://www.kailash-kalamkari.com/?department=dupatta&product=srikalahasthi-pen-kalamkari-bangalore-silk-black-white-CBWD211,https://lh3.googleusercontent.com/d/=w1200,in_stock,1100 INR,Kailash Kalamkari,new,212,Apparel & Accessories > Clothing > Traditional Clothing > Pen Kalamkari Dupattas
CBWD212,Kailash Kalamkari Srikalahasthi Pen Kalamkari Hand-Painted Bangalore Silk black&white Dupatta - CBWD212,Authentic hand-painted Srikalahasthi (Srikalahasti) Pen Kalamkari Bangalore Silk black&white Dupatta (Code: CBWD212). 100% natural organic vegetable dyes hand-drawn using traditional tamarind twig pens directly from Kailash Kalamkari master artisans since 1984.,https://www.kailash-kalamkari.com/?department=dupatta&product=srikalahasthi-pen-kalamkari-bangalore-silk-black-white-CBWD212,https://lh3.googleusercontent.com/d/=w1200,in_stock,1100 INR,Kailash Kalamkari,new,212,Apparel & Accessories > Clothing > Traditional Clothing > Pen Kalamkari Dupattas
CBWD213,Kailash Kalamkari Srikalahasthi Pen Kalamkari Hand-Painted Bangalore Silk black&white Dupatta - CBWD213,Authentic hand-painted Srikalahasthi (Srikalahasti) Pen Kalamkari Bangalore Silk black&white Dupatta (Code: CBWD213). 100% natural organic vegetable dyes hand-drawn using traditional tamarind twig pens directly from Kailash Kalamkari master artisans since 1984.,https://www.kailash-kalamkari.com/?department=dupatta&product=srikalahasthi-pen-kalamkari-bangalore-silk-black-white-CBWD213,https://lh3.googleusercontent.com/d/=w1200,in_stock,1100 INR,Kailash Kalamkari,new,212,Apparel & Accessories > Clothing > Traditional Clothing > Pen Kalamkari Dupattas
CBWD214,Kailash Kalamkari Srikalahasthi Pen Kalamkari Hand-Painted Bangalore Silk black&white Dupatta - CBWD214,Authentic hand-painted Srikalahasthi (Srikalahasti) Pen Kalamkari Bangalore Silk black&white Dupatta (Code: CBWD214). 100% natural organic vegetable dyes hand-drawn using traditional tamarind twig pens directly from Kailash Kalamkari master artisans since 1984.,https://www.kailash-kalamkari.com/?department=dupatta&product=srikalahasthi-pen-kalamkari-bangalore-silk-black-white-CBWD214,https://lh3.googleusercontent.com/d/=w1200,in_stock,1100 INR,Kailash Kalamkari,new,212,Apparel & Accessories > Clothing > Traditional Clothing > Pen Kalamkari Dupattas
CBWD215,Kailash Kalamkari Srikalahasthi Pen Kalamkari Hand-Painted Bangalore Silk black&white Dupatta - CBWD215,Authentic hand-painted Srikalahasthi (Srikalahasti) Pen Kalamkari Bangalore Silk black&white Dupatta (Code: CBWD215). 100% natural organic vegetable dyes hand-drawn using traditional tamarind twig pens directly from Kailash Kalamkari master artisans since 1984.,https://www.kailash-kalamkari.com/?department=dupatta&product=srikalahasthi-pen-kalamkari-bangalore-silk-black-white-CBWD215,https://lh3.googleusercontent.com/d/=w1200,in_stock,1100 INR,Kailash Kalamkari,new,212,Apparel & Accessories > Clothing > Traditional Clothing > Pen Kalamkari Dupattas
CBWD216,Kailash Kalamkari Srikalahasthi Pen Kalamkari Hand-Painted Bangalore Silk black&white Dupatta - CBWD216,Authentic hand-painted Srikalahasthi (Srikalahasti) Pen Kalamkari Bangalore Silk black&white Dupatta (Code: CBWD216). 100% natural organic vegetable dyes hand-drawn using traditional tamarind twig pens directly from Kailash Kalamkari master artisans since 1984.,https://www.kailash-kalamkari.com/?department=dupatta&product=srikalahasthi-pen-kalamkari-bangalore-silk-black-white-CBWD216,https://lh3.googleusercontent.com/d/=w1200,in_stock,1100 INR,Kailash Kalamkari,new,212,Apparel & Accessories > Clothing > Traditional Clothing > Pen Kalamkari Dupattas
CBWD217,Kailash Kalamkari Srikalahasthi Pen Kalamkari Hand-Painted Bangalore Silk black&white Dupatta - CBWD217,Authentic hand-painted Srikalahasthi (Srikalahasti) Pen Kalamkari Bangalore Silk black&white Dupatta (Code: CBWD217). 100% natural organic vegetable dyes hand-drawn using traditional tamarind twig pens directly from Kailash Kalamkari master artisans since 1984.,https://www.kailash-kalamkari.com/?department=dupatta&product=srikalahasthi-pen-kalamkari-bangalore-silk-black-white-CBWD217,https://lh3.googleusercontent.com/d/=w1200,in_stock,1100 INR,Kailash Kalamkari,new,212,Apparel & Accessories > Clothing > Traditional Clothing > Pen Kalamkari Dupattas
CBWD218,Kailash Kalamkari Srikalahasthi Pen Kalamkari Hand-Painted Bangalore Silk black&white Dupatta - CBWD218,Authentic hand-painted Srikalahasthi (Srikalahasti) Pen Kalamkari Bangalore Silk black&white Dupatta (Code: CBWD218). 100% natural organic vegetable dyes hand-drawn using traditional tamarind twig pens directly from Kailash Kalamkari master artisans since 1984.,https://www.kailash-kalamkari.com/?department=dupatta&product=srikalahasthi-pen-kalamkari-bangalore-silk-black-white-CBWD218,https://lh3.googleusercontent.com/d/=w1200,in_stock,1100 INR,Kailash Kalamkari,new,212,Apparel & Accessories > Clothing > Traditional Clothing > Pen Kalamkari Dupattas
CBWD219,Kailash Kalamkari Srikalahasthi Pen Kalamkari Hand-Painted Bangalore Silk black&white Dupatta - CBWD219,Authentic hand-painted Srikalahasthi (Srikalahasti) Pen Kalamkari Bangalore Silk black&white Dupatta (Code: CBWD219). 100% natural organic vegetable dyes hand-drawn using traditional tamarind twig pens directly from Kailash Kalamkari master artisans since 1984.,https://www.kailash-kalamkari.com/?department=dupatta&product=srikalahasthi-pen-kalamkari-bangalore-silk-black-white-CBWD219,https://lh3.googleusercontent.com/d/=w1200,in_stock,1100 INR,Kailash Kalamkari,new,212,Apparel & Accessories > Clothing > Traditional Clothing > Pen Kalamkari Dupattas
CBWD221,Kailash Kalamkari Srikalahasthi Pen Kalamkari Hand-Painted Bangalore Silk black&white Dupatta - CBWD221,Authentic hand-painted Srikalahasthi (Srikalahasti) Pen Kalamkari Bangalore Silk black&white Dupatta (Code: CBWD221). 100% natural organic vegetable dyes hand-drawn using traditional tamarind twig pens directly from Kailash Kalamkari master artisans since 1984.,https://www.kailash-kalamkari.com/?department=dupatta&product=srikalahasthi-pen-kalamkari-bangalore-silk-black-white-CBWD221,https://lh3.googleusercontent.com/d/=w1200,in_stock,1100 INR,Kailash Kalamkari,new,212,Apparel & Accessories > Clothing > Traditional Clothing > Pen Kalamkari Dupattas
CBWD222,Kailash Kalamkari Srikalahasthi Pen Kalamkari Hand-Painted Bangalore Silk black&white Dupatta - CBWD222,Authentic hand-painted Srikalahasthi (Srikalahasti) Pen Kalamkari Bangalore Silk black&white Dupatta (Code: CBWD222). 100% natural organic vegetable dyes hand-drawn using traditional tamarind twig pens directly from Kailash Kalamkari master artisans since 1984.,https://www.kailash-kalamkari.com/?department=dupatta&product=srikalahasthi-pen-kalamkari-bangalore-silk-black-white-CBWD222,https://lh3.googleusercontent.com/d/=w1200,in_stock,1100 INR,Kailash Kalamkari,new,212,Apparel & Accessories > Clothing > Traditional Clothing > Pen Kalamkari Dupattas
CBWD224,Kailash Kalamkari Srikalahasthi Pen Kalamkari Hand-Painted Bangalore Silk black&white Dupatta - CBWD224,Authentic hand-painted Srikalahasthi (Srikalahasti) Pen Kalamkari Bangalore Silk black&white Dupatta (Code: CBWD224). 100% natural organic vegetable dyes hand-drawn using traditional tamarind twig pens directly from Kailash Kalamkari master artisans since 1984.,https://www.kailash-kalamkari.com/?department=dupatta&product=srikalahasthi-pen-kalamkari-bangalore-silk-black-white-CBWD224,https://lh3.googleusercontent.com/d/=w1200,in_stock,1100 INR,Kailash Kalamkari,new,212,Apparel & Accessories > Clothing > Traditional Clothing > Pen Kalamkari Dupattas
CBWD225,Kailash Kalamkari Srikalahasthi Pen Kalamkari Hand-Painted Bangalore Silk black&white Dupatta - CBWD225,Authentic hand-painted Srikalahasthi (Srikalahasti) Pen Kalamkari Bangalore Silk black&white Dupatta (Code: CBWD225). 100% natural organic vegetable dyes hand-drawn using traditional tamarind twig pens directly from Kailash Kalamkari master artisans since 1984.,https://www.kailash-kalamkari.com/?department=dupatta&product=srikalahasthi-pen-kalamkari-bangalore-silk-black-white-CBWD225,https://lh3.googleusercontent.com/d/=w1200,in_stock,1100 INR,Kailash Kalamkari,new,212,Apparel & Accessories > Clothing > Traditional Clothing > Pen Kalamkari Dupattas
CBWD226,Kailash Kalamkari Srikalahasthi Pen Kalamkari Hand-Painted Bangalore Silk black&white Dupatta - CBWD226,Authentic hand-painted Srikalahasthi (Srikalahasti) Pen Kalamkari Bangalore Silk black&white Dupatta (Code: CBWD226). 100% natural organic vegetable dyes hand-drawn using traditional tamarind twig pens directly from Kailash Kalamkari master artisans since 1984.,https://www.kailash-kalamkari.com/?department=dupatta&product=srikalahasthi-pen-kalamkari-bangalore-silk-black-white-CBWD226,https://lh3.googleusercontent.com/d/=w1200,in_stock,1100 INR,Kailash Kalamkari,new,212,Apparel & Accessories > Clothing > Traditional Clothing > Pen Kalamkari Dupattas
CBWD227,Kailash Kalamkari Srikalahasthi Pen Kalamkari Hand-Painted Bangalore Silk black&white Dupatta - CBWD227,Authentic hand-painted Srikalahasthi (Srikalahasti) Pen Kalamkari Bangalore Silk black&white Dupatta (Code: CBWD227). 100% natural organic vegetable dyes hand-drawn using traditional tamarind twig pens directly from Kailash Kalamkari master artisans since 1984.,https://www.kailash-kalamkari.com/?department=dupatta&product=srikalahasthi-pen-kalamkari-bangalore-silk-black-white-CBWD227,https://lh3.googleusercontent.com/d/=w1200,in_stock,1100 INR,Kailash Kalamkari,new,212,Apparel & Accessories > Clothing > Traditional Clothing > Pen Kalamkari Dupattas
CCOT061,Kailash Kalamkari Srikalahasthi Pen Kalamkari Hand-Painted Cotton Colour Saree - CCOT061,Authentic hand-painted Srikalahasthi (Srikalahasti) Pen Kalamkari Cotton Colour Saree (Code: CCOT061). 100% natural organic vegetable dyes hand-drawn using traditional tamarind twig pens directly from Kailash Kalamkari master artisans since 1984.,https://www.kailash-kalamkari.com/?department=saree&product=srikalahasthi-pen-kalamkari-cotton-colour-CCOT061,https://lh3.googleusercontent.com/d/=w1200,in_stock,7500 INR,Kailash Kalamkari,new,2271,Apparel & Accessories > Clothing > Traditional Clothing > Pen Kalamkari Sarees
CCOT060,Kailash Kalamkari Srikalahasthi Pen Kalamkari Hand-Painted Cotton Colour Saree - CCOT060,Authentic hand-painted Srikalahasthi (Srikalahasti) Pen Kalamkari Cotton Colour Saree (Code: CCOT060). 100% natural organic vegetable dyes hand-drawn using traditional tamarind twig pens directly from Kailash Kalamkari master artisans since 1984.,https://www.kailash-kalamkari.com/?department=saree&product=srikalahasthi-pen-kalamkari-cotton-colour-CCOT060,https://lh3.googleusercontent.com/d/=w1200,in_stock,7500 INR,Kailash Kalamkari,new,2271,Apparel & Accessories > Clothing > Traditional Clothing > Pen Kalamkari Sarees
DPPS001,Kailash Kalamkari Srikalahasthi Pen Kalamkari Hand-Painted Pure Patola Silk Saree - DPPS001,Authentic hand-painted Srikalahasthi (Srikalahasti) Pen Kalamkari Pure Patola Silk Saree (Code: DPPS001). 100% natural organic vegetable dyes hand-drawn using traditional tamarind twig pens directly from Kailash Kalamkari master artisans since 1984.,https://www.kailash-kalamkari.com/?department=saree&product=srikalahasthi-pen-kalamkari-pure-patola-silk-DPPS001,https://lh3.googleusercontent.com/d/=w1200,in_stock,31500 INR,Kailash Kalamkari,new,2271,Apparel & Accessories > Clothing > Traditional Clothing > Pen Kalamkari Sarees
DPAT002,Kailash Kalamkari Srikalahasthi Pen Kalamkari Hand-Painted Pure Patola Silk Saree - DPAT002,Authentic hand-painted Srikalahasthi (Srikalahasti) Pen Kalamkari Pure Patola Silk Saree (Code: DPAT002). 100% natural organic vegetable dyes hand-drawn using traditional tamarind twig pens directly from Kailash Kalamkari master artisans since 1984.,https://www.kailash-kalamkari.com/?department=saree&product=srikalahasthi-pen-kalamkari-pure-patola-silk-DPAT002,https://lh3.googleusercontent.com/d/=w1200,in_stock,31500 INR,Kailash Kalamkari,new,2271,Apparel & Accessories > Clothing > Traditional Clothing > Pen Kalamkari Sarees
DPAT001,Kailash Kalamkari Srikalahasthi Pen Kalamkari Hand-Painted Pure Patola Silk Saree - DPAT001,Authentic hand-painted Srikalahasthi (Srikalahasti) Pen Kalamkari Pure Patola Silk Saree (Code: DPAT001). 100% natural organic vegetable dyes hand-drawn using traditional tamarind twig pens directly from Kailash Kalamkari master artisans since 1984.,https://www.kailash-kalamkari.com/?department=saree&product=srikalahasthi-pen-kalamkari-pure-patola-silk-DPAT001,https://lh3.googleusercontent.com/d/=w1200,in_stock,31500 INR,Kailash Kalamkari,new,2271,Apparel & Accessories > Clothing > Traditional Clothing > Pen Kalamkari Sarees
DCOT029,Kailash Kalamkari Srikalahasthi Pen Kalamkari Hand-Painted Pure Cotton Black&white Dupatta - DCOT029,Authentic hand-painted Srikalahasthi (Srikalahasti) Pen Kalamkari Pure Cotton Black&white Dupatta (Code: DCOT029). 100% natural organic vegetable dyes hand-drawn using traditional tamarind twig pens directly from Kailash Kalamkari master artisans since 1984.,https://www.kailash-kalamkari.com/?department=dupatta&product=srikalahasthi-pen-kalamkari-pure-cotton-black-white-DCOT029,https://lh3.googleusercontent.com/d/=w1200,in_stock,1200 INR,Kailash Kalamkari,new,212,Apparel & Accessories > Clothing > Traditional Clothing > Pen Kalamkari Dupattas
DCOT030,Kailash Kalamkari Srikalahasthi Pen Kalamkari Hand-Painted Pure Cotton Black&white Dupatta - DCOT030,Authentic hand-painted Srikalahasthi (Srikalahasti) Pen Kalamkari Pure Cotton Black&white Dupatta (Code: DCOT030). 100% natural organic vegetable dyes hand-drawn using traditional tamarind twig pens directly from Kailash Kalamkari master artisans since 1984.,https://www.kailash-kalamkari.com/?department=dupatta&product=srikalahasthi-pen-kalamkari-pure-cotton-black-white-DCOT030,https://lh3.googleusercontent.com/d/=w1200,in_stock,1200 INR,Kailash Kalamkari,new,212,Apparel & Accessories > Clothing > Traditional Clothing > Pen Kalamkari Dupattas
DCOT032,Kailash Kalamkari Srikalahasthi Pen Kalamkari Hand-Painted Pure Cotton Black&white Dupatta - DCOT032,Authentic hand-painted Srikalahasthi (Srikalahasti) Pen Kalamkari Pure Cotton Black&white Dupatta (Code: DCOT032). 100% natural organic vegetable dyes hand-drawn using traditional tamarind twig pens directly from Kailash Kalamkari master artisans since 1984.,https://www.kailash-kalamkari.com/?department=dupatta&product=srikalahasthi-pen-kalamkari-pure-cotton-black-white-DCOT032,https://lh3.googleusercontent.com/d/=w1200,in_stock,1200 INR,Kailash Kalamkari,new,212,Apparel & Accessories > Clothing > Traditional Clothing > Pen Kalamkari Dupattas
DCOT033,Kailash Kalamkari Srikalahasthi Pen Kalamkari Hand-Painted Pure Cotton Black&white Dupatta - DCOT033,Authentic hand-painted Srikalahasthi (Srikalahasti) Pen Kalamkari Pure Cotton Black&white Dupatta (Code: DCOT033). 100% natural organic vegetable dyes hand-drawn using traditional tamarind twig pens directly from Kailash Kalamkari master artisans since 1984.,https://www.kailash-kalamkari.com/?department=dupatta&product=srikalahasthi-pen-kalamkari-pure-cotton-black-white-DCOT033,https://lh3.googleusercontent.com/d/=w1200,in_stock,1200 INR,Kailash Kalamkari,new,212,Apparel & Accessories > Clothing > Traditional Clothing > Pen Kalamkari Dupattas
DCOT018,Kailash Kalamkari Srikalahasthi Pen Kalamkari Hand-Painted Pure Cotton Black&white Dupatta - DCOT018,Authentic hand-painted Srikalahasthi (Srikalahasti) Pen Kalamkari Pure Cotton Black&white Dupatta (Code: DCOT018). 100% natural organic vegetable dyes hand-drawn using traditional tamarind twig pens directly from Kailash Kalamkari master artisans since 1984.,https://www.kailash-kalamkari.com/?department=dupatta&product=srikalahasthi-pen-kalamkari-pure-cotton-black-white-DCOT018,https://lh3.googleusercontent.com/d/=w1200,in_stock,1200 INR,Kailash Kalamkari,new,212,Apparel & Accessories > Clothing > Traditional Clothing > Pen Kalamkari Dupattas
DCOT020,Kailash Kalamkari Srikalahasthi Pen Kalamkari Hand-Painted Pure Cotton Black&white Dupatta - DCOT020,Authentic hand-painted Srikalahasthi (Srikalahasti) Pen Kalamkari Pure Cotton Black&white Dupatta (Code: DCOT020). 100% natural organic vegetable dyes hand-drawn using traditional tamarind twig pens directly from Kailash Kalamkari master artisans since 1984.,https://www.kailash-kalamkari.com/?department=dupatta&product=srikalahasthi-pen-kalamkari-pure-cotton-black-white-DCOT020,https://lh3.googleusercontent.com/d/=w1200,in_stock,1200 INR,Kailash Kalamkari,new,212,Apparel & Accessories > Clothing > Traditional Clothing > Pen Kalamkari Dupattas
DCOT021,Kailash Kalamkari Srikalahasthi Pen Kalamkari Hand-Painted Pure Cotton Black&white Dupatta - DCOT021,Authentic hand-painted Srikalahasthi (Srikalahasti) Pen Kalamkari Pure Cotton Black&white Dupatta (Code: DCOT021). 100% natural organic vegetable dyes hand-drawn using traditional tamarind twig pens directly from Kailash Kalamkari master artisans since 1984.,https://www.kailash-kalamkari.com/?department=dupatta&product=srikalahasthi-pen-kalamkari-pure-cotton-black-white-DCOT021,https://lh3.googleusercontent.com/d/=w1200,in_stock,1200 INR,Kailash Kalamkari,new,212,Apparel & Accessories > Clothing > Traditional Clothing > Pen Kalamkari Dupattas
DCOT022,Kailash Kalamkari Srikalahasthi Pen Kalamkari Hand-Painted Pure Cotton Black&white Dupatta - DCOT022,Authentic hand-painted Srikalahasthi (Srikalahasti) Pen Kalamkari Pure Cotton Black&white Dupatta (Code: DCOT022). 100% natural organic vegetable dyes hand-drawn using traditional tamarind twig pens directly from Kailash Kalamkari master artisans since 1984.,https://www.kailash-kalamkari.com/?department=dupatta&product=srikalahasthi-pen-kalamkari-pure-cotton-black-white-DCOT022,https://lh3.googleusercontent.com/d/=w1200,in_stock,1200 INR,Kailash Kalamkari,new,212,Apparel & Accessories > Clothing > Traditional Clothing > Pen Kalamkari Dupattas
DCOT023,Kailash Kalamkari Srikalahasthi Pen Kalamkari Hand-Painted Pure Cotton Black&white Dupatta - DCOT023,Authentic hand-painted Srikalahasthi (Srikalahasti) Pen Kalamkari Pure Cotton Black&white Dupatta (Code: DCOT023). 100% natural organic vegetable dyes hand-drawn using traditional tamarind twig pens directly from Kailash Kalamkari master artisans since 1984.,https://www.kailash-kalamkari.com/?department=dupatta&product=srikalahasthi-pen-kalamkari-pure-cotton-black-white-DCOT023,https://lh3.googleusercontent.com/d/=w1200,in_stock,1200 INR,Kailash Kalamkari,new,212,Apparel & Accessories > Clothing > Traditional Clothing > Pen Kalamkari Dupattas
DCOT024,Kailash Kalamkari Srikalahasthi Pen Kalamkari Hand-Painted Pure Cotton Black&white Dupatta - DCOT024,Authentic hand-painted Srikalahasthi (Srikalahasti) Pen Kalamkari Pure Cotton Black&white Dupatta (Code: DCOT024). 100% natural organic vegetable dyes hand-drawn using traditional tamarind twig pens directly from Kailash Kalamkari master artisans since 1984.,https://www.kailash-kalamkari.com/?department=dupatta&product=srikalahasthi-pen-kalamkari-pure-cotton-black-white-DCOT024,https://lh3.googleusercontent.com/d/=w1200,in_stock,1200 INR,Kailash Kalamkari,new,212,Apparel & Accessories > Clothing > Traditional Clothing > Pen Kalamkari Dupattas
DPCFD030,Kailash Kalamkari Srikalahasthi Pen Kalamkari Hand-Painted Pure Cotton Multicoloured Dupatta - DPCFD030,Authentic hand-painted Srikalahasthi (Srikalahasti) Pen Kalamkari Pure Cotton Multicoloured Dupatta (Code: DPCFD030). 100% natural organic vegetable dyes hand-drawn using traditional tamarind twig pens directly from Kailash Kalamkari master artisans since 1984.,https://www.kailash-kalamkari.com/?department=dupatta&product=srikalahasthi-pen-kalamkari-pure-cotton-multicoloured-DPCFD030,https://lh3.googleusercontent.com/d/=w1200,in_stock,1500 INR,Kailash Kalamkari,new,212,Apparel & Accessories > Clothing > Traditional Clothing > Pen Kalamkari Dupattas
DCRA042,Kailash Kalamkari Srikalahasthi Pen Kalamkari Hand-Painted Pure Creepe Dupatta - DCRA042,Authentic hand-painted Srikalahasthi (Srikalahasti) Pen Kalamkari Pure Creepe Dupatta (Code: DCRA042). 100% natural organic vegetable dyes hand-drawn using traditional tamarind twig pens directly from Kailash Kalamkari master artisans since 1984.,https://www.kailash-kalamkari.com/?department=dupatta&product=srikalahasthi-pen-kalamkari-pure-creepe-DCRA042,https://lh3.googleusercontent.com/d/=w1200,in_stock,4200 INR,Kailash Kalamkari,new,212,Apparel & Accessories > Clothing > Traditional Clothing > Pen Kalamkari Dupattas
DCRA043,Kailash Kalamkari Srikalahasthi Pen Kalamkari Hand-Painted Pure Creepe Dupatta - DCRA043,Authentic hand-painted Srikalahasthi (Srikalahasti) Pen Kalamkari Pure Creepe Dupatta (Code: DCRA043). 100% natural organic vegetable dyes hand-drawn using traditional tamarind twig pens directly from Kailash Kalamkari master artisans since 1984.,https://www.kailash-kalamkari.com/?department=dupatta&product=srikalahasthi-pen-kalamkari-pure-creepe-DCRA043,https://lh3.googleusercontent.com/d/=w1200,in_stock,4200 INR,Kailash Kalamkari,new,212,Apparel & Accessories > Clothing > Traditional Clothing > Pen Kalamkari Dupattas
DCRA044,Kailash Kalamkari Srikalahasthi Pen Kalamkari Hand-Painted Pure Creepe Dupatta - DCRA044,Authentic hand-painted Srikalahasthi (Srikalahasti) Pen Kalamkari Pure Creepe Dupatta (Code: DCRA044). 100% natural organic vegetable dyes hand-drawn using traditional tamarind twig pens directly from Kailash Kalamkari master artisans since 1984.,https://www.kailash-kalamkari.com/?department=dupatta&product=srikalahasthi-pen-kalamkari-pure-creepe-DCRA044,https://lh3.googleusercontent.com/d/=w1200,in_stock,4200 INR,Kailash Kalamkari,new,212,Apparel & Accessories > Clothing > Traditional Clothing > Pen Kalamkari Dupattas
DCRA045,Kailash Kalamkari Srikalahasthi Pen Kalamkari Hand-Painted Pure Creepe Dupatta - DCRA045,Authentic hand-painted Srikalahasthi (Srikalahasti) Pen Kalamkari Pure Creepe Dupatta (Code: DCRA045). 100% natural organic vegetable dyes hand-drawn using traditional tamarind twig pens directly from Kailash Kalamkari master artisans since 1984.,https://www.kailash-kalamkari.com/?department=dupatta&product=srikalahasthi-pen-kalamkari-pure-creepe-DCRA045,https://lh3.googleusercontent.com/d/=w1200,in_stock,4200 INR,Kailash Kalamkari,new,212,Apparel & Accessories > Clothing > Traditional Clothing > Pen Kalamkari Dupattas
DCRA046,Kailash Kalamkari Srikalahasthi Pen Kalamkari Hand-Painted Pure Creepe Dupatta - DCRA046,Authentic hand-painted Srikalahasthi (Srikalahasti) Pen Kalamkari Pure Creepe Dupatta (Code: DCRA046). 100% natural organic vegetable dyes hand-drawn using traditional tamarind twig pens directly from Kailash Kalamkari master artisans since 1984.,https://www.kailash-kalamkari.com/?department=dupatta&product=srikalahasthi-pen-kalamkari-pure-creepe-DCRA046,https://lh3.googleusercontent.com/d/=w1200,in_stock,4200 INR,Kailash Kalamkari,new,212,Apparel & Accessories > Clothing > Traditional Clothing > Pen Kalamkari Dupattas
DCRA047,Kailash Kalamkari Srikalahasthi Pen Kalamkari Hand-Painted Pure Creepe Dupatta - DCRA047,Authentic hand-painted Srikalahasthi (Srikalahasti) Pen Kalamkari Pure Creepe Dupatta (Code: DCRA047). 100% natural organic vegetable dyes hand-drawn using traditional tamarind twig pens directly from Kailash Kalamkari master artisans since 1984.,https://www.kailash-kalamkari.com/?department=dupatta&product=srikalahasthi-pen-kalamkari-pure-creepe-DCRA047,https://lh3.googleusercontent.com/d/=w1200,in_stock,4200 INR,Kailash Kalamkari,new,212,Apparel & Accessories > Clothing > Traditional Clothing > Pen Kalamkari Dupattas
DCRA048,Kailash Kalamkari Srikalahasthi Pen Kalamkari Hand-Painted Pure Creepe Dupatta - DCRA048,Authentic hand-painted Srikalahasthi (Srikalahasti) Pen Kalamkari Pure Creepe Dupatta (Code: DCRA048). 100% natural organic vegetable dyes hand-drawn using traditional tamarind twig pens directly from Kailash Kalamkari master artisans since 1984.,https://www.kailash-kalamkari.com/?department=dupatta&product=srikalahasthi-pen-kalamkari-pure-creepe-DCRA048,https://lh3.googleusercontent.com/d/=w1200,in_stock,4200 INR,Kailash Kalamkari,new,212,Apparel & Accessories > Clothing > Traditional Clothing > Pen Kalamkari Dupattas
DCRA049,Kailash Kalamkari Srikalahasthi Pen Kalamkari Hand-Painted Pure Creepe Dupatta - DCRA049,Authentic hand-painted Srikalahasthi (Srikalahasti) Pen Kalamkari Pure Creepe Dupatta (Code: DCRA049). 100% natural organic vegetable dyes hand-drawn using traditional tamarind twig pens directly from Kailash Kalamkari master artisans since 1984.,https://www.kailash-kalamkari.com/?department=dupatta&product=srikalahasthi-pen-kalamkari-pure-creepe-DCRA049,https://lh3.googleusercontent.com/d/=w1200,in_stock,4200 INR,Kailash Kalamkari,new,212,Apparel & Accessories > Clothing > Traditional Clothing > Pen Kalamkari Dupattas
DCRA050,Kailash Kalamkari Srikalahasthi Pen Kalamkari Hand-Painted Pure Creepe Dupatta - DCRA050,Authentic hand-painted Srikalahasthi (Srikalahasti) Pen Kalamkari Pure Creepe Dupatta (Code: DCRA050). 100% natural organic vegetable dyes hand-drawn using traditional tamarind twig pens directly from Kailash Kalamkari master artisans since 1984.,https://www.kailash-kalamkari.com/?department=dupatta&product=srikalahasthi-pen-kalamkari-pure-creepe-DCRA050,https://lh3.googleusercontent.com/d/=w1200,in_stock,4200 INR,Kailash Kalamkari,new,212,Apparel & Accessories > Clothing > Traditional Clothing > Pen Kalamkari Dupattas
DCRA051,Kailash Kalamkari Srikalahasthi Pen Kalamkari Hand-Painted Pure Creepe Dupatta - DCRA051,Authentic hand-painted Srikalahasthi (Srikalahasti) Pen Kalamkari Pure Creepe Dupatta (Code: DCRA051). 100% natural organic vegetable dyes hand-drawn using traditional tamarind twig pens directly from Kailash Kalamkari master artisans since 1984.,https://www.kailash-kalamkari.com/?department=dupatta&product=srikalahasthi-pen-kalamkari-pure-creepe-DCRA051,https://lh3.googleusercontent.com/d/=w1200,in_stock,4200 INR,Kailash Kalamkari,new,212,Apparel & Accessories > Clothing > Traditional Clothing > Pen Kalamkari Dupattas
DCRA052,Kailash Kalamkari Srikalahasthi Pen Kalamkari Hand-Painted Pure Creepe Dupatta - DCRA052,Authentic hand-painted Srikalahasthi (Srikalahasti) Pen Kalamkari Pure Creepe Dupatta (Code: DCRA052). 100% natural organic vegetable dyes hand-drawn using traditional tamarind twig pens directly from Kailash Kalamkari master artisans since 1984.,https://www.kailash-kalamkari.com/?department=dupatta&product=srikalahasthi-pen-kalamkari-pure-creepe-DCRA052,https://lh3.googleusercontent.com/d/=w1200,in_stock,4200 INR,Kailash Kalamkari,new,212,Apparel & Accessories > Clothing > Traditional Clothing > Pen Kalamkari Dupattas
DCRA053,Kailash Kalamkari Srikalahasthi Pen Kalamkari Hand-Painted Pure Creepe Dupatta - DCRA053,Authentic hand-painted Srikalahasthi (Srikalahasti) Pen Kalamkari Pure Creepe Dupatta (Code: DCRA053). 100% natural organic vegetable dyes hand-drawn using traditional tamarind twig pens directly from Kailash Kalamkari master artisans since 1984.,https://www.kailash-kalamkari.com/?department=dupatta&product=srikalahasthi-pen-kalamkari-pure-creepe-DCRA053,https://lh3.googleusercontent.com/d/=w1200,in_stock,4200 INR,Kailash Kalamkari,new,212,Apparel & Accessories > Clothing > Traditional Clothing > Pen Kalamkari Dupattas
DCRA054,Kailash Kalamkari Srikalahasthi Pen Kalamkari Hand-Painted Pure Creepe Dupatta - DCRA054,Authentic hand-painted Srikalahasthi (Srikalahasti) Pen Kalamkari Pure Creepe Dupatta (Code: DCRA054). 100% natural organic vegetable dyes hand-drawn using traditional tamarind twig pens directly from Kailash Kalamkari master artisans since 1984.,https://www.kailash-kalamkari.com/?department=dupatta&product=srikalahasthi-pen-kalamkari-pure-creepe-DCRA054,https://lh3.googleusercontent.com/d/=w1200,in_stock,4200 INR,Kailash Kalamkari,new,212,Apparel & Accessories > Clothing > Traditional Clothing > Pen Kalamkari Dupattas
DCRA055,Kailash Kalamkari Srikalahasthi Pen Kalamkari Hand-Painted Pure Creepe Dupatta - DCRA055,Authentic hand-painted Srikalahasthi (Srikalahasti) Pen Kalamkari Pure Creepe Dupatta (Code: DCRA055). 100% natural organic vegetable dyes hand-drawn using traditional tamarind twig pens directly from Kailash Kalamkari master artisans since 1984.,https://www.kailash-kalamkari.com/?department=dupatta&product=srikalahasthi-pen-kalamkari-pure-creepe-DCRA055,https://lh3.googleusercontent.com/d/=w1200,in_stock,4200 INR,Kailash Kalamkari,new,212,Apparel & Accessories > Clothing > Traditional Clothing > Pen Kalamkari Dupattas
DCRA056,Kailash Kalamkari Srikalahasthi Pen Kalamkari Hand-Painted Pure Creepe Dupatta - DCRA056,Authentic hand-painted Srikalahasthi (Srikalahasti) Pen Kalamkari Pure Creepe Dupatta (Code: DCRA056). 100% natural organic vegetable dyes hand-drawn using traditional tamarind twig pens directly from Kailash Kalamkari master artisans since 1984.,https://www.kailash-kalamkari.com/?department=dupatta&product=srikalahasthi-pen-kalamkari-pure-creepe-DCRA056,https://lh3.googleusercontent.com/d/=w1200,in_stock,4200 INR,Kailash Kalamkari,new,212,Apparel & Accessories > Clothing > Traditional Clothing > Pen Kalamkari Dupattas
DCRA057,Kailash Kalamkari Srikalahasthi Pen Kalamkari Hand-Painted Pure Creepe Dupatta - DCRA057,Authentic hand-painted Srikalahasthi (Srikalahasti) Pen Kalamkari Pure Creepe Dupatta (Code: DCRA057). 100% natural organic vegetable dyes hand-drawn using traditional tamarind twig pens directly from Kailash Kalamkari master artisans since 1984.,https://www.kailash-kalamkari.com/?department=dupatta&product=srikalahasthi-pen-kalamkari-pure-creepe-DCRA057,https://lh3.googleusercontent.com/d/=w1200,in_stock,4200 INR,Kailash Kalamkari,new,212,Apparel & Accessories > Clothing > Traditional Clothing > Pen Kalamkari Dupattas
DCRA058,Kailash Kalamkari Srikalahasthi Pen Kalamkari Hand-Painted Pure Creepe Dupatta - DCRA058,Authentic hand-painted Srikalahasthi (Srikalahasti) Pen Kalamkari Pure Creepe Dupatta (Code: DCRA058). 100% natural organic vegetable dyes hand-drawn using traditional tamarind twig pens directly from Kailash Kalamkari master artisans since 1984.,https://www.kailash-kalamkari.com/?department=dupatta&product=srikalahasthi-pen-kalamkari-pure-creepe-DCRA058,https://lh3.googleusercontent.com/d/=w1200,in_stock,4200 INR,Kailash Kalamkari,new,212,Apparel & Accessories > Clothing > Traditional Clothing > Pen Kalamkari Dupattas
DCRA059,Kailash Kalamkari Srikalahasthi Pen Kalamkari Hand-Painted Pure Creepe Dupatta - DCRA059,Authentic hand-painted Srikalahasthi (Srikalahasti) Pen Kalamkari Pure Creepe Dupatta (Code: DCRA059). 100% natural organic vegetable dyes hand-drawn using traditional tamarind twig pens directly from Kailash Kalamkari master artisans since 1984.,https://www.kailash-kalamkari.com/?department=dupatta&product=srikalahasthi-pen-kalamkari-pure-creepe-DCRA059,https://lh3.googleusercontent.com/d/=w1200,in_stock,4200 INR,Kailash Kalamkari,new,212,Apparel & Accessories > Clothing > Traditional Clothing > Pen Kalamkari Dupattas
DCRA060,Kailash Kalamkari Srikalahasthi Pen Kalamkari Hand-Painted Pure Creepe Dupatta - DCRA060,Authentic hand-painted Srikalahasthi (Srikalahasti) Pen Kalamkari Pure Creepe Dupatta (Code: DCRA060). 100% natural organic vegetable dyes hand-drawn using traditional tamarind twig pens directly from Kailash Kalamkari master artisans since 1984.,https://www.kailash-kalamkari.com/?department=dupatta&product=srikalahasthi-pen-kalamkari-pure-creepe-DCRA060,https://lh3.googleusercontent.com/d/=w1200,in_stock,4200 INR,Kailash Kalamkari,new,212,Apparel & Accessories > Clothing > Traditional Clothing > Pen Kalamkari Dupattas
DCRA061,Kailash Kalamkari Srikalahasthi Pen Kalamkari Hand-Painted Pure Creepe Dupatta - DCRA061,Authentic hand-painted Srikalahasthi (Srikalahasti) Pen Kalamkari Pure Creepe Dupatta (Code: DCRA061). 100% natural organic vegetable dyes hand-drawn using traditional tamarind twig pens directly from Kailash Kalamkari master artisans since 1984.,https://www.kailash-kalamkari.com/?department=dupatta&product=srikalahasthi-pen-kalamkari-pure-creepe-DCRA061,https://lh3.googleusercontent.com/d/=w1200,in_stock,4200 INR,Kailash Kalamkari,new,212,Apparel & Accessories > Clothing > Traditional Clothing > Pen Kalamkari Dupattas
DCRA062,Kailash Kalamkari Srikalahasthi Pen Kalamkari Hand-Painted Pure Creepe Dupatta - DCRA062,Authentic hand-painted Srikalahasthi (Srikalahasti) Pen Kalamkari Pure Creepe Dupatta (Code: DCRA062). 100% natural organic vegetable dyes hand-drawn using traditional tamarind twig pens directly from Kailash Kalamkari master artisans since 1984.,https://www.kailash-kalamkari.com/?department=dupatta&product=srikalahasthi-pen-kalamkari-pure-creepe-DCRA062,https://lh3.googleusercontent.com/d/=w1200,in_stock,4200 INR,Kailash Kalamkari,new,212,Apparel & Accessories > Clothing > Traditional Clothing > Pen Kalamkari Dupattas
DCRA063,Kailash Kalamkari Srikalahasthi Pen Kalamkari Hand-Painted Pure Creepe Dupatta - DCRA063,Authentic hand-painted Srikalahasthi (Srikalahasti) Pen Kalamkari Pure Creepe Dupatta (Code: DCRA063). 100% natural organic vegetable dyes hand-drawn using traditional tamarind twig pens directly from Kailash Kalamkari master artisans since 1984.,https://www.kailash-kalamkari.com/?department=dupatta&product=srikalahasthi-pen-kalamkari-pure-creepe-DCRA063,https://lh3.googleusercontent.com/d/=w1200,in_stock,4200 INR,Kailash Kalamkari,new,212,Apparel & Accessories > Clothing > Traditional Clothing > Pen Kalamkari Dupattas
DCRA064,Kailash Kalamkari Srikalahasthi Pen Kalamkari Hand-Painted Pure Creepe Dupatta - DCRA064,Authentic hand-painted Srikalahasthi (Srikalahasti) Pen Kalamkari Pure Creepe Dupatta (Code: DCRA064). 100% natural organic vegetable dyes hand-drawn using traditional tamarind twig pens directly from Kailash Kalamkari master artisans since 1984.,https://www.kailash-kalamkari.com/?department=dupatta&product=srikalahasthi-pen-kalamkari-pure-creepe-DCRA064,https://lh3.googleusercontent.com/d/=w1200,in_stock,4200 INR,Kailash Kalamkari,new,212,Apparel & Accessories > Clothing > Traditional Clothing > Pen Kalamkari Dupattas
DCRA065,Kailash Kalamkari Srikalahasthi Pen Kalamkari Hand-Painted Pure Creepe Dupatta - DCRA065,Authentic hand-painted Srikalahasthi (Srikalahasti) Pen Kalamkari Pure Creepe Dupatta (Code: DCRA065). 100% natural organic vegetable dyes hand-drawn using traditional tamarind twig pens directly from Kailash Kalamkari master artisans since 1984.,https://www.kailash-kalamkari.com/?department=dupatta&product=srikalahasthi-pen-kalamkari-pure-creepe-DCRA065,https://lh3.googleusercontent.com/d/=w1200,in_stock,4200 INR,Kailash Kalamkari,new,212,Apparel & Accessories > Clothing > Traditional Clothing > Pen Kalamkari Dupattas
DCRA066,Kailash Kalamkari Srikalahasthi Pen Kalamkari Hand-Painted Pure Creepe Dupatta - DCRA066,Authentic hand-painted Srikalahasthi (Srikalahasti) Pen Kalamkari Pure Creepe Dupatta (Code: DCRA066). 100% natural organic vegetable dyes hand-drawn using traditional tamarind twig pens directly from Kailash Kalamkari master artisans since 1984.,https://www.kailash-kalamkari.com/?department=dupatta&product=srikalahasthi-pen-kalamkari-pure-creepe-DCRA066,https://lh3.googleusercontent.com/d/=w1200,in_stock,4200 INR,Kailash Kalamkari,new,212,Apparel & Accessories > Clothing > Traditional Clothing > Pen Kalamkari Dupattas
DCRA067,Kailash Kalamkari Srikalahasthi Pen Kalamkari Hand-Painted Pure Creepe Dupatta - DCRA067,Authentic hand-painted Srikalahasthi (Srikalahasti) Pen Kalamkari Pure Creepe Dupatta (Code: DCRA067). 100% natural organic vegetable dyes hand-drawn using traditional tamarind twig pens directly from Kailash Kalamkari master artisans since 1984.,https://www.kailash-kalamkari.com/?department=dupatta&product=srikalahasthi-pen-kalamkari-pure-creepe-DCRA067,https://lh3.googleusercontent.com/d/=w1200,in_stock,4200 INR,Kailash Kalamkari,new,212,Apparel & Accessories > Clothing > Traditional Clothing > Pen Kalamkari Dupattas
DCRA068,Kailash Kalamkari Srikalahasthi Pen Kalamkari Hand-Painted Pure Creepe Dupatta - DCRA068,Authentic hand-painted Srikalahasthi (Srikalahasti) Pen Kalamkari Pure Creepe Dupatta (Code: DCRA068). 100% natural organic vegetable dyes hand-drawn using traditional tamarind twig pens directly from Kailash Kalamkari master artisans since 1984.,https://www.kailash-kalamkari.com/?department=dupatta&product=srikalahasthi-pen-kalamkari-pure-creepe-DCRA068,https://lh3.googleusercontent.com/d/=w1200,in_stock,4200 INR,Kailash Kalamkari,new,212,Apparel & Accessories > Clothing > Traditional Clothing > Pen Kalamkari Dupattas
DCRA069,Kailash Kalamkari Srikalahasthi Pen Kalamkari Hand-Painted Pure Creepe Dupatta - DCRA069,Authentic hand-painted Srikalahasthi (Srikalahasti) Pen Kalamkari Pure Creepe Dupatta (Code: DCRA069). 100% natural organic vegetable dyes hand-drawn using traditional tamarind twig pens directly from Kailash Kalamkari master artisans since 1984.,https://www.kailash-kalamkari.com/?department=dupatta&product=srikalahasthi-pen-kalamkari-pure-creepe-DCRA069,https://lh3.googleusercontent.com/d/=w1200,in_stock,4200 INR,Kailash Kalamkari,new,212,Apparel & Accessories > Clothing > Traditional Clothing > Pen Kalamkari Dupattas
DCRA070,Kailash Kalamkari Srikalahasthi Pen Kalamkari Hand-Painted Pure Creepe Dupatta - DCRA070,Authentic hand-painted Srikalahasthi (Srikalahasti) Pen Kalamkari Pure Creepe Dupatta (Code: DCRA070). 100% natural organic vegetable dyes hand-drawn using traditional tamarind twig pens directly from Kailash Kalamkari master artisans since 1984.,https://www.kailash-kalamkari.com/?department=dupatta&product=srikalahasthi-pen-kalamkari-pure-creepe-DCRA070,https://lh3.googleusercontent.com/d/=w1200,in_stock,4200 INR,Kailash Kalamkari,new,212,Apparel & Accessories > Clothing > Traditional Clothing > Pen Kalamkari Dupattas
DCRA071,Kailash Kalamkari Srikalahasthi Pen Kalamkari Hand-Painted Pure Creepe Dupatta - DCRA071,Authentic hand-painted Srikalahasthi (Srikalahasti) Pen Kalamkari Pure Creepe Dupatta (Code: DCRA071). 100% natural organic vegetable dyes hand-drawn using traditional tamarind twig pens directly from Kailash Kalamkari master artisans since 1984.,https://www.kailash-kalamkari.com/?department=dupatta&product=srikalahasthi-pen-kalamkari-pure-creepe-DCRA071,https://lh3.googleusercontent.com/d/=w1200,in_stock,4200 INR,Kailash Kalamkari,new,212,Apparel & Accessories > Clothing > Traditional Clothing > Pen Kalamkari Dupattas
DCD4058,Kailash Kalamkari Srikalahasthi Pen Kalamkari Hand-Painted Pure Creepe Dupatta - DCD4058,Authentic hand-painted Srikalahasthi (Srikalahasti) Pen Kalamkari Pure Creepe Dupatta (Code: DCD4058). 100% natural organic vegetable dyes hand-drawn using traditional tamarind twig pens directly from Kailash Kalamkari master artisans since 1984.,https://www.kailash-kalamkari.com/?department=dupatta&product=srikalahasthi-pen-kalamkari-pure-creepe-DCD4058,https://lh3.googleusercontent.com/d/=w1200,in_stock,4500 INR,Kailash Kalamkari,new,212,Apparel & Accessories > Clothing > Traditional Clothing > Pen Kalamkari Dupattas
DCD4059,Kailash Kalamkari Srikalahasthi Pen Kalamkari Hand-Painted Pure Creepe Dupatta - DCD4059,Authentic hand-painted Srikalahasthi (Srikalahasti) Pen Kalamkari Pure Creepe Dupatta (Code: DCD4059). 100% natural organic vegetable dyes hand-drawn using traditional tamarind twig pens directly from Kailash Kalamkari master artisans since 1984.,https://www.kailash-kalamkari.com/?department=dupatta&product=srikalahasthi-pen-kalamkari-pure-creepe-DCD4059,https://lh3.googleusercontent.com/d/=w1200,in_stock,4500 INR,Kailash Kalamkari,new,212,Apparel & Accessories > Clothing > Traditional Clothing > Pen Kalamkari Dupattas
DCD4060,Kailash Kalamkari Srikalahasthi Pen Kalamkari Hand-Painted Pure Creepe Dupatta - DCD4060,Authentic hand-painted Srikalahasthi (Srikalahasti) Pen Kalamkari Pure Creepe Dupatta (Code: DCD4060). 100% natural organic vegetable dyes hand-drawn using traditional tamarind twig pens directly from Kailash Kalamkari master artisans since 1984.,https://www.kailash-kalamkari.com/?department=dupatta&product=srikalahasthi-pen-kalamkari-pure-creepe-DCD4060,https://lh3.googleusercontent.com/d/=w1200,in_stock,4500 INR,Kailash Kalamkari,new,212,Apparel & Accessories > Clothing > Traditional Clothing > Pen Kalamkari Dupattas
DCD4061,Kailash Kalamkari Srikalahasthi Pen Kalamkari Hand-Painted Pure Creepe Dupatta - DCD4061,Authentic hand-painted Srikalahasthi (Srikalahasti) Pen Kalamkari Pure Creepe Dupatta (Code: DCD4061). 100% natural organic vegetable dyes hand-drawn using traditional tamarind twig pens directly from Kailash Kalamkari master artisans since 1984.,https://www.kailash-kalamkari.com/?department=dupatta&product=srikalahasthi-pen-kalamkari-pure-creepe-DCD4061,https://lh3.googleusercontent.com/d/=w1200,in_stock,4500 INR,Kailash Kalamkari,new,212,Apparel & Accessories > Clothing > Traditional Clothing > Pen Kalamkari Dupattas
DCD4062,Kailash Kalamkari Srikalahasthi Pen Kalamkari Hand-Painted Pure Creepe Dupatta - DCD4062,Authentic hand-painted Srikalahasthi (Srikalahasti) Pen Kalamkari Pure Creepe Dupatta (Code: DCD4062). 100% natural organic vegetable dyes hand-drawn using traditional tamarind twig pens directly from Kailash Kalamkari master artisans since 1984.,https://www.kailash-kalamkari.com/?department=dupatta&product=srikalahasthi-pen-kalamkari-pure-creepe-DCD4062,https://lh3.googleusercontent.com/d/=w1200,in_stock,4500 INR,Kailash Kalamkari,new,212,Apparel & Accessories > Clothing > Traditional Clothing > Pen Kalamkari Dupattas
DCD4063,Kailash Kalamkari Srikalahasthi Pen Kalamkari Hand-Painted Pure Creepe Dupatta - DCD4063,Authentic hand-painted Srikalahasthi (Srikalahasti) Pen Kalamkari Pure Creepe Dupatta (Code: DCD4063). 100% natural organic vegetable dyes hand-drawn using traditional tamarind twig pens directly from Kailash Kalamkari master artisans since 1984.,https://www.kailash-kalamkari.com/?department=dupatta&product=srikalahasthi-pen-kalamkari-pure-creepe-DCD4063,https://lh3.googleusercontent.com/d/=w1200,in_stock,4500 INR,Kailash Kalamkari,new,212,Apparel & Accessories > Clothing > Traditional Clothing > Pen Kalamkari Dupattas
DCD4064,Kailash Kalamkari Srikalahasthi Pen Kalamkari Hand-Painted Pure Creepe Dupatta - DCD4064,Authentic hand-painted Srikalahasthi (Srikalahasti) Pen Kalamkari Pure Creepe Dupatta (Code: DCD4064). 100% natural organic vegetable dyes hand-drawn using traditional tamarind twig pens directly from Kailash Kalamkari master artisans since 1984.,https://www.kailash-kalamkari.com/?department=dupatta&product=srikalahasthi-pen-kalamkari-pure-creepe-DCD4064,https://lh3.googleusercontent.com/d/=w1200,in_stock,4500 INR,Kailash Kalamkari,new,212,Apparel & Accessories > Clothing > Traditional Clothing > Pen Kalamkari Dupattas
DCD4065,Kailash Kalamkari Srikalahasthi Pen Kalamkari Hand-Painted Pure Creepe Dupatta - DCD4065,Authentic hand-painted Srikalahasthi (Srikalahasti) Pen Kalamkari Pure Creepe Dupatta (Code: DCD4065). 100% natural organic vegetable dyes hand-drawn using traditional tamarind twig pens directly from Kailash Kalamkari master artisans since 1984.,https://www.kailash-kalamkari.com/?department=dupatta&product=srikalahasthi-pen-kalamkari-pure-creepe-DCD4065,https://lh3.googleusercontent.com/d/=w1200,in_stock,4500 INR,Kailash Kalamkari,new,212,Apparel & Accessories > Clothing > Traditional Clothing > Pen Kalamkari Dupattas
DCD4066,Kailash Kalamkari Srikalahasthi Pen Kalamkari Hand-Painted Pure Creepe Dupatta - DCD4066,Authentic hand-painted Srikalahasthi (Srikalahasti) Pen Kalamkari Pure Creepe Dupatta (Code: DCD4066). 100% natural organic vegetable dyes hand-drawn using traditional tamarind twig pens directly from Kailash Kalamkari master artisans since 1984.,https://www.kailash-kalamkari.com/?department=dupatta&product=srikalahasthi-pen-kalamkari-pure-creepe-DCD4066,https://lh3.googleusercontent.com/d/=w1200,in_stock,4500 INR,Kailash Kalamkari,new,212,Apparel & Accessories > Clothing > Traditional Clothing > Pen Kalamkari Dupattas
DCD4067,Kailash Kalamkari Srikalahasthi Pen Kalamkari Hand-Painted Pure Creepe Dupatta - DCD4067,Authentic hand-painted Srikalahasthi (Srikalahasti) Pen Kalamkari Pure Creepe Dupatta (Code: DCD4067). 100% natural organic vegetable dyes hand-drawn using traditional tamarind twig pens directly from Kailash Kalamkari master artisans since 1984.,https://www.kailash-kalamkari.com/?department=dupatta&product=srikalahasthi-pen-kalamkari-pure-creepe-DCD4067,https://lh3.googleusercontent.com/d/=w1200,in_stock,4500 INR,Kailash Kalamkari,new,212,Apparel & Accessories > Clothing > Traditional Clothing > Pen Kalamkari Dupattas
DCD4068,Kailash Kalamkari Srikalahasthi Pen Kalamkari Hand-Painted Pure Creepe Dupatta - DCD4068,Authentic hand-painted Srikalahasthi (Srikalahasti) Pen Kalamkari Pure Creepe Dupatta (Code: DCD4068). 100% natural organic vegetable dyes hand-drawn using traditional tamarind twig pens directly from Kailash Kalamkari master artisans since 1984.,https://www.kailash-kalamkari.com/?department=dupatta&product=srikalahasthi-pen-kalamkari-pure-creepe-DCD4068,https://lh3.googleusercontent.com/d/=w1200,in_stock,4500 INR,Kailash Kalamkari,new,212,Apparel & Accessories > Clothing > Traditional Clothing > Pen Kalamkari Dupattas
DCD4069,Kailash Kalamkari Srikalahasthi Pen Kalamkari Hand-Painted Pure Creepe Dupatta - DCD4069,Authentic hand-painted Srikalahasthi (Srikalahasti) Pen Kalamkari Pure Creepe Dupatta (Code: DCD4069). 100% natural organic vegetable dyes hand-drawn using traditional tamarind twig pens directly from Kailash Kalamkari master artisans since 1984.,https://www.kailash-kalamkari.com/?department=dupatta&product=srikalahasthi-pen-kalamkari-pure-creepe-DCD4069,https://lh3.googleusercontent.com/d/=w1200,in_stock,4500 INR,Kailash Kalamkari,new,212,Apparel & Accessories > Clothing > Traditional Clothing > Pen Kalamkari Dupattas
DCD4070,Kailash Kalamkari Srikalahasthi Pen Kalamkari Hand-Painted Pure Creepe Dupatta - DCD4070,Authentic hand-painted Srikalahasthi (Srikalahasti) Pen Kalamkari Pure Creepe Dupatta (Code: DCD4070). 100% natural organic vegetable dyes hand-drawn using traditional tamarind twig pens directly from Kailash Kalamkari master artisans since 1984.,https://www.kailash-kalamkari.com/?department=dupatta&product=srikalahasthi-pen-kalamkari-pure-creepe-DCD4070,https://lh3.googleusercontent.com/d/=w1200,in_stock,4500 INR,Kailash Kalamkari,new,212,Apparel & Accessories > Clothing > Traditional Clothing > Pen Kalamkari Dupattas
DCD4071,Kailash Kalamkari Srikalahasthi Pen Kalamkari Hand-Painted Pure Creepe Dupatta - DCD4071,Authentic hand-painted Srikalahasthi (Srikalahasti) Pen Kalamkari Pure Creepe Dupatta (Code: DCD4071). 100% natural organic vegetable dyes hand-drawn using traditional tamarind twig pens directly from Kailash Kalamkari master artisans since 1984.,https://www.kailash-kalamkari.com/?department=dupatta&product=srikalahasthi-pen-kalamkari-pure-creepe-DCD4071,https://lh3.googleusercontent.com/d/=w1200,in_stock,4500 INR,Kailash Kalamkari,new,212,Apparel & Accessories > Clothing > Traditional Clothing > Pen Kalamkari Dupattas
DCD4072,Kailash Kalamkari Srikalahasthi Pen Kalamkari Hand-Painted Pure Creepe Dupatta - DCD4072,Authentic hand-painted Srikalahasthi (Srikalahasti) Pen Kalamkari Pure Creepe Dupatta (Code: DCD4072). 100% natural organic vegetable dyes hand-drawn using traditional tamarind twig pens directly from Kailash Kalamkari master artisans since 1984.,https://www.kailash-kalamkari.com/?department=dupatta&product=srikalahasthi-pen-kalamkari-pure-creepe-DCD4072,https://lh3.googleusercontent.com/d/=w1200,in_stock,4500 INR,Kailash Kalamkari,new,212,Apparel & Accessories > Clothing > Traditional Clothing > Pen Kalamkari Dupattas
DCD4073,Kailash Kalamkari Srikalahasthi Pen Kalamkari Hand-Painted Pure Creepe Dupatta - DCD4073,Authentic hand-painted Srikalahasthi (Srikalahasti) Pen Kalamkari Pure Creepe Dupatta (Code: DCD4073). 100% natural organic vegetable dyes hand-drawn using traditional tamarind twig pens directly from Kailash Kalamkari master artisans since 1984.,https://www.kailash-kalamkari.com/?department=dupatta&product=srikalahasthi-pen-kalamkari-pure-creepe-DCD4073,https://lh3.googleusercontent.com/d/=w1200,in_stock,4500 INR,Kailash Kalamkari,new,212,Apparel & Accessories > Clothing > Traditional Clothing > Pen Kalamkari Dupattas
DCD4074,Kailash Kalamkari Srikalahasthi Pen Kalamkari Hand-Painted Pure Creepe Dupatta - DCD4074,Authentic hand-painted Srikalahasthi (Srikalahasti) Pen Kalamkari Pure Creepe Dupatta (Code: DCD4074). 100% natural organic vegetable dyes hand-drawn using traditional tamarind twig pens directly from Kailash Kalamkari master artisans since 1984.,https://www.kailash-kalamkari.com/?department=dupatta&product=srikalahasthi-pen-kalamkari-pure-creepe-DCD4074,https://lh3.googleusercontent.com/d/=w1200,in_stock,4500 INR,Kailash Kalamkari,new,212,Apparel & Accessories > Clothing > Traditional Clothing > Pen Kalamkari Dupattas
DCD4075,Kailash Kalamkari Srikalahasthi Pen Kalamkari Hand-Painted Pure Creepe Dupatta - DCD4075,Authentic hand-painted Srikalahasthi (Srikalahasti) Pen Kalamkari Pure Creepe Dupatta (Code: DCD4075). 100% natural organic vegetable dyes hand-drawn using traditional tamarind twig pens directly from Kailash Kalamkari master artisans since 1984.,https://www.kailash-kalamkari.com/?department=dupatta&product=srikalahasthi-pen-kalamkari-pure-creepe-DCD4075,https://lh3.googleusercontent.com/d/=w1200,in_stock,4500 INR,Kailash Kalamkari,new,212,Apparel & Accessories > Clothing > Traditional Clothing > Pen Kalamkari Dupattas
DCD4076,Kailash Kalamkari Srikalahasthi Pen Kalamkari Hand-Painted Pure Creepe Dupatta - DCD4076,Authentic hand-painted Srikalahasthi (Srikalahasti) Pen Kalamkari Pure Creepe Dupatta (Code: DCD4076). 100% natural organic vegetable dyes hand-drawn using traditional tamarind twig pens directly from Kailash Kalamkari master artisans since 1984.,https://www.kailash-kalamkari.com/?department=dupatta&product=srikalahasthi-pen-kalamkari-pure-creepe-DCD4076,https://lh3.googleusercontent.com/d/=w1200,in_stock,4500 INR,Kailash Kalamkari,new,212,Apparel & Accessories > Clothing > Traditional Clothing > Pen Kalamkari Dupattas
DCD4077,Kailash Kalamkari Srikalahasthi Pen Kalamkari Hand-Painted Pure Creepe Dupatta - DCD4077,Authentic hand-painted Srikalahasthi (Srikalahasti) Pen Kalamkari Pure Creepe Dupatta (Code: DCD4077). 100% natural organic vegetable dyes hand-drawn using traditional tamarind twig pens directly from Kailash Kalamkari master artisans since 1984.,https://www.kailash-kalamkari.com/?department=dupatta&product=srikalahasthi-pen-kalamkari-pure-creepe-DCD4077,https://lh3.googleusercontent.com/d/=w1200,in_stock,4500 INR,Kailash Kalamkari,new,212,Apparel & Accessories > Clothing > Traditional Clothing > Pen Kalamkari Dupattas
DCD4078,Kailash Kalamkari Srikalahasthi Pen Kalamkari Hand-Painted Pure Creepe Dupatta - DCD4078,Authentic hand-painted Srikalahasthi (Srikalahasti) Pen Kalamkari Pure Creepe Dupatta (Code: DCD4078). 100% natural organic vegetable dyes hand-drawn using traditional tamarind twig pens directly from Kailash Kalamkari master artisans since 1984.,https://www.kailash-kalamkari.com/?department=dupatta&product=srikalahasthi-pen-kalamkari-pure-creepe-DCD4078,https://lh3.googleusercontent.com/d/=w1200,in_stock,4500 INR,Kailash Kalamkari,new,212,Apparel & Accessories > Clothing > Traditional Clothing > Pen Kalamkari Dupattas
DCD4079,Kailash Kalamkari Srikalahasthi Pen Kalamkari Hand-Painted Pure Creepe Dupatta - DCD4079,Authentic hand-painted Srikalahasthi (Srikalahasti) Pen Kalamkari Pure Creepe Dupatta (Code: DCD4079). 100% natural organic vegetable dyes hand-drawn using traditional tamarind twig pens directly from Kailash Kalamkari master artisans since 1984.,https://www.kailash-kalamkari.com/?department=dupatta&product=srikalahasthi-pen-kalamkari-pure-creepe-DCD4079,https://lh3.googleusercontent.com/d/=w1200,in_stock,4500 INR,Kailash Kalamkari,new,212,Apparel & Accessories > Clothing > Traditional Clothing > Pen Kalamkari Dupattas
DCD4080,Kailash Kalamkari Srikalahasthi Pen Kalamkari Hand-Painted Pure Creepe Dupatta - DCD4080,Authentic hand-painted Srikalahasthi (Srikalahasti) Pen Kalamkari Pure Creepe Dupatta (Code: DCD4080). 100% natural organic vegetable dyes hand-drawn using traditional tamarind twig pens directly from Kailash Kalamkari master artisans since 1984.,https://www.kailash-kalamkari.com/?department=dupatta&product=srikalahasthi-pen-kalamkari-pure-creepe-DCD4080,https://lh3.googleusercontent.com/d/=w1200,in_stock,4500 INR,Kailash Kalamkari,new,212,Apparel & Accessories > Clothing > Traditional Clothing > Pen Kalamkari Dupattas
DCD4081,Kailash Kalamkari Srikalahasthi Pen Kalamkari Hand-Painted Pure Creepe Dupatta - DCD4081,Authentic hand-painted Srikalahasthi (Srikalahasti) Pen Kalamkari Pure Creepe Dupatta (Code: DCD4081). 100% natural organic vegetable dyes hand-drawn using traditional tamarind twig pens directly from Kailash Kalamkari master artisans since 1984.,https://www.kailash-kalamkari.com/?department=dupatta&product=srikalahasthi-pen-kalamkari-pure-creepe-DCD4081,https://lh3.googleusercontent.com/d/=w1200,in_stock,4500 INR,Kailash Kalamkari,new,212,Apparel & Accessories > Clothing > Traditional Clothing > Pen Kalamkari Dupattas
DCD4082,Kailash Kalamkari Srikalahasthi Pen Kalamkari Hand-Painted Pure Creepe Dupatta - DCD4082,Authentic hand-painted Srikalahasthi (Srikalahasti) Pen Kalamkari Pure Creepe Dupatta (Code: DCD4082). 100% natural organic vegetable dyes hand-drawn using traditional tamarind twig pens directly from Kailash Kalamkari master artisans since 1984.,https://www.kailash-kalamkari.com/?department=dupatta&product=srikalahasthi-pen-kalamkari-pure-creepe-DCD4082,https://lh3.googleusercontent.com/d/=w1200,in_stock,4500 INR,Kailash Kalamkari,new,212,Apparel & Accessories > Clothing > Traditional Clothing > Pen Kalamkari Dupattas
DCD4083,Kailash Kalamkari Srikalahasthi Pen Kalamkari Hand-Painted Pure Creepe Dupatta - DCD4083,Authentic hand-painted Srikalahasthi (Srikalahasti) Pen Kalamkari Pure Creepe Dupatta (Code: DCD4083). 100% natural organic vegetable dyes hand-drawn using traditional tamarind twig pens directly from Kailash Kalamkari master artisans since 1984.,https://www.kailash-kalamkari.com/?department=dupatta&product=srikalahasthi-pen-kalamkari-pure-creepe-DCD4083,https://lh3.googleusercontent.com/d/=w1200,in_stock,4500 INR,Kailash Kalamkari,new,212,Apparel & Accessories > Clothing > Traditional Clothing > Pen Kalamkari Dupattas
DCD4084,Kailash Kalamkari Srikalahasthi Pen Kalamkari Hand-Painted Pure Creepe Dupatta - DCD4084,Authentic hand-painted Srikalahasthi (Srikalahasti) Pen Kalamkari Pure Creepe Dupatta (Code: DCD4084). 100% natural organic vegetable dyes hand-drawn using traditional tamarind twig pens directly from Kailash Kalamkari master artisans since 1984.,https://www.kailash-kalamkari.com/?department=dupatta&product=srikalahasthi-pen-kalamkari-pure-creepe-DCD4084,https://lh3.googleusercontent.com/d/=w1200,in_stock,4500 INR,Kailash Kalamkari,new,212,Apparel & Accessories > Clothing > Traditional Clothing > Pen Kalamkari Dupattas
DCD4085,Kailash Kalamkari Srikalahasthi Pen Kalamkari Hand-Painted Pure Creepe Dupatta - DCD4085,Authentic hand-painted Srikalahasthi (Srikalahasti) Pen Kalamkari Pure Creepe Dupatta (Code: DCD4085). 100% natural organic vegetable dyes hand-drawn using traditional tamarind twig pens directly from Kailash Kalamkari master artisans since 1984.,https://www.kailash-kalamkari.com/?department=dupatta&product=srikalahasthi-pen-kalamkari-pure-creepe-DCD4085,https://lh3.googleusercontent.com/d/=w1200,in_stock,4500 INR,Kailash Kalamkari,new,212,Apparel & Accessories > Clothing > Traditional Clothing > Pen Kalamkari Dupattas
DBMD436,Kailash Kalamkari Srikalahasthi Pen Kalamkari Hand-Painted Bangalore Silk multicoloured Dupatta - DBMD436,Authentic hand-painted Srikalahasthi (Srikalahasti) Pen Kalamkari Bangalore Silk multicoloured Dupatta (Code: DBMD436). 100% natural organic vegetable dyes hand-drawn using traditional tamarind twig pens directly from Kailash Kalamkari master artisans since 1984.,https://www.kailash-kalamkari.com/?department=dupatta&product=srikalahasthi-pen-kalamkari-bangalore-silk-multicoloured-DBMD436,https://lh3.googleusercontent.com/d/=w1200,in_stock,1800 INR,Kailash Kalamkari,new,212,Apparel & Accessories > Clothing > Traditional Clothing > Pen Kalamkari Dupattas
DBMD438,Kailash Kalamkari Srikalahasthi Pen Kalamkari Hand-Painted Bangalore Silk multicoloured Dupatta - DBMD438,Authentic hand-painted Srikalahasthi (Srikalahasti) Pen Kalamkari Bangalore Silk multicoloured Dupatta (Code: DBMD438). 100% natural organic vegetable dyes hand-drawn using traditional tamarind twig pens directly from Kailash Kalamkari master artisans since 1984.,https://www.kailash-kalamkari.com/?department=dupatta&product=srikalahasthi-pen-kalamkari-bangalore-silk-multicoloured-DBMD438,https://lh3.googleusercontent.com/d/=w1200,in_stock,1800 INR,Kailash Kalamkari,new,212,Apparel & Accessories > Clothing > Traditional Clothing > Pen Kalamkari Dupattas
DBMD439,Kailash Kalamkari Srikalahasthi Pen Kalamkari Hand-Painted Bangalore Silk multicoloured Dupatta - DBMD439,Authentic hand-painted Srikalahasthi (Srikalahasti) Pen Kalamkari Bangalore Silk multicoloured Dupatta (Code: DBMD439). 100% natural organic vegetable dyes hand-drawn using traditional tamarind twig pens directly from Kailash Kalamkari master artisans since 1984.,https://www.kailash-kalamkari.com/?department=dupatta&product=srikalahasthi-pen-kalamkari-bangalore-silk-multicoloured-DBMD439,https://lh3.googleusercontent.com/d/=w1200,in_stock,1800 INR,Kailash Kalamkari,new,212,Apparel & Accessories > Clothing > Traditional Clothing > Pen Kalamkari Dupattas
DBMD440,Kailash Kalamkari Srikalahasthi Pen Kalamkari Hand-Painted Bangalore Silk multicoloured Dupatta - DBMD440,Authentic hand-painted Srikalahasthi (Srikalahasti) Pen Kalamkari Bangalore Silk multicoloured Dupatta (Code: DBMD440). 100% natural organic vegetable dyes hand-drawn using traditional tamarind twig pens directly from Kailash Kalamkari master artisans since 1984.,https://www.kailash-kalamkari.com/?department=dupatta&product=srikalahasthi-pen-kalamkari-bangalore-silk-multicoloured-DBMD440,https://lh3.googleusercontent.com/d/=w1200,in_stock,1800 INR,Kailash Kalamkari,new,212,Apparel & Accessories > Clothing > Traditional Clothing > Pen Kalamkari Dupattas
DBMD441,Kailash Kalamkari Srikalahasthi Pen Kalamkari Hand-Painted Bangalore Silk multicoloured Dupatta - DBMD441,Authentic hand-painted Srikalahasthi (Srikalahasti) Pen Kalamkari Bangalore Silk multicoloured Dupatta (Code: DBMD441). 100% natural organic vegetable dyes hand-drawn using traditional tamarind twig pens directly from Kailash Kalamkari master artisans since 1984.,https://www.kailash-kalamkari.com/?department=dupatta&product=srikalahasthi-pen-kalamkari-bangalore-silk-multicoloured-DBMD441,https://lh3.googleusercontent.com/d/=w1200,in_stock,1800 INR,Kailash Kalamkari,new,212,Apparel & Accessories > Clothing > Traditional Clothing > Pen Kalamkari Dupattas
DBMD451,Kailash Kalamkari Srikalahasthi Pen Kalamkari Hand-Painted Bangalore Silk multicoloured Dupatta - DBMD451,Authentic hand-painted Srikalahasthi (Srikalahasti) Pen Kalamkari Bangalore Silk multicoloured Dupatta (Code: DBMD451). 100% natural organic vegetable dyes hand-drawn using traditional tamarind twig pens directly from Kailash Kalamkari master artisans since 1984.,https://www.kailash-kalamkari.com/?department=dupatta&product=srikalahasthi-pen-kalamkari-bangalore-silk-multicoloured-DBMD451,https://lh3.googleusercontent.com/d/=w1200,in_stock,1800 INR,Kailash Kalamkari,new,212,Apparel & Accessories > Clothing > Traditional Clothing > Pen Kalamkari Dupattas
DBMD452,Kailash Kalamkari Srikalahasthi Pen Kalamkari Hand-Painted Bangalore Silk multicoloured Dupatta - DBMD452,Authentic hand-painted Srikalahasthi (Srikalahasti) Pen Kalamkari Bangalore Silk multicoloured Dupatta (Code: DBMD452). 100% natural organic vegetable dyes hand-drawn using traditional tamarind twig pens directly from Kailash Kalamkari master artisans since 1984.,https://www.kailash-kalamkari.com/?department=dupatta&product=srikalahasthi-pen-kalamkari-bangalore-silk-multicoloured-DBMD452,https://lh3.googleusercontent.com/d/=w1200,in_stock,1800 INR,Kailash Kalamkari,new,212,Apparel & Accessories > Clothing > Traditional Clothing > Pen Kalamkari Dupattas
DBMD453,Kailash Kalamkari Srikalahasthi Pen Kalamkari Hand-Painted Bangalore Silk multicoloured Dupatta - DBMD453,Authentic hand-painted Srikalahasthi (Srikalahasti) Pen Kalamkari Bangalore Silk multicoloured Dupatta (Code: DBMD453). 100% natural organic vegetable dyes hand-drawn using traditional tamarind twig pens directly from Kailash Kalamkari master artisans since 1984.,https://www.kailash-kalamkari.com/?department=dupatta&product=srikalahasthi-pen-kalamkari-bangalore-silk-multicoloured-DBMD453,https://lh3.googleusercontent.com/d/=w1200,in_stock,1800 INR,Kailash Kalamkari,new,212,Apparel & Accessories > Clothing > Traditional Clothing > Pen Kalamkari Dupattas
DBMD454,Kailash Kalamkari Srikalahasthi Pen Kalamkari Hand-Painted Bangalore Silk multicoloured Dupatta - DBMD454,Authentic hand-painted Srikalahasthi (Srikalahasti) Pen Kalamkari Bangalore Silk multicoloured Dupatta (Code: DBMD454). 100% natural organic vegetable dyes hand-drawn using traditional tamarind twig pens directly from Kailash Kalamkari master artisans since 1984.,https://www.kailash-kalamkari.com/?department=dupatta&product=srikalahasthi-pen-kalamkari-bangalore-silk-multicoloured-DBMD454,https://lh3.googleusercontent.com/d/=w1200,in_stock,1800 INR,Kailash Kalamkari,new,212,Apparel & Accessories > Clothing > Traditional Clothing > Pen Kalamkari Dupattas
DBMD455,Kailash Kalamkari Srikalahasthi Pen Kalamkari Hand-Painted Bangalore Silk multicoloured Dupatta - DBMD455,Authentic hand-painted Srikalahasthi (Srikalahasti) Pen Kalamkari Bangalore Silk multicoloured Dupatta (Code: DBMD455). 100% natural organic vegetable dyes hand-drawn using traditional tamarind twig pens directly from Kailash Kalamkari master artisans since 1984.,https://www.kailash-kalamkari.com/?department=dupatta&product=srikalahasthi-pen-kalamkari-bangalore-silk-multicoloured-DBMD455,https://lh3.googleusercontent.com/d/=w1200,in_stock,1800 INR,Kailash Kalamkari,new,212,Apparel & Accessories > Clothing > Traditional Clothing > Pen Kalamkari Dupattas
DBMD456,Kailash Kalamkari Srikalahasthi Pen Kalamkari Hand-Painted Bangalore Silk multicoloured Dupatta - DBMD456,Authentic hand-painted Srikalahasthi (Srikalahasti) Pen Kalamkari Bangalore Silk multicoloured Dupatta (Code: DBMD456). 100% natural organic vegetable dyes hand-drawn using traditional tamarind twig pens directly from Kailash Kalamkari master artisans since 1984.,https://www.kailash-kalamkari.com/?department=dupatta&product=srikalahasthi-pen-kalamkari-bangalore-silk-multicoloured-DBMD456,https://lh3.googleusercontent.com/d/=w1200,in_stock,1800 INR,Kailash Kalamkari,new,212,Apparel & Accessories > Clothing > Traditional Clothing > Pen Kalamkari Dupattas
DBMD457,Kailash Kalamkari Srikalahasthi Pen Kalamkari Hand-Painted Bangalore Silk multicoloured Dupatta - DBMD457,Authentic hand-painted Srikalahasthi (Srikalahasti) Pen Kalamkari Bangalore Silk multicoloured Dupatta (Code: DBMD457). 100% natural organic vegetable dyes hand-drawn using traditional tamarind twig pens directly from Kailash Kalamkari master artisans since 1984.,https://www.kailash-kalamkari.com/?department=dupatta&product=srikalahasthi-pen-kalamkari-bangalore-silk-multicoloured-DBMD457,https://lh3.googleusercontent.com/d/=w1200,in_stock,1800 INR,Kailash Kalamkari,new,212,Apparel & Accessories > Clothing > Traditional Clothing > Pen Kalamkari Dupattas
DBMD459,Kailash Kalamkari Srikalahasthi Pen Kalamkari Hand-Painted Bangalore Silk multicoloured Dupatta - DBMD459,Authentic hand-painted Srikalahasthi (Srikalahasti) Pen Kalamkari Bangalore Silk multicoloured Dupatta (Code: DBMD459). 100% natural organic vegetable dyes hand-drawn using traditional tamarind twig pens directly from Kailash Kalamkari master artisans since 1984.,https://www.kailash-kalamkari.com/?department=dupatta&product=srikalahasthi-pen-kalamkari-bangalore-silk-multicoloured-DBMD459,https://lh3.googleusercontent.com/d/=w1200,in_stock,1800 INR,Kailash Kalamkari,new,212,Apparel & Accessories > Clothing > Traditional Clothing > Pen Kalamkari Dupattas
DBMD460,Kailash Kalamkari Srikalahasthi Pen Kalamkari Hand-Painted Bangalore Silk multicoloured Dupatta - DBMD460,Authentic hand-painted Srikalahasthi (Srikalahasti) Pen Kalamkari Bangalore Silk multicoloured Dupatta (Code: DBMD460). 100% natural organic vegetable dyes hand-drawn using traditional tamarind twig pens directly from Kailash Kalamkari master artisans since 1984.,https://www.kailash-kalamkari.com/?department=dupatta&product=srikalahasthi-pen-kalamkari-bangalore-silk-multicoloured-DBMD460,https://lh3.googleusercontent.com/d/=w1200,in_stock,1800 INR,Kailash Kalamkari,new,212,Apparel & Accessories > Clothing > Traditional Clothing > Pen Kalamkari Dupattas
DBMD461,Kailash Kalamkari Srikalahasthi Pen Kalamkari Hand-Painted Bangalore Silk multicoloured Dupatta - DBMD461,Authentic hand-painted Srikalahasthi (Srikalahasti) Pen Kalamkari Bangalore Silk multicoloured Dupatta (Code: DBMD461). 100% natural organic vegetable dyes hand-drawn using traditional tamarind twig pens directly from Kailash Kalamkari master artisans since 1984.,https://www.kailash-kalamkari.com/?department=dupatta&product=srikalahasthi-pen-kalamkari-bangalore-silk-multicoloured-DBMD461,https://lh3.googleusercontent.com/d/=w1200,in_stock,1800 INR,Kailash Kalamkari,new,212,Apparel & Accessories > Clothing > Traditional Clothing > Pen Kalamkari Dupattas
DBMD462,Kailash Kalamkari Srikalahasthi Pen Kalamkari Hand-Painted Bangalore Silk multicoloured Dupatta - DBMD462,Authentic hand-painted Srikalahasthi (Srikalahasti) Pen Kalamkari Bangalore Silk multicoloured Dupatta (Code: DBMD462). 100% natural organic vegetable dyes hand-drawn using traditional tamarind twig pens directly from Kailash Kalamkari master artisans since 1984.,https://www.kailash-kalamkari.com/?department=dupatta&product=srikalahasthi-pen-kalamkari-bangalore-silk-multicoloured-DBMD462,https://lh3.googleusercontent.com/d/=w1200,in_stock,1800 INR,Kailash Kalamkari,new,212,Apparel & Accessories > Clothing > Traditional Clothing > Pen Kalamkari Dupattas
DBMD463,Kailash Kalamkari Srikalahasthi Pen Kalamkari Hand-Painted Bangalore Silk multicoloured Dupatta - DBMD463,Authentic hand-painted Srikalahasthi (Srikalahasti) Pen Kalamkari Bangalore Silk multicoloured Dupatta (Code: DBMD463). 100% natural organic vegetable dyes hand-drawn using traditional tamarind twig pens directly from Kailash Kalamkari master artisans since 1984.,https://www.kailash-kalamkari.com/?department=dupatta&product=srikalahasthi-pen-kalamkari-bangalore-silk-multicoloured-DBMD463,https://lh3.googleusercontent.com/d/=w1200,in_stock,1800 INR,Kailash Kalamkari,new,212,Apparel & Accessories > Clothing > Traditional Clothing > Pen Kalamkari Dupattas
DBMD464,Kailash Kalamkari Srikalahasthi Pen Kalamkari Hand-Painted Bangalore Silk multicoloured Dupatta - DBMD464,Authentic hand-painted Srikalahasthi (Srikalahasti) Pen Kalamkari Bangalore Silk multicoloured Dupatta (Code: DBMD464). 100% natural organic vegetable dyes hand-drawn using traditional tamarind twig pens directly from Kailash Kalamkari master artisans since 1984.,https://www.kailash-kalamkari.com/?department=dupatta&product=srikalahasthi-pen-kalamkari-bangalore-silk-multicoloured-DBMD464,https://lh3.googleusercontent.com/d/=w1200,in_stock,1800 INR,Kailash Kalamkari,new,212,Apparel & Accessories > Clothing > Traditional Clothing > Pen Kalamkari Dupattas
DBMD465,Kailash Kalamkari Srikalahasthi Pen Kalamkari Hand-Painted Bangalore Silk multicoloured Dupatta - DBMD465,Authentic hand-painted Srikalahasthi (Srikalahasti) Pen Kalamkari Bangalore Silk multicoloured Dupatta (Code: DBMD465). 100% natural organic vegetable dyes hand-drawn using traditional tamarind twig pens directly from Kailash Kalamkari master artisans since 1984.,https://www.kailash-kalamkari.com/?department=dupatta&product=srikalahasthi-pen-kalamkari-bangalore-silk-multicoloured-DBMD465,https://lh3.googleusercontent.com/d/=w1200,in_stock,1800 INR,Kailash Kalamkari,new,212,Apparel & Accessories > Clothing > Traditional Clothing > Pen Kalamkari Dupattas
DBMD466,Kailash Kalamkari Srikalahasthi Pen Kalamkari Hand-Painted Bangalore Silk multicoloured Dupatta - DBMD466,Authentic hand-painted Srikalahasthi (Srikalahasti) Pen Kalamkari Bangalore Silk multicoloured Dupatta (Code: DBMD466). 100% natural organic vegetable dyes hand-drawn using traditional tamarind twig pens directly from Kailash Kalamkari master artisans since 1984.,https://www.kailash-kalamkari.com/?department=dupatta&product=srikalahasthi-pen-kalamkari-bangalore-silk-multicoloured-DBMD466,https://lh3.googleusercontent.com/d/=w1200,in_stock,1800 INR,Kailash Kalamkari,new,212,Apparel & Accessories > Clothing > Traditional Clothing > Pen Kalamkari Dupattas
DBMD467,Kailash Kalamkari Srikalahasthi Pen Kalamkari Hand-Painted Bangalore Silk multicoloured Dupatta - DBMD467,Authentic hand-painted Srikalahasthi (Srikalahasti) Pen Kalamkari Bangalore Silk multicoloured Dupatta (Code: DBMD467). 100% natural organic vegetable dyes hand-drawn using traditional tamarind twig pens directly from Kailash Kalamkari master artisans since 1984.,https://www.kailash-kalamkari.com/?department=dupatta&product=srikalahasthi-pen-kalamkari-bangalore-silk-multicoloured-DBMD467,https://lh3.googleusercontent.com/d/=w1200,in_stock,1800 INR,Kailash Kalamkari,new,212,Apparel & Accessories > Clothing > Traditional Clothing > Pen Kalamkari Dupattas
DBMD468,Kailash Kalamkari Srikalahasthi Pen Kalamkari Hand-Painted Bangalore Silk multicoloured Dupatta - DBMD468,Authentic hand-painted Srikalahasthi (Srikalahasti) Pen Kalamkari Bangalore Silk multicoloured Dupatta (Code: DBMD468). 100% natural organic vegetable dyes hand-drawn using traditional tamarind twig pens directly from Kailash Kalamkari master artisans since 1984.,https://www.kailash-kalamkari.com/?department=dupatta&product=srikalahasthi-pen-kalamkari-bangalore-silk-multicoloured-DBMD468,https://lh3.googleusercontent.com/d/=w1200,in_stock,1800 INR,Kailash Kalamkari,new,212,Apparel & Accessories > Clothing > Traditional Clothing > Pen Kalamkari Dupattas
DBMD469,Kailash Kalamkari Srikalahasthi Pen Kalamkari Hand-Painted Bangalore Silk multicoloured Dupatta - DBMD469,Authentic hand-painted Srikalahasthi (Srikalahasti) Pen Kalamkari Bangalore Silk multicoloured Dupatta (Code: DBMD469). 100% natural organic vegetable dyes hand-drawn using traditional tamarind twig pens directly from Kailash Kalamkari master artisans since 1984.,https://www.kailash-kalamkari.com/?department=dupatta&product=srikalahasthi-pen-kalamkari-bangalore-silk-multicoloured-DBMD469,https://lh3.googleusercontent.com/d/=w1200,in_stock,1800 INR,Kailash Kalamkari,new,212,Apparel & Accessories > Clothing > Traditional Clothing > Pen Kalamkari Dupattas
DBMD470,Kailash Kalamkari Srikalahasthi Pen Kalamkari Hand-Painted Bangalore Silk multicoloured Dupatta - DBMD470,Authentic hand-painted Srikalahasthi (Srikalahasti) Pen Kalamkari Bangalore Silk multicoloured Dupatta (Code: DBMD470). 100% natural organic vegetable dyes hand-drawn using traditional tamarind twig pens directly from Kailash Kalamkari master artisans since 1984.,https://www.kailash-kalamkari.com/?department=dupatta&product=srikalahasthi-pen-kalamkari-bangalore-silk-multicoloured-DBMD470,https://lh3.googleusercontent.com/d/=w1200,in_stock,1800 INR,Kailash Kalamkari,new,212,Apparel & Accessories > Clothing > Traditional Clothing > Pen Kalamkari Dupattas
DBMD471,Kailash Kalamkari Srikalahasthi Pen Kalamkari Hand-Painted Bangalore Silk multicoloured Dupatta - DBMD471,Authentic hand-painted Srikalahasthi (Srikalahasti) Pen Kalamkari Bangalore Silk multicoloured Dupatta (Code: DBMD471). 100% natural organic vegetable dyes hand-drawn using traditional tamarind twig pens directly from Kailash Kalamkari master artisans since 1984.,https://www.kailash-kalamkari.com/?department=dupatta&product=srikalahasthi-pen-kalamkari-bangalore-silk-multicoloured-DBMD471,https://lh3.googleusercontent.com/d/=w1200,in_stock,1800 INR,Kailash Kalamkari,new,212,Apparel & Accessories > Clothing > Traditional Clothing > Pen Kalamkari Dupattas
DBMD472,Kailash Kalamkari Srikalahasthi Pen Kalamkari Hand-Painted Bangalore Silk multicoloured Dupatta - DBMD472,Authentic hand-painted Srikalahasthi (Srikalahasti) Pen Kalamkari Bangalore Silk multicoloured Dupatta (Code: DBMD472). 100% natural organic vegetable dyes hand-drawn using traditional tamarind twig pens directly from Kailash Kalamkari master artisans since 1984.,https://www.kailash-kalamkari.com/?department=dupatta&product=srikalahasthi-pen-kalamkari-bangalore-silk-multicoloured-DBMD472,https://lh3.googleusercontent.com/d/=w1200,in_stock,1800 INR,Kailash Kalamkari,new,212,Apparel & Accessories > Clothing > Traditional Clothing > Pen Kalamkari Dupattas
DBMD473,Kailash Kalamkari Srikalahasthi Pen Kalamkari Hand-Painted Bangalore Silk multicoloured Dupatta - DBMD473,Authentic hand-painted Srikalahasthi (Srikalahasti) Pen Kalamkari Bangalore Silk multicoloured Dupatta (Code: DBMD473). 100% natural organic vegetable dyes hand-drawn using traditional tamarind twig pens directly from Kailash Kalamkari master artisans since 1984.,https://www.kailash-kalamkari.com/?department=dupatta&product=srikalahasthi-pen-kalamkari-bangalore-silk-multicoloured-DBMD473,https://lh3.googleusercontent.com/d/=w1200,in_stock,1800 INR,Kailash Kalamkari,new,212,Apparel & Accessories > Clothing > Traditional Clothing > Pen Kalamkari Dupattas
DBMD475,Kailash Kalamkari Srikalahasthi Pen Kalamkari Hand-Painted Bangalore Silk multicoloured Dupatta - DBMD475,Authentic hand-painted Srikalahasthi (Srikalahasti) Pen Kalamkari Bangalore Silk multicoloured Dupatta (Code: DBMD475). 100% natural organic vegetable dyes hand-drawn using traditional tamarind twig pens directly from Kailash Kalamkari master artisans since 1984.,https://www.kailash-kalamkari.com/?department=dupatta&product=srikalahasthi-pen-kalamkari-bangalore-silk-multicoloured-DBMD475,https://lh3.googleusercontent.com/d/=w1200,in_stock,1800 INR,Kailash Kalamkari,new,212,Apparel & Accessories > Clothing > Traditional Clothing > Pen Kalamkari Dupattas
DBMD477,Kailash Kalamkari Srikalahasthi Pen Kalamkari Hand-Painted Bangalore Silk multicoloured Dupatta - DBMD477,Authentic hand-painted Srikalahasthi (Srikalahasti) Pen Kalamkari Bangalore Silk multicoloured Dupatta (Code: DBMD477). 100% natural organic vegetable dyes hand-drawn using traditional tamarind twig pens directly from Kailash Kalamkari master artisans since 1984.,https://www.kailash-kalamkari.com/?department=dupatta&product=srikalahasthi-pen-kalamkari-bangalore-silk-multicoloured-DBMD477,https://lh3.googleusercontent.com/d/=w1200,in_stock,1800 INR,Kailash Kalamkari,new,212,Apparel & Accessories > Clothing > Traditional Clothing > Pen Kalamkari Dupattas
DBMD479,Kailash Kalamkari Srikalahasthi Pen Kalamkari Hand-Painted Bangalore Silk multicoloured Dupatta - DBMD479,Authentic hand-painted Srikalahasthi (Srikalahasti) Pen Kalamkari Bangalore Silk multicoloured Dupatta (Code: DBMD479). 100% natural organic vegetable dyes hand-drawn using traditional tamarind twig pens directly from Kailash Kalamkari master artisans since 1984.,https://www.kailash-kalamkari.com/?department=dupatta&product=srikalahasthi-pen-kalamkari-bangalore-silk-multicoloured-DBMD479,https://lh3.googleusercontent.com/d/=w1200,in_stock,1800 INR,Kailash Kalamkari,new,212,Apparel & Accessories > Clothing > Traditional Clothing > Pen Kalamkari Dupattas
DBMD480,Kailash Kalamkari Srikalahasthi Pen Kalamkari Hand-Painted Bangalore Silk multicoloured Dupatta - DBMD480,Authentic hand-painted Srikalahasthi (Srikalahasti) Pen Kalamkari Bangalore Silk multicoloured Dupatta (Code: DBMD480). 100% natural organic vegetable dyes hand-drawn using traditional tamarind twig pens directly from Kailash Kalamkari master artisans since 1984.,https://www.kailash-kalamkari.com/?department=dupatta&product=srikalahasthi-pen-kalamkari-bangalore-silk-multicoloured-DBMD480,https://lh3.googleusercontent.com/d/=w1200,in_stock,1800 INR,Kailash Kalamkari,new,212,Apparel & Accessories > Clothing > Traditional Clothing > Pen Kalamkari Dupattas
DBMD484,Kailash Kalamkari Srikalahasthi Pen Kalamkari Hand-Painted Bangalore Silk multicoloured Dupatta - DBMD484,Authentic hand-painted Srikalahasthi (Srikalahasti) Pen Kalamkari Bangalore Silk multicoloured Dupatta (Code: DBMD484). 100% natural organic vegetable dyes hand-drawn using traditional tamarind twig pens directly from Kailash Kalamkari master artisans since 1984.,https://www.kailash-kalamkari.com/?department=dupatta&product=srikalahasthi-pen-kalamkari-bangalore-silk-multicoloured-DBMD484,https://lh3.googleusercontent.com/d/=w1200,in_stock,1800 INR,Kailash Kalamkari,new,212,Apparel & Accessories > Clothing > Traditional Clothing > Pen Kalamkari Dupattas
DBMD485,Kailash Kalamkari Srikalahasthi Pen Kalamkari Hand-Painted Bangalore Silk multicoloured Dupatta - DBMD485,Authentic hand-painted Srikalahasthi (Srikalahasti) Pen Kalamkari Bangalore Silk multicoloured Dupatta (Code: DBMD485). 100% natural organic vegetable dyes hand-drawn using traditional tamarind twig pens directly from Kailash Kalamkari master artisans since 1984.,https://www.kailash-kalamkari.com/?department=dupatta&product=srikalahasthi-pen-kalamkari-bangalore-silk-multicoloured-DBMD485,https://lh3.googleusercontent.com/d/=w1200,in_stock,1800 INR,Kailash Kalamkari,new,212,Apparel & Accessories > Clothing > Traditional Clothing > Pen Kalamkari Dupattas
DBMD486,Kailash Kalamkari Srikalahasthi Pen Kalamkari Hand-Painted Bangalore Silk multicoloured Dupatta - DBMD486,Authentic hand-painted Srikalahasthi (Srikalahasti) Pen Kalamkari Bangalore Silk multicoloured Dupatta (Code: DBMD486). 100% natural organic vegetable dyes hand-drawn using traditional tamarind twig pens directly from Kailash Kalamkari master artisans since 1984.,https://www.kailash-kalamkari.com/?department=dupatta&product=srikalahasthi-pen-kalamkari-bangalore-silk-multicoloured-DBMD486,https://lh3.googleusercontent.com/d/=w1200,in_stock,1800 INR,Kailash Kalamkari,new,212,Apparel & Accessories > Clothing > Traditional Clothing > Pen Kalamkari Dupattas
DBMD487,Kailash Kalamkari Srikalahasthi Pen Kalamkari Hand-Painted Bangalore Silk multicoloured Dupatta - DBMD487,Authentic hand-painted Srikalahasthi (Srikalahasti) Pen Kalamkari Bangalore Silk multicoloured Dupatta (Code: DBMD487). 100% natural organic vegetable dyes hand-drawn using traditional tamarind twig pens directly from Kailash Kalamkari master artisans since 1984.,https://www.kailash-kalamkari.com/?department=dupatta&product=srikalahasthi-pen-kalamkari-bangalore-silk-multicoloured-DBMD487,https://lh3.googleusercontent.com/d/=w1200,in_stock,1800 INR,Kailash Kalamkari,new,212,Apparel & Accessories > Clothing > Traditional Clothing > Pen Kalamkari Dupattas
DBMD488,Kailash Kalamkari Srikalahasthi Pen Kalamkari Hand-Painted Bangalore Silk multicoloured Dupatta - DBMD488,Authentic hand-painted Srikalahasthi (Srikalahasti) Pen Kalamkari Bangalore Silk multicoloured Dupatta (Code: DBMD488). 100% natural organic vegetable dyes hand-drawn using traditional tamarind twig pens directly from Kailash Kalamkari master artisans since 1984.,https://www.kailash-kalamkari.com/?department=dupatta&product=srikalahasthi-pen-kalamkari-bangalore-silk-multicoloured-DBMD488,https://lh3.googleusercontent.com/d/=w1200,in_stock,1800 INR,Kailash Kalamkari,new,212,Apparel & Accessories > Clothing > Traditional Clothing > Pen Kalamkari Dupattas
DBMD489,Kailash Kalamkari Srikalahasthi Pen Kalamkari Hand-Painted Bangalore Silk multicoloured Dupatta - DBMD489,Authentic hand-painted Srikalahasthi (Srikalahasti) Pen Kalamkari Bangalore Silk multicoloured Dupatta (Code: DBMD489). 100% natural organic vegetable dyes hand-drawn using traditional tamarind twig pens directly from Kailash Kalamkari master artisans since 1984.,https://www.kailash-kalamkari.com/?department=dupatta&product=srikalahasthi-pen-kalamkari-bangalore-silk-multicoloured-DBMD489,https://lh3.googleusercontent.com/d/=w1200,in_stock,1800 INR,Kailash Kalamkari,new,212,Apparel & Accessories > Clothing > Traditional Clothing > Pen Kalamkari Dupattas
DBMD490,Kailash Kalamkari Srikalahasthi Pen Kalamkari Hand-Painted Bangalore Silk multicoloured Dupatta - DBMD490,Authentic hand-painted Srikalahasthi (Srikalahasti) Pen Kalamkari Bangalore Silk multicoloured Dupatta (Code: DBMD490). 100% natural organic vegetable dyes hand-drawn using traditional tamarind twig pens directly from Kailash Kalamkari master artisans since 1984.,https://www.kailash-kalamkari.com/?department=dupatta&product=srikalahasthi-pen-kalamkari-bangalore-silk-multicoloured-DBMD490,https://lh3.googleusercontent.com/d/=w1200,in_stock,1800 INR,Kailash Kalamkari,new,212,Apparel & Accessories > Clothing > Traditional Clothing > Pen Kalamkari Dupattas
DBMD491,Kailash Kalamkari Srikalahasthi Pen Kalamkari Hand-Painted Bangalore Silk multicoloured Dupatta - DBMD491,Authentic hand-painted Srikalahasthi (Srikalahasti) Pen Kalamkari Bangalore Silk multicoloured Dupatta (Code: DBMD491). 100% natural organic vegetable dyes hand-drawn using traditional tamarind twig pens directly from Kailash Kalamkari master artisans since 1984.,https://www.kailash-kalamkari.com/?department=dupatta&product=srikalahasthi-pen-kalamkari-bangalore-silk-multicoloured-DBMD491,https://lh3.googleusercontent.com/d/=w1200,in_stock,1800 INR,Kailash Kalamkari,new,212,Apparel & Accessories > Clothing > Traditional Clothing > Pen Kalamkari Dupattas
DBMD492,Kailash Kalamkari Srikalahasthi Pen Kalamkari Hand-Painted Bangalore Silk multicoloured Dupatta - DBMD492,Authentic hand-painted Srikalahasthi (Srikalahasti) Pen Kalamkari Bangalore Silk multicoloured Dupatta (Code: DBMD492). 100% natural organic vegetable dyes hand-drawn using traditional tamarind twig pens directly from Kailash Kalamkari master artisans since 1984.,https://www.kailash-kalamkari.com/?department=dupatta&product=srikalahasthi-pen-kalamkari-bangalore-silk-multicoloured-DBMD492,https://lh3.googleusercontent.com/d/=w1200,in_stock,1800 INR,Kailash Kalamkari,new,212,Apparel & Accessories > Clothing > Traditional Clothing > Pen Kalamkari Dupattas
DBMD493,Kailash Kalamkari Srikalahasthi Pen Kalamkari Hand-Painted Bangalore Silk multicoloured Dupatta - DBMD493,Authentic hand-painted Srikalahasthi (Srikalahasti) Pen Kalamkari Bangalore Silk multicoloured Dupatta (Code: DBMD493). 100% natural organic vegetable dyes hand-drawn using traditional tamarind twig pens directly from Kailash Kalamkari master artisans since 1984.,https://www.kailash-kalamkari.com/?department=dupatta&product=srikalahasthi-pen-kalamkari-bangalore-silk-multicoloured-DBMD493,https://lh3.googleusercontent.com/d/=w1200,in_stock,1800 INR,Kailash Kalamkari,new,212,Apparel & Accessories > Clothing > Traditional Clothing > Pen Kalamkari Dupattas
DBMD495,Kailash Kalamkari Srikalahasthi Pen Kalamkari Hand-Painted Bangalore Silk multicoloured Dupatta - DBMD495,Authentic hand-painted Srikalahasthi (Srikalahasti) Pen Kalamkari Bangalore Silk multicoloured Dupatta (Code: DBMD495). 100% natural organic vegetable dyes hand-drawn using traditional tamarind twig pens directly from Kailash Kalamkari master artisans since 1984.,https://www.kailash-kalamkari.com/?department=dupatta&product=srikalahasthi-pen-kalamkari-bangalore-silk-multicoloured-DBMD495,https://lh3.googleusercontent.com/d/=w1200,in_stock,1800 INR,Kailash Kalamkari,new,212,Apparel & Accessories > Clothing > Traditional Clothing > Pen Kalamkari Dupattas
DBMD496,Kailash Kalamkari Srikalahasthi Pen Kalamkari Hand-Painted Bangalore Silk multicoloured Dupatta - DBMD496,Authentic hand-painted Srikalahasthi (Srikalahasti) Pen Kalamkari Bangalore Silk multicoloured Dupatta (Code: DBMD496). 100% natural organic vegetable dyes hand-drawn using traditional tamarind twig pens directly from Kailash Kalamkari master artisans since 1984.,https://www.kailash-kalamkari.com/?department=dupatta&product=srikalahasthi-pen-kalamkari-bangalore-silk-multicoloured-DBMD496,https://lh3.googleusercontent.com/d/=w1200,in_stock,1800 INR,Kailash Kalamkari,new,212,Apparel & Accessories > Clothing > Traditional Clothing > Pen Kalamkari Dupattas
DBMD497,Kailash Kalamkari Srikalahasthi Pen Kalamkari Hand-Painted Bangalore Silk multicoloured Dupatta - DBMD497,Authentic hand-painted Srikalahasthi (Srikalahasti) Pen Kalamkari Bangalore Silk multicoloured Dupatta (Code: DBMD497). 100% natural organic vegetable dyes hand-drawn using traditional tamarind twig pens directly from Kailash Kalamkari master artisans since 1984.,https://www.kailash-kalamkari.com/?department=dupatta&product=srikalahasthi-pen-kalamkari-bangalore-silk-multicoloured-DBMD497,https://lh3.googleusercontent.com/d/=w1200,in_stock,1800 INR,Kailash Kalamkari,new,212,Apparel & Accessories > Clothing > Traditional Clothing > Pen Kalamkari Dupattas
DBMD500,Kailash Kalamkari Srikalahasthi Pen Kalamkari Hand-Painted Bangalore Silk multicoloured Dupatta - DBMD500,Authentic hand-painted Srikalahasthi (Srikalahasti) Pen Kalamkari Bangalore Silk multicoloured Dupatta (Code: DBMD500). 100% natural organic vegetable dyes hand-drawn using traditional tamarind twig pens directly from Kailash Kalamkari master artisans since 1984.,https://www.kailash-kalamkari.com/?department=dupatta&product=srikalahasthi-pen-kalamkari-bangalore-silk-multicoloured-DBMD500,https://lh3.googleusercontent.com/d/=w1200,in_stock,1800 INR,Kailash Kalamkari,new,212,Apparel & Accessories > Clothing > Traditional Clothing > Pen Kalamkari Dupattas
DBMD501,Kailash Kalamkari Srikalahasthi Pen Kalamkari Hand-Painted Bangalore Silk multicoloured Dupatta - DBMD501,Authentic hand-painted Srikalahasthi (Srikalahasti) Pen Kalamkari Bangalore Silk multicoloured Dupatta (Code: DBMD501). 100% natural organic vegetable dyes hand-drawn using traditional tamarind twig pens directly from Kailash Kalamkari master artisans since 1984.,https://www.kailash-kalamkari.com/?department=dupatta&product=srikalahasthi-pen-kalamkari-bangalore-silk-multicoloured-DBMD501,https://lh3.googleusercontent.com/d/=w1200,in_stock,1800 INR,Kailash Kalamkari,new,212,Apparel & Accessories > Clothing > Traditional Clothing > Pen Kalamkari Dupattas
DBMD502,Kailash Kalamkari Srikalahasthi Pen Kalamkari Hand-Painted Bangalore Silk multicoloured Dupatta - DBMD502,Authentic hand-painted Srikalahasthi (Srikalahasti) Pen Kalamkari Bangalore Silk multicoloured Dupatta (Code: DBMD502). 100% natural organic vegetable dyes hand-drawn using traditional tamarind twig pens directly from Kailash Kalamkari master artisans since 1984.,https://www.kailash-kalamkari.com/?department=dupatta&product=srikalahasthi-pen-kalamkari-bangalore-silk-multicoloured-DBMD502,https://lh3.googleusercontent.com/d/=w1200,in_stock,1800 INR,Kailash Kalamkari,new,212,Apparel & Accessories > Clothing > Traditional Clothing > Pen Kalamkari Dupattas
DBMD503,Kailash Kalamkari Srikalahasthi Pen Kalamkari Hand-Painted Bangalore Silk multicoloured Dupatta - DBMD503,Authentic hand-painted Srikalahasthi (Srikalahasti) Pen Kalamkari Bangalore Silk multicoloured Dupatta (Code: DBMD503). 100% natural organic vegetable dyes hand-drawn using traditional tamarind twig pens directly from Kailash Kalamkari master artisans since 1984.,https://www.kailash-kalamkari.com/?department=dupatta&product=srikalahasthi-pen-kalamkari-bangalore-silk-multicoloured-DBMD503,https://lh3.googleusercontent.com/d/=w1200,in_stock,1800 INR,Kailash Kalamkari,new,212,Apparel & Accessories > Clothing > Traditional Clothing > Pen Kalamkari Dupattas
DBMD504,Kailash Kalamkari Srikalahasthi Pen Kalamkari Hand-Painted Bangalore Silk multicoloured Dupatta - DBMD504,Authentic hand-painted Srikalahasthi (Srikalahasti) Pen Kalamkari Bangalore Silk multicoloured Dupatta (Code: DBMD504). 100% natural organic vegetable dyes hand-drawn using traditional tamarind twig pens directly from Kailash Kalamkari master artisans since 1984.,https://www.kailash-kalamkari.com/?department=dupatta&product=srikalahasthi-pen-kalamkari-bangalore-silk-multicoloured-DBMD504,https://lh3.googleusercontent.com/d/=w1200,in_stock,1800 INR,Kailash Kalamkari,new,212,Apparel & Accessories > Clothing > Traditional Clothing > Pen Kalamkari Dupattas
DBMD505,Kailash Kalamkari Srikalahasthi Pen Kalamkari Hand-Painted Bangalore Silk multicoloured Dupatta - DBMD505,Authentic hand-painted Srikalahasthi (Srikalahasti) Pen Kalamkari Bangalore Silk multicoloured Dupatta (Code: DBMD505). 100% natural organic vegetable dyes hand-drawn using traditional tamarind twig pens directly from Kailash Kalamkari master artisans since 1984.,https://www.kailash-kalamkari.com/?department=dupatta&product=srikalahasthi-pen-kalamkari-bangalore-silk-multicoloured-DBMD505,https://lh3.googleusercontent.com/d/=w1200,in_stock,1800 INR,Kailash Kalamkari,new,212,Apparel & Accessories > Clothing > Traditional Clothing > Pen Kalamkari Dupattas
DBMD507,Kailash Kalamkari Srikalahasthi Pen Kalamkari Hand-Painted Bangalore Silk multicoloured Dupatta - DBMD507,Authentic hand-painted Srikalahasthi (Srikalahasti) Pen Kalamkari Bangalore Silk multicoloured Dupatta (Code: DBMD507). 100% natural organic vegetable dyes hand-drawn using traditional tamarind twig pens directly from Kailash Kalamkari master artisans since 1984.,https://www.kailash-kalamkari.com/?department=dupatta&product=srikalahasthi-pen-kalamkari-bangalore-silk-multicoloured-DBMD507,https://lh3.googleusercontent.com/d/=w1200,in_stock,1800 INR,Kailash Kalamkari,new,212,Apparel & Accessories > Clothing > Traditional Clothing > Pen Kalamkari Dupattas
DBMD508,Kailash Kalamkari Srikalahasthi Pen Kalamkari Hand-Painted Bangalore Silk multicoloured Dupatta - DBMD508,Authentic hand-painted Srikalahasthi (Srikalahasti) Pen Kalamkari Bangalore Silk multicoloured Dupatta (Code: DBMD508). 100% natural organic vegetable dyes hand-drawn using traditional tamarind twig pens directly from Kailash Kalamkari master artisans since 1984.,https://www.kailash-kalamkari.com/?department=dupatta&product=srikalahasthi-pen-kalamkari-bangalore-silk-multicoloured-DBMD508,https://lh3.googleusercontent.com/d/=w1200,in_stock,1800 INR,Kailash Kalamkari,new,212,Apparel & Accessories > Clothing > Traditional Clothing > Pen Kalamkari Dupattas
DBMD509,Kailash Kalamkari Srikalahasthi Pen Kalamkari Hand-Painted Bangalore Silk multicoloured Dupatta - DBMD509,Authentic hand-painted Srikalahasthi (Srikalahasti) Pen Kalamkari Bangalore Silk multicoloured Dupatta (Code: DBMD509). 100% natural organic vegetable dyes hand-drawn using traditional tamarind twig pens directly from Kailash Kalamkari master artisans since 1984.,https://www.kailash-kalamkari.com/?department=dupatta&product=srikalahasthi-pen-kalamkari-bangalore-silk-multicoloured-DBMD509,https://lh3.googleusercontent.com/d/=w1200,in_stock,1800 INR,Kailash Kalamkari,new,212,Apparel & Accessories > Clothing > Traditional Clothing > Pen Kalamkari Dupattas
DBMD510,Kailash Kalamkari Srikalahasthi Pen Kalamkari Hand-Painted Bangalore Silk multicoloured Dupatta - DBMD510,Authentic hand-painted Srikalahasthi (Srikalahasti) Pen Kalamkari Bangalore Silk multicoloured Dupatta (Code: DBMD510). 100% natural organic vegetable dyes hand-drawn using traditional tamarind twig pens directly from Kailash Kalamkari master artisans since 1984.,https://www.kailash-kalamkari.com/?department=dupatta&product=srikalahasthi-pen-kalamkari-bangalore-silk-multicoloured-DBMD510,https://lh3.googleusercontent.com/d/=w1200,in_stock,1800 INR,Kailash Kalamkari,new,212,Apparel & Accessories > Clothing > Traditional Clothing > Pen Kalamkari Dupattas
DBMD511,Kailash Kalamkari Srikalahasthi Pen Kalamkari Hand-Painted Bangalore Silk multicoloured Dupatta - DBMD511,Authentic hand-painted Srikalahasthi (Srikalahasti) Pen Kalamkari Bangalore Silk multicoloured Dupatta (Code: DBMD511). 100% natural organic vegetable dyes hand-drawn using traditional tamarind twig pens directly from Kailash Kalamkari master artisans since 1984.,https://www.kailash-kalamkari.com/?department=dupatta&product=srikalahasthi-pen-kalamkari-bangalore-silk-multicoloured-DBMD511,https://lh3.googleusercontent.com/d/=w1200,in_stock,1800 INR,Kailash Kalamkari,new,212,Apparel & Accessories > Clothing > Traditional Clothing > Pen Kalamkari Dupattas
DBSD044,Kailash Kalamkari Srikalahasthi Pen Kalamkari Hand-Painted Bangalore Silk multicoloured Dupatta - DBSD044,Authentic hand-painted Srikalahasthi (Srikalahasti) Pen Kalamkari Bangalore Silk multicoloured Dupatta (Code: DBSD044). 100% natural organic vegetable dyes hand-drawn using traditional tamarind twig pens directly from Kailash Kalamkari master artisans since 1984.,https://www.kailash-kalamkari.com/?department=dupatta&product=srikalahasthi-pen-kalamkari-bangalore-silk-multicoloured-DBSD044,https://lh3.googleusercontent.com/d/=w1200,in_stock,2500 INR,Kailash Kalamkari,new,212,Apparel & Accessories > Clothing > Traditional Clothing > Pen Kalamkari Dupattas
DPUR063,Kailash Kalamkari Srikalahasthi Pen Kalamkari Hand-Painted Pure kanchipuram floral Dupatta - DPUR063,Authentic hand-painted Srikalahasthi (Srikalahasti) Pen Kalamkari Pure kanchipuram floral Dupatta (Code: DPUR063). 100% natural organic vegetable dyes hand-drawn using traditional tamarind twig pens directly from Kailash Kalamkari master artisans since 1984.,https://www.kailash-kalamkari.com/?department=dupatta&product=srikalahasthi-pen-kalamkari-pure-kanchipuram-floral-DPUR063,https://lh3.googleusercontent.com/d/=w1200,in_stock,12500 INR,Kailash Kalamkari,new,212,Apparel & Accessories > Clothing > Traditional Clothing > Pen Kalamkari Dupattas
DPUR064,Kailash Kalamkari Srikalahasthi Pen Kalamkari Hand-Painted Pure kanchipuram floral Dupatta - DPUR064,Authentic hand-painted Srikalahasthi (Srikalahasti) Pen Kalamkari Pure kanchipuram floral Dupatta (Code: DPUR064). 100% natural organic vegetable dyes hand-drawn using traditional tamarind twig pens directly from Kailash Kalamkari master artisans since 1984.,https://www.kailash-kalamkari.com/?department=dupatta&product=srikalahasthi-pen-kalamkari-pure-kanchipuram-floral-DPUR064,https://lh3.googleusercontent.com/d/=w1200,in_stock,12500 INR,Kailash Kalamkari,new,212,Apparel & Accessories > Clothing > Traditional Clothing > Pen Kalamkari Dupattas
DPUR065,Kailash Kalamkari Srikalahasthi Pen Kalamkari Hand-Painted Pure kanchipuram floral Dupatta - DPUR065,Authentic hand-painted Srikalahasthi (Srikalahasti) Pen Kalamkari Pure kanchipuram floral Dupatta (Code: DPUR065). 100% natural organic vegetable dyes hand-drawn using traditional tamarind twig pens directly from Kailash Kalamkari master artisans since 1984.,https://www.kailash-kalamkari.com/?department=dupatta&product=srikalahasthi-pen-kalamkari-pure-kanchipuram-floral-DPUR065,https://lh3.googleusercontent.com/d/=w1200,in_stock,12500 INR,Kailash Kalamkari,new,212,Apparel & Accessories > Clothing > Traditional Clothing > Pen Kalamkari Dupattas
DPUR066,Kailash Kalamkari Srikalahasthi Pen Kalamkari Hand-Painted Pure kanchipuram floral Dupatta - DPUR066,Authentic hand-painted Srikalahasthi (Srikalahasti) Pen Kalamkari Pure kanchipuram floral Dupatta (Code: DPUR066). 100% natural organic vegetable dyes hand-drawn using traditional tamarind twig pens directly from Kailash Kalamkari master artisans since 1984.,https://www.kailash-kalamkari.com/?department=dupatta&product=srikalahasthi-pen-kalamkari-pure-kanchipuram-floral-DPUR066,https://lh3.googleusercontent.com/d/=w1200,in_stock,12500 INR,Kailash Kalamkari,new,212,Apparel & Accessories > Clothing > Traditional Clothing > Pen Kalamkari Dupattas
DPUR067,Kailash Kalamkari Srikalahasthi Pen Kalamkari Hand-Painted Pure kanchipuram floral Dupatta - DPUR067,Authentic hand-painted Srikalahasthi (Srikalahasti) Pen Kalamkari Pure kanchipuram floral Dupatta (Code: DPUR067). 100% natural organic vegetable dyes hand-drawn using traditional tamarind twig pens directly from Kailash Kalamkari master artisans since 1984.,https://www.kailash-kalamkari.com/?department=dupatta&product=srikalahasthi-pen-kalamkari-pure-kanchipuram-floral-DPUR067,https://lh3.googleusercontent.com/d/=w1200,in_stock,12500 INR,Kailash Kalamkari,new,212,Apparel & Accessories > Clothing > Traditional Clothing > Pen Kalamkari Dupattas
DPUR070,Kailash Kalamkari Srikalahasthi Pen Kalamkari Hand-Painted Pure Kanchipuram story Dupatta - DPUR070,Authentic hand-painted Srikalahasthi (Srikalahasti) Pen Kalamkari Pure Kanchipuram story Dupatta (Code: DPUR070). 100% natural organic vegetable dyes hand-drawn using traditional tamarind twig pens directly from Kailash Kalamkari master artisans since 1984.,https://www.kailash-kalamkari.com/?department=dupatta&product=srikalahasthi-pen-kalamkari-pure-kanchipuram-story-DPUR070,https://lh3.googleusercontent.com/d/=w1200,in_stock,13500 INR,Kailash Kalamkari,new,212,Apparel & Accessories > Clothing > Traditional Clothing > Pen Kalamkari Dupattas
DIKK035,Kailash Kalamkari Srikalahasthi Pen Kalamkari Hand-Painted Ikkat silk Dupatta - DIKK035,Authentic hand-painted Srikalahasthi (Srikalahasti) Pen Kalamkari Ikkat silk Dupatta (Code: DIKK035). 100% natural organic vegetable dyes hand-drawn using traditional tamarind twig pens directly from Kailash Kalamkari master artisans since 1984.,https://www.kailash-kalamkari.com/?department=dupatta&product=srikalahasthi-pen-kalamkari-ikkat-silk-DIKK035,https://lh3.googleusercontent.com/d/=w1200,in_stock,2400 INR,Kailash Kalamkari,new,212,Apparel & Accessories > Clothing > Traditional Clothing > Pen Kalamkari Dupattas
DIKK036,Kailash Kalamkari Srikalahasthi Pen Kalamkari Hand-Painted Ikkat silk Dupatta - DIKK036,Authentic hand-painted Srikalahasthi (Srikalahasti) Pen Kalamkari Ikkat silk Dupatta (Code: DIKK036). 100% natural organic vegetable dyes hand-drawn using traditional tamarind twig pens directly from Kailash Kalamkari master artisans since 1984.,https://www.kailash-kalamkari.com/?department=dupatta&product=srikalahasthi-pen-kalamkari-ikkat-silk-DIKK036,https://lh3.googleusercontent.com/d/=w1200,in_stock,2400 INR,Kailash Kalamkari,new,212,Apparel & Accessories > Clothing > Traditional Clothing > Pen Kalamkari Dupattas
DIKK037,Kailash Kalamkari Srikalahasthi Pen Kalamkari Hand-Painted Ikkat silk Dupatta - DIKK037,Authentic hand-painted Srikalahasthi (Srikalahasti) Pen Kalamkari Ikkat silk Dupatta (Code: DIKK037). 100% natural organic vegetable dyes hand-drawn using traditional tamarind twig pens directly from Kailash Kalamkari master artisans since 1984.,https://www.kailash-kalamkari.com/?department=dupatta&product=srikalahasthi-pen-kalamkari-ikkat-silk-DIKK037,https://lh3.googleusercontent.com/d/=w1200,in_stock,2400 INR,Kailash Kalamkari,new,212,Apparel & Accessories > Clothing > Traditional Clothing > Pen Kalamkari Dupattas
DIKK038,Kailash Kalamkari Srikalahasthi Pen Kalamkari Hand-Painted Ikkat silk Dupatta - DIKK038,Authentic hand-painted Srikalahasthi (Srikalahasti) Pen Kalamkari Ikkat silk Dupatta (Code: DIKK038). 100% natural organic vegetable dyes hand-drawn using traditional tamarind twig pens directly from Kailash Kalamkari master artisans since 1984.,https://www.kailash-kalamkari.com/?department=dupatta&product=srikalahasthi-pen-kalamkari-ikkat-silk-DIKK038,https://lh3.googleusercontent.com/d/=w1200,in_stock,2400 INR,Kailash Kalamkari,new,212,Apparel & Accessories > Clothing > Traditional Clothing > Pen Kalamkari Dupattas
DIKK039,Kailash Kalamkari Srikalahasthi Pen Kalamkari Hand-Painted Ikkat silk Dupatta - DIKK039,Authentic hand-painted Srikalahasthi (Srikalahasti) Pen Kalamkari Ikkat silk Dupatta (Code: DIKK039). 100% natural organic vegetable dyes hand-drawn using traditional tamarind twig pens directly from Kailash Kalamkari master artisans since 1984.,https://www.kailash-kalamkari.com/?department=dupatta&product=srikalahasthi-pen-kalamkari-ikkat-silk-DIKK039,https://lh3.googleusercontent.com/d/=w1200,in_stock,2400 INR,Kailash Kalamkari,new,212,Apparel & Accessories > Clothing > Traditional Clothing > Pen Kalamkari Dupattas
DIKK040,Kailash Kalamkari Srikalahasthi Pen Kalamkari Hand-Painted Ikkat silk Dupatta - DIKK040,Authentic hand-painted Srikalahasthi (Srikalahasti) Pen Kalamkari Ikkat silk Dupatta (Code: DIKK040). 100% natural organic vegetable dyes hand-drawn using traditional tamarind twig pens directly from Kailash Kalamkari master artisans since 1984.,https://www.kailash-kalamkari.com/?department=dupatta&product=srikalahasthi-pen-kalamkari-ikkat-silk-DIKK040,https://lh3.googleusercontent.com/d/=w1200,in_stock,2400 INR,Kailash Kalamkari,new,212,Apparel & Accessories > Clothing > Traditional Clothing > Pen Kalamkari Dupattas
DBWD280,Kailash Kalamkari Srikalahasthi Pen Kalamkari Hand-Painted Bangalore Silk black&white Dupatta - DBWD280,Authentic hand-painted Srikalahasthi (Srikalahasti) Pen Kalamkari Bangalore Silk black&white Dupatta (Code: DBWD280). 100% natural organic vegetable dyes hand-drawn using traditional tamarind twig pens directly from Kailash Kalamkari master artisans since 1984.,https://www.kailash-kalamkari.com/?department=dupatta&product=srikalahasthi-pen-kalamkari-bangalore-silk-black-white-DBWD280,https://lh3.googleusercontent.com/d/=w1200,in_stock,1100 INR,Kailash Kalamkari,new,212,Apparel & Accessories > Clothing > Traditional Clothing > Pen Kalamkari Dupattas
DBWD281,Kailash Kalamkari Srikalahasthi Pen Kalamkari Hand-Painted Bangalore Silk black&white Dupatta - DBWD281,Authentic hand-painted Srikalahasthi (Srikalahasti) Pen Kalamkari Bangalore Silk black&white Dupatta (Code: DBWD281). 100% natural organic vegetable dyes hand-drawn using traditional tamarind twig pens directly from Kailash Kalamkari master artisans since 1984.,https://www.kailash-kalamkari.com/?department=dupatta&product=srikalahasthi-pen-kalamkari-bangalore-silk-black-white-DBWD281,https://lh3.googleusercontent.com/d/=w1200,in_stock,1100 INR,Kailash Kalamkari,new,212,Apparel & Accessories > Clothing > Traditional Clothing > Pen Kalamkari Dupattas
DBWD282,Kailash Kalamkari Srikalahasthi Pen Kalamkari Hand-Painted Bangalore Silk black&white Dupatta - DBWD282,Authentic hand-painted Srikalahasthi (Srikalahasti) Pen Kalamkari Bangalore Silk black&white Dupatta (Code: DBWD282). 100% natural organic vegetable dyes hand-drawn using traditional tamarind twig pens directly from Kailash Kalamkari master artisans since 1984.,https://www.kailash-kalamkari.com/?department=dupatta&product=srikalahasthi-pen-kalamkari-bangalore-silk-black-white-DBWD282,https://lh3.googleusercontent.com/d/=w1200,in_stock,1100 INR,Kailash Kalamkari,new,212,Apparel & Accessories > Clothing > Traditional Clothing > Pen Kalamkari Dupattas
DBWD283,Kailash Kalamkari Srikalahasthi Pen Kalamkari Hand-Painted Bangalore Silk black&white Dupatta - DBWD283,Authentic hand-painted Srikalahasthi (Srikalahasti) Pen Kalamkari Bangalore Silk black&white Dupatta (Code: DBWD283). 100% natural organic vegetable dyes hand-drawn using traditional tamarind twig pens directly from Kailash Kalamkari master artisans since 1984.,https://www.kailash-kalamkari.com/?department=dupatta&product=srikalahasthi-pen-kalamkari-bangalore-silk-black-white-DBWD283,https://lh3.googleusercontent.com/d/=w1200,in_stock,1100 INR,Kailash Kalamkari,new,212,Apparel & Accessories > Clothing > Traditional Clothing > Pen Kalamkari Dupattas
DBWD284,Kailash Kalamkari Srikalahasthi Pen Kalamkari Hand-Painted Bangalore Silk black&white Dupatta - DBWD284,Authentic hand-painted Srikalahasthi (Srikalahasti) Pen Kalamkari Bangalore Silk black&white Dupatta (Code: DBWD284). 100% natural organic vegetable dyes hand-drawn using traditional tamarind twig pens directly from Kailash Kalamkari master artisans since 1984.,https://www.kailash-kalamkari.com/?department=dupatta&product=srikalahasthi-pen-kalamkari-bangalore-silk-black-white-DBWD284,https://lh3.googleusercontent.com/d/=w1200,in_stock,1100 INR,Kailash Kalamkari,new,212,Apparel & Accessories > Clothing > Traditional Clothing > Pen Kalamkari Dupattas
DBWD285,Kailash Kalamkari Srikalahasthi Pen Kalamkari Hand-Painted Bangalore Silk black&white Dupatta - DBWD285,Authentic hand-painted Srikalahasthi (Srikalahasti) Pen Kalamkari Bangalore Silk black&white Dupatta (Code: DBWD285). 100% natural organic vegetable dyes hand-drawn using traditional tamarind twig pens directly from Kailash Kalamkari master artisans since 1984.,https://www.kailash-kalamkari.com/?department=dupatta&product=srikalahasthi-pen-kalamkari-bangalore-silk-black-white-DBWD285,https://lh3.googleusercontent.com/d/=w1200,in_stock,1100 INR,Kailash Kalamkari,new,212,Apparel & Accessories > Clothing > Traditional Clothing > Pen Kalamkari Dupattas
DBWD286,Kailash Kalamkari Srikalahasthi Pen Kalamkari Hand-Painted Bangalore Silk black&white Dupatta - DBWD286,Authentic hand-painted Srikalahasthi (Srikalahasti) Pen Kalamkari Bangalore Silk black&white Dupatta (Code: DBWD286). 100% natural organic vegetable dyes hand-drawn using traditional tamarind twig pens directly from Kailash Kalamkari master artisans since 1984.,https://www.kailash-kalamkari.com/?department=dupatta&product=srikalahasthi-pen-kalamkari-bangalore-silk-black-white-DBWD286,https://lh3.googleusercontent.com/d/=w1200,in_stock,1100 INR,Kailash Kalamkari,new,212,Apparel & Accessories > Clothing > Traditional Clothing > Pen Kalamkari Dupattas
DBWD287,Kailash Kalamkari Srikalahasthi Pen Kalamkari Hand-Painted Bangalore Silk black&white Dupatta - DBWD287,Authentic hand-painted Srikalahasthi (Srikalahasti) Pen Kalamkari Bangalore Silk black&white Dupatta (Code: DBWD287). 100% natural organic vegetable dyes hand-drawn using traditional tamarind twig pens directly from Kailash Kalamkari master artisans since 1984.,https://www.kailash-kalamkari.com/?department=dupatta&product=srikalahasthi-pen-kalamkari-bangalore-silk-black-white-DBWD287,https://lh3.googleusercontent.com/d/=w1200,in_stock,1100 INR,Kailash Kalamkari,new,212,Apparel & Accessories > Clothing > Traditional Clothing > Pen Kalamkari Dupattas
DBWD289,Kailash Kalamkari Srikalahasthi Pen Kalamkari Hand-Painted Bangalore Silk black&white Dupatta - DBWD289,Authentic hand-painted Srikalahasthi (Srikalahasti) Pen Kalamkari Bangalore Silk black&white Dupatta (Code: DBWD289). 100% natural organic vegetable dyes hand-drawn using traditional tamarind twig pens directly from Kailash Kalamkari master artisans since 1984.,https://www.kailash-kalamkari.com/?department=dupatta&product=srikalahasthi-pen-kalamkari-bangalore-silk-black-white-DBWD289,https://lh3.googleusercontent.com/d/=w1200,in_stock,1100 INR,Kailash Kalamkari,new,212,Apparel & Accessories > Clothing > Traditional Clothing > Pen Kalamkari Dupattas
DBWD295,Kailash Kalamkari Srikalahasthi Pen Kalamkari Hand-Painted Bangalore Silk black&white Dupatta - DBWD295,Authentic hand-painted Srikalahasthi (Srikalahasti) Pen Kalamkari Bangalore Silk black&white Dupatta (Code: DBWD295). 100% natural organic vegetable dyes hand-drawn using traditional tamarind twig pens directly from Kailash Kalamkari master artisans since 1984.,https://www.kailash-kalamkari.com/?department=dupatta&product=srikalahasthi-pen-kalamkari-bangalore-silk-black-white-DBWD295,https://lh3.googleusercontent.com/d/=w1200,in_stock,1100 INR,Kailash Kalamkari,new,212,Apparel & Accessories > Clothing > Traditional Clothing > Pen Kalamkari Dupattas
DBWD296,Kailash Kalamkari Srikalahasthi Pen Kalamkari Hand-Painted Bangalore Silk black&white Dupatta - DBWD296,Authentic hand-painted Srikalahasthi (Srikalahasti) Pen Kalamkari Bangalore Silk black&white Dupatta (Code: DBWD296). 100% natural organic vegetable dyes hand-drawn using traditional tamarind twig pens directly from Kailash Kalamkari master artisans since 1984.,https://www.kailash-kalamkari.com/?department=dupatta&product=srikalahasthi-pen-kalamkari-bangalore-silk-black-white-DBWD296,https://lh3.googleusercontent.com/d/=w1200,in_stock,1100 INR,Kailash Kalamkari,new,212,Apparel & Accessories > Clothing > Traditional Clothing > Pen Kalamkari Dupattas
DBWD297,Kailash Kalamkari Srikalahasthi Pen Kalamkari Hand-Painted Bangalore Silk black&white Dupatta - DBWD297,Authentic hand-painted Srikalahasthi (Srikalahasti) Pen Kalamkari Bangalore Silk black&white Dupatta (Code: DBWD297). 100% natural organic vegetable dyes hand-drawn using traditional tamarind twig pens directly from Kailash Kalamkari master artisans since 1984.,https://www.kailash-kalamkari.com/?department=dupatta&product=srikalahasthi-pen-kalamkari-bangalore-silk-black-white-DBWD297,https://lh3.googleusercontent.com/d/=w1200,in_stock,1100 INR,Kailash Kalamkari,new,212,Apparel & Accessories > Clothing > Traditional Clothing > Pen Kalamkari Dupattas
DBWD298,Kailash Kalamkari Srikalahasthi Pen Kalamkari Hand-Painted Bangalore Silk black&white Dupatta - DBWD298,Authentic hand-painted Srikalahasthi (Srikalahasti) Pen Kalamkari Bangalore Silk black&white Dupatta (Code: DBWD298). 100% natural organic vegetable dyes hand-drawn using traditional tamarind twig pens directly from Kailash Kalamkari master artisans since 1984.,https://www.kailash-kalamkari.com/?department=dupatta&product=srikalahasthi-pen-kalamkari-bangalore-silk-black-white-DBWD298,https://lh3.googleusercontent.com/d/=w1200,in_stock,1100 INR,Kailash Kalamkari,new,212,Apparel & Accessories > Clothing > Traditional Clothing > Pen Kalamkari Dupattas
DBWD299,Kailash Kalamkari Srikalahasthi Pen Kalamkari Hand-Painted Bangalore Silk black&white Dupatta - DBWD299,Authentic hand-painted Srikalahasthi (Srikalahasti) Pen Kalamkari Bangalore Silk black&white Dupatta (Code: DBWD299). 100% natural organic vegetable dyes hand-drawn using traditional tamarind twig pens directly from Kailash Kalamkari master artisans since 1984.,https://www.kailash-kalamkari.com/?department=dupatta&product=srikalahasthi-pen-kalamkari-bangalore-silk-black-white-DBWD299,https://lh3.googleusercontent.com/d/=w1200,in_stock,1100 INR,Kailash Kalamkari,new,212,Apparel & Accessories > Clothing > Traditional Clothing > Pen Kalamkari Dupattas
DBWD300,Kailash Kalamkari Srikalahasthi Pen Kalamkari Hand-Painted Bangalore Silk black&white Dupatta - DBWD300,Authentic hand-painted Srikalahasthi (Srikalahasti) Pen Kalamkari Bangalore Silk black&white Dupatta (Code: DBWD300). 100% natural organic vegetable dyes hand-drawn using traditional tamarind twig pens directly from Kailash Kalamkari master artisans since 1984.,https://www.kailash-kalamkari.com/?department=dupatta&product=srikalahasthi-pen-kalamkari-bangalore-silk-black-white-DBWD300,https://lh3.googleusercontent.com/d/=w1200,in_stock,1100 INR,Kailash Kalamkari,new,212,Apparel & Accessories > Clothing > Traditional Clothing > Pen Kalamkari Dupattas
DBWD301,Kailash Kalamkari Srikalahasthi Pen Kalamkari Hand-Painted Bangalore Silk black&white Dupatta - DBWD301,Authentic hand-painted Srikalahasthi (Srikalahasti) Pen Kalamkari Bangalore Silk black&white Dupatta (Code: DBWD301). 100% natural organic vegetable dyes hand-drawn using traditional tamarind twig pens directly from Kailash Kalamkari master artisans since 1984.,https://www.kailash-kalamkari.com/?department=dupatta&product=srikalahasthi-pen-kalamkari-bangalore-silk-black-white-DBWD301,https://lh3.googleusercontent.com/d/=w1200,in_stock,1100 INR,Kailash Kalamkari,new,212,Apparel & Accessories > Clothing > Traditional Clothing > Pen Kalamkari Dupattas
DBWD302,Kailash Kalamkari Srikalahasthi Pen Kalamkari Hand-Painted Bangalore Silk black&white Dupatta - DBWD302,Authentic hand-painted Srikalahasthi (Srikalahasti) Pen Kalamkari Bangalore Silk black&white Dupatta (Code: DBWD302). 100% natural organic vegetable dyes hand-drawn using traditional tamarind twig pens directly from Kailash Kalamkari master artisans since 1984.,https://www.kailash-kalamkari.com/?department=dupatta&product=srikalahasthi-pen-kalamkari-bangalore-silk-black-white-DBWD302,https://lh3.googleusercontent.com/d/=w1200,in_stock,1100 INR,Kailash Kalamkari,new,212,Apparel & Accessories > Clothing > Traditional Clothing > Pen Kalamkari Dupattas
DBWD303,Kailash Kalamkari Srikalahasthi Pen Kalamkari Hand-Painted Bangalore Silk black&white Dupatta - DBWD303,Authentic hand-painted Srikalahasthi (Srikalahasti) Pen Kalamkari Bangalore Silk black&white Dupatta (Code: DBWD303). 100% natural organic vegetable dyes hand-drawn using traditional tamarind twig pens directly from Kailash Kalamkari master artisans since 1984.,https://www.kailash-kalamkari.com/?department=dupatta&product=srikalahasthi-pen-kalamkari-bangalore-silk-black-white-DBWD303,https://lh3.googleusercontent.com/d/=w1200,in_stock,1100 INR,Kailash Kalamkari,new,212,Apparel & Accessories > Clothing > Traditional Clothing > Pen Kalamkari Dupattas
DBWD304,Kailash Kalamkari Srikalahasthi Pen Kalamkari Hand-Painted Bangalore Silk black&white Dupatta - DBWD304,Authentic hand-painted Srikalahasthi (Srikalahasti) Pen Kalamkari Bangalore Silk black&white Dupatta (Code: DBWD304). 100% natural organic vegetable dyes hand-drawn using traditional tamarind twig pens directly from Kailash Kalamkari master artisans since 1984.,https://www.kailash-kalamkari.com/?department=dupatta&product=srikalahasthi-pen-kalamkari-bangalore-silk-black-white-DBWD304,https://lh3.googleusercontent.com/d/=w1200,in_stock,1100 INR,Kailash Kalamkari,new,212,Apparel & Accessories > Clothing > Traditional Clothing > Pen Kalamkari Dupattas
DBWD305,Kailash Kalamkari Srikalahasthi Pen Kalamkari Hand-Painted Bangalore Silk black&white Dupatta - DBWD305,Authentic hand-painted Srikalahasthi (Srikalahasti) Pen Kalamkari Bangalore Silk black&white Dupatta (Code: DBWD305). 100% natural organic vegetable dyes hand-drawn using traditional tamarind twig pens directly from Kailash Kalamkari master artisans since 1984.,https://www.kailash-kalamkari.com/?department=dupatta&product=srikalahasthi-pen-kalamkari-bangalore-silk-black-white-DBWD305,https://lh3.googleusercontent.com/d/=w1200,in_stock,1100 INR,Kailash Kalamkari,new,212,Apparel & Accessories > Clothing > Traditional Clothing > Pen Kalamkari Dupattas
DBWD306,Kailash Kalamkari Srikalahasthi Pen Kalamkari Hand-Painted Bangalore Silk black&white Dupatta - DBWD306,Authentic hand-painted Srikalahasthi (Srikalahasti) Pen Kalamkari Bangalore Silk black&white Dupatta (Code: DBWD306). 100% natural organic vegetable dyes hand-drawn using traditional tamarind twig pens directly from Kailash Kalamkari master artisans since 1984.,https://www.kailash-kalamkari.com/?department=dupatta&product=srikalahasthi-pen-kalamkari-bangalore-silk-black-white-DBWD306,https://lh3.googleusercontent.com/d/=w1200,in_stock,1100 INR,Kailash Kalamkari,new,212,Apparel & Accessories > Clothing > Traditional Clothing > Pen Kalamkari Dupattas
DBWD307,Kailash Kalamkari Srikalahasthi Pen Kalamkari Hand-Painted Bangalore Silk black&white Dupatta - DBWD307,Authentic hand-painted Srikalahasthi (Srikalahasti) Pen Kalamkari Bangalore Silk black&white Dupatta (Code: DBWD307). 100% natural organic vegetable dyes hand-drawn using traditional tamarind twig pens directly from Kailash Kalamkari master artisans since 1984.,https://www.kailash-kalamkari.com/?department=dupatta&product=srikalahasthi-pen-kalamkari-bangalore-silk-black-white-DBWD307,https://lh3.googleusercontent.com/d/=w1200,in_stock,1100 INR,Kailash Kalamkari,new,212,Apparel & Accessories > Clothing > Traditional Clothing > Pen Kalamkari Dupattas
DBWD308,Kailash Kalamkari Srikalahasthi Pen Kalamkari Hand-Painted Bangalore Silk black&white Dupatta - DBWD308,Authentic hand-painted Srikalahasthi (Srikalahasti) Pen Kalamkari Bangalore Silk black&white Dupatta (Code: DBWD308). 100% natural organic vegetable dyes hand-drawn using traditional tamarind twig pens directly from Kailash Kalamkari master artisans since 1984.,https://www.kailash-kalamkari.com/?department=dupatta&product=srikalahasthi-pen-kalamkari-bangalore-silk-black-white-DBWD308,https://lh3.googleusercontent.com/d/=w1200,in_stock,1100 INR,Kailash Kalamkari,new,212,Apparel & Accessories > Clothing > Traditional Clothing > Pen Kalamkari Dupattas
DBWD309,Kailash Kalamkari Srikalahasthi Pen Kalamkari Hand-Painted Bangalore Silk black&white Dupatta - DBWD309,Authentic hand-painted Srikalahasthi (Srikalahasti) Pen Kalamkari Bangalore Silk black&white Dupatta (Code: DBWD309). 100% natural organic vegetable dyes hand-drawn using traditional tamarind twig pens directly from Kailash Kalamkari master artisans since 1984.,https://www.kailash-kalamkari.com/?department=dupatta&product=srikalahasthi-pen-kalamkari-bangalore-silk-black-white-DBWD309,https://lh3.googleusercontent.com/d/=w1200,in_stock,1100 INR,Kailash Kalamkari,new,212,Apparel & Accessories > Clothing > Traditional Clothing > Pen Kalamkari Dupattas
DBWD311,Kailash Kalamkari Srikalahasthi Pen Kalamkari Hand-Painted Bangalore Silk black&white Dupatta - DBWD311,Authentic hand-painted Srikalahasthi (Srikalahasti) Pen Kalamkari Bangalore Silk black&white Dupatta (Code: DBWD311). 100% natural organic vegetable dyes hand-drawn using traditional tamarind twig pens directly from Kailash Kalamkari master artisans since 1984.,https://www.kailash-kalamkari.com/?department=dupatta&product=srikalahasthi-pen-kalamkari-bangalore-silk-black-white-DBWD311,https://lh3.googleusercontent.com/d/=w1200,in_stock,1100 INR,Kailash Kalamkari,new,212,Apparel & Accessories > Clothing > Traditional Clothing > Pen Kalamkari Dupattas
DBWD312,Kailash Kalamkari Srikalahasthi Pen Kalamkari Hand-Painted Bangalore Silk black&white Dupatta - DBWD312,Authentic hand-painted Srikalahasthi (Srikalahasti) Pen Kalamkari Bangalore Silk black&white Dupatta (Code: DBWD312). 100% natural organic vegetable dyes hand-drawn using traditional tamarind twig pens directly from Kailash Kalamkari master artisans since 1984.,https://www.kailash-kalamkari.com/?department=dupatta&product=srikalahasthi-pen-kalamkari-bangalore-silk-black-white-DBWD312,https://lh3.googleusercontent.com/d/=w1200,in_stock,1100 INR,Kailash Kalamkari,new,212,Apparel & Accessories > Clothing > Traditional Clothing > Pen Kalamkari Dupattas
DBWD313,Kailash Kalamkari Srikalahasthi Pen Kalamkari Hand-Painted Bangalore Silk black&white Dupatta - DBWD313,Authentic hand-painted Srikalahasthi (Srikalahasti) Pen Kalamkari Bangalore Silk black&white Dupatta (Code: DBWD313). 100% natural organic vegetable dyes hand-drawn using traditional tamarind twig pens directly from Kailash Kalamkari master artisans since 1984.,https://www.kailash-kalamkari.com/?department=dupatta&product=srikalahasthi-pen-kalamkari-bangalore-silk-black-white-DBWD313,https://lh3.googleusercontent.com/d/=w1200,in_stock,1100 INR,Kailash Kalamkari,new,212,Apparel & Accessories > Clothing > Traditional Clothing > Pen Kalamkari Dupattas
DBWD314,Kailash Kalamkari Srikalahasthi Pen Kalamkari Hand-Painted Bangalore Silk black&white Dupatta - DBWD314,Authentic hand-painted Srikalahasthi (Srikalahasti) Pen Kalamkari Bangalore Silk black&white Dupatta (Code: DBWD314). 100% natural organic vegetable dyes hand-drawn using traditional tamarind twig pens directly from Kailash Kalamkari master artisans since 1984.,https://www.kailash-kalamkari.com/?department=dupatta&product=srikalahasthi-pen-kalamkari-bangalore-silk-black-white-DBWD314,https://lh3.googleusercontent.com/d/=w1200,in_stock,1100 INR,Kailash Kalamkari,new,212,Apparel & Accessories > Clothing > Traditional Clothing > Pen Kalamkari Dupattas
DBWD315,Kailash Kalamkari Srikalahasthi Pen Kalamkari Hand-Painted Bangalore Silk black&white Dupatta - DBWD315,Authentic hand-painted Srikalahasthi (Srikalahasti) Pen Kalamkari Bangalore Silk black&white Dupatta (Code: DBWD315). 100% natural organic vegetable dyes hand-drawn using traditional tamarind twig pens directly from Kailash Kalamkari master artisans since 1984.,https://www.kailash-kalamkari.com/?department=dupatta&product=srikalahasthi-pen-kalamkari-bangalore-silk-black-white-DBWD315,https://lh3.googleusercontent.com/d/=w1200,in_stock,1100 INR,Kailash Kalamkari,new,212,Apparel & Accessories > Clothing > Traditional Clothing > Pen Kalamkari Dupattas
DBWD316,Kailash Kalamkari Srikalahasthi Pen Kalamkari Hand-Painted Bangalore Silk black&white Dupatta - DBWD316,Authentic hand-painted Srikalahasthi (Srikalahasti) Pen Kalamkari Bangalore Silk black&white Dupatta (Code: DBWD316). 100% natural organic vegetable dyes hand-drawn using traditional tamarind twig pens directly from Kailash Kalamkari master artisans since 1984.,https://www.kailash-kalamkari.com/?department=dupatta&product=srikalahasthi-pen-kalamkari-bangalore-silk-black-white-DBWD316,https://lh3.googleusercontent.com/d/=w1200,in_stock,1100 INR,Kailash Kalamkari,new,212,Apparel & Accessories > Clothing > Traditional Clothing > Pen Kalamkari Dupattas
DBWD317,Kailash Kalamkari Srikalahasthi Pen Kalamkari Hand-Painted Bangalore Silk black&white Dupatta - DBWD317,Authentic hand-painted Srikalahasthi (Srikalahasti) Pen Kalamkari Bangalore Silk black&white Dupatta (Code: DBWD317). 100% natural organic vegetable dyes hand-drawn using traditional tamarind twig pens directly from Kailash Kalamkari master artisans since 1984.,https://www.kailash-kalamkari.com/?department=dupatta&product=srikalahasthi-pen-kalamkari-bangalore-silk-black-white-DBWD317,https://lh3.googleusercontent.com/d/=w1200,in_stock,1100 INR,Kailash Kalamkari,new,212,Apparel & Accessories > Clothing > Traditional Clothing > Pen Kalamkari Dupattas
DBWD318,Kailash Kalamkari Srikalahasthi Pen Kalamkari Hand-Painted Bangalore Silk black&white Dupatta - DBWD318,Authentic hand-painted Srikalahasthi (Srikalahasti) Pen Kalamkari Bangalore Silk black&white Dupatta (Code: DBWD318). 100% natural organic vegetable dyes hand-drawn using traditional tamarind twig pens directly from Kailash Kalamkari master artisans since 1984.,https://www.kailash-kalamkari.com/?department=dupatta&product=srikalahasthi-pen-kalamkari-bangalore-silk-black-white-DBWD318,https://lh3.googleusercontent.com/d/=w1200,in_stock,1100 INR,Kailash Kalamkari,new,212,Apparel & Accessories > Clothing > Traditional Clothing > Pen Kalamkari Dupattas
DBWD319,Kailash Kalamkari Srikalahasthi Pen Kalamkari Hand-Painted Bangalore Silk black&white Dupatta - DBWD319,Authentic hand-painted Srikalahasthi (Srikalahasti) Pen Kalamkari Bangalore Silk black&white Dupatta (Code: DBWD319). 100% natural organic vegetable dyes hand-drawn using traditional tamarind twig pens directly from Kailash Kalamkari master artisans since 1984.,https://www.kailash-kalamkari.com/?department=dupatta&product=srikalahasthi-pen-kalamkari-bangalore-silk-black-white-DBWD319,https://lh3.googleusercontent.com/d/=w1200,in_stock,1100 INR,Kailash Kalamkari,new,212,Apparel & Accessories > Clothing > Traditional Clothing > Pen Kalamkari Dupattas
DBWD320,Kailash Kalamkari Srikalahasthi Pen Kalamkari Hand-Painted Bangalore Silk black&white Dupatta - DBWD320,Authentic hand-painted Srikalahasthi (Srikalahasti) Pen Kalamkari Bangalore Silk black&white Dupatta (Code: DBWD320). 100% natural organic vegetable dyes hand-drawn using traditional tamarind twig pens directly from Kailash Kalamkari master artisans since 1984.,https://www.kailash-kalamkari.com/?department=dupatta&product=srikalahasthi-pen-kalamkari-bangalore-silk-black-white-DBWD320,https://lh3.googleusercontent.com/d/=w1200,in_stock,1100 INR,Kailash Kalamkari,new,212,Apparel & Accessories > Clothing > Traditional Clothing > Pen Kalamkari Dupattas
DBWD321,Kailash Kalamkari Srikalahasthi Pen Kalamkari Hand-Painted Bangalore Silk black&white Dupatta - DBWD321,Authentic hand-painted Srikalahasthi (Srikalahasti) Pen Kalamkari Bangalore Silk black&white Dupatta (Code: DBWD321). 100% natural organic vegetable dyes hand-drawn using traditional tamarind twig pens directly from Kailash Kalamkari master artisans since 1984.,https://www.kailash-kalamkari.com/?department=dupatta&product=srikalahasthi-pen-kalamkari-bangalore-silk-black-white-DBWD321,https://lh3.googleusercontent.com/d/=w1200,in_stock,1100 INR,Kailash Kalamkari,new,212,Apparel & Accessories > Clothing > Traditional Clothing > Pen Kalamkari Dupattas
DBWD322,Kailash Kalamkari Srikalahasthi Pen Kalamkari Hand-Painted Bangalore Silk black&white Dupatta - DBWD322,Authentic hand-painted Srikalahasthi (Srikalahasti) Pen Kalamkari Bangalore Silk black&white Dupatta (Code: DBWD322). 100% natural organic vegetable dyes hand-drawn using traditional tamarind twig pens directly from Kailash Kalamkari master artisans since 1984.,https://www.kailash-kalamkari.com/?department=dupatta&product=srikalahasthi-pen-kalamkari-bangalore-silk-black-white-DBWD322,https://lh3.googleusercontent.com/d/=w1200,in_stock,1100 INR,Kailash Kalamkari,new,212,Apparel & Accessories > Clothing > Traditional Clothing > Pen Kalamkari Dupattas
DBWD323,Kailash Kalamkari Srikalahasthi Pen Kalamkari Hand-Painted Bangalore Silk black&white Dupatta - DBWD323,Authentic hand-painted Srikalahasthi (Srikalahasti) Pen Kalamkari Bangalore Silk black&white Dupatta (Code: DBWD323). 100% natural organic vegetable dyes hand-drawn using traditional tamarind twig pens directly from Kailash Kalamkari master artisans since 1984.,https://www.kailash-kalamkari.com/?department=dupatta&product=srikalahasthi-pen-kalamkari-bangalore-silk-black-white-DBWD323,https://lh3.googleusercontent.com/d/=w1200,in_stock,1100 INR,Kailash Kalamkari,new,212,Apparel & Accessories > Clothing > Traditional Clothing > Pen Kalamkari Dupattas
DBWD324,Kailash Kalamkari Srikalahasthi Pen Kalamkari Hand-Painted Bangalore Silk black&white Dupatta - DBWD324,Authentic hand-painted Srikalahasthi (Srikalahasti) Pen Kalamkari Bangalore Silk black&white Dupatta (Code: DBWD324). 100% natural organic vegetable dyes hand-drawn using traditional tamarind twig pens directly from Kailash Kalamkari master artisans since 1984.,https://www.kailash-kalamkari.com/?department=dupatta&product=srikalahasthi-pen-kalamkari-bangalore-silk-black-white-DBWD324,https://lh3.googleusercontent.com/d/=w1200,in_stock,1100 INR,Kailash Kalamkari,new,212,Apparel & Accessories > Clothing > Traditional Clothing > Pen Kalamkari Dupattas
DBWD325,Kailash Kalamkari Srikalahasthi Pen Kalamkari Hand-Painted Bangalore Silk black&white Dupatta - DBWD325,Authentic hand-painted Srikalahasthi (Srikalahasti) Pen Kalamkari Bangalore Silk black&white Dupatta (Code: DBWD325). 100% natural organic vegetable dyes hand-drawn using traditional tamarind twig pens directly from Kailash Kalamkari master artisans since 1984.,https://www.kailash-kalamkari.com/?department=dupatta&product=srikalahasthi-pen-kalamkari-bangalore-silk-black-white-DBWD325,https://lh3.googleusercontent.com/d/=w1200,in_stock,1100 INR,Kailash Kalamkari,new,212,Apparel & Accessories > Clothing > Traditional Clothing > Pen Kalamkari Dupattas
DBWD326,Kailash Kalamkari Srikalahasthi Pen Kalamkari Hand-Painted Bangalore Silk black&white Dupatta - DBWD326,Authentic hand-painted Srikalahasthi (Srikalahasti) Pen Kalamkari Bangalore Silk black&white Dupatta (Code: DBWD326). 100% natural organic vegetable dyes hand-drawn using traditional tamarind twig pens directly from Kailash Kalamkari master artisans since 1984.,https://www.kailash-kalamkari.com/?department=dupatta&product=srikalahasthi-pen-kalamkari-bangalore-silk-black-white-DBWD326,https://lh3.googleusercontent.com/d/=w1200,in_stock,1100 INR,Kailash Kalamkari,new,212,Apparel & Accessories > Clothing > Traditional Clothing > Pen Kalamkari Dupattas
DBWD327,Kailash Kalamkari Srikalahasthi Pen Kalamkari Hand-Painted Bangalore Silk black&white Dupatta - DBWD327,Authentic hand-painted Srikalahasthi (Srikalahasti) Pen Kalamkari Bangalore Silk black&white Dupatta (Code: DBWD327). 100% natural organic vegetable dyes hand-drawn using traditional tamarind twig pens directly from Kailash Kalamkari master artisans since 1984.,https://www.kailash-kalamkari.com/?department=dupatta&product=srikalahasthi-pen-kalamkari-bangalore-silk-black-white-DBWD327,https://lh3.googleusercontent.com/d/=w1200,in_stock,1100 INR,Kailash Kalamkari,new,212,Apparel & Accessories > Clothing > Traditional Clothing > Pen Kalamkari Dupattas
DBWD328,Kailash Kalamkari Srikalahasthi Pen Kalamkari Hand-Painted Bangalore Silk black&white Dupatta - DBWD328,Authentic hand-painted Srikalahasthi (Srikalahasti) Pen Kalamkari Bangalore Silk black&white Dupatta (Code: DBWD328). 100% natural organic vegetable dyes hand-drawn using traditional tamarind twig pens directly from Kailash Kalamkari master artisans since 1984.,https://www.kailash-kalamkari.com/?department=dupatta&product=srikalahasthi-pen-kalamkari-bangalore-silk-black-white-DBWD328,https://lh3.googleusercontent.com/d/=w1200,in_stock,1100 INR,Kailash Kalamkari,new,212,Apparel & Accessories > Clothing > Traditional Clothing > Pen Kalamkari Dupattas
DPKS405,Kailash Kalamkari Srikalahasthi Pen Kalamkari Hand-Painted Pure Kanchipuram Silk Saree - DPKS405,Authentic hand-painted Srikalahasthi (Srikalahasti) Pen Kalamkari Pure Kanchipuram Silk Saree (Code: DPKS405). 100% natural organic vegetable dyes hand-drawn using traditional tamarind twig pens directly from Kailash Kalamkari master artisans since 1984.,https://www.kailash-kalamkari.com/?department=saree&product=srikalahasthi-pen-kalamkari-pure-kanchipuram-silk-DPKS405,https://lh3.googleusercontent.com/d/=w1200,in_stock,18800 INR,Kailash Kalamkari,new,2271,Apparel & Accessories > Clothing > Traditional Clothing > Pen Kalamkari Sarees
DPKS406,Kailash Kalamkari Srikalahasthi Pen Kalamkari Hand-Painted Pure Kanchipuram Silk Saree - DPKS406,Authentic hand-painted Srikalahasthi (Srikalahasti) Pen Kalamkari Pure Kanchipuram Silk Saree (Code: DPKS406). 100% natural organic vegetable dyes hand-drawn using traditional tamarind twig pens directly from Kailash Kalamkari master artisans since 1984.,https://www.kailash-kalamkari.com/?department=saree&product=srikalahasthi-pen-kalamkari-pure-kanchipuram-silk-DPKS406,https://lh3.googleusercontent.com/d/=w1200,in_stock,18800 INR,Kailash Kalamkari,new,2271,Apparel & Accessories > Clothing > Traditional Clothing > Pen Kalamkari Sarees
DPKS482,Kailash Kalamkari Srikalahasthi Pen Kalamkari Hand-Painted Pure Kanchipuram Silk Saree - DPKS482,Authentic hand-painted Srikalahasthi (Srikalahasti) Pen Kalamkari Pure Kanchipuram Silk Saree (Code: DPKS482). 100% natural organic vegetable dyes hand-drawn using traditional tamarind twig pens directly from Kailash Kalamkari master artisans since 1984.,https://www.kailash-kalamkari.com/?department=saree&product=srikalahasthi-pen-kalamkari-pure-kanchipuram-silk-DPKS482,https://lh3.googleusercontent.com/d/=w1200,in_stock,26500 INR,Kailash Kalamkari,new,2271,Apparel & Accessories > Clothing > Traditional Clothing > Pen Kalamkari Sarees
DPKS483,Kailash Kalamkari Srikalahasthi Pen Kalamkari Hand-Painted Pure Kanchipuram Silk Saree - DPKS483,Authentic hand-painted Srikalahasthi (Srikalahasti) Pen Kalamkari Pure Kanchipuram Silk Saree (Code: DPKS483). 100% natural organic vegetable dyes hand-drawn using traditional tamarind twig pens directly from Kailash Kalamkari master artisans since 1984.,https://www.kailash-kalamkari.com/?department=saree&product=srikalahasthi-pen-kalamkari-pure-kanchipuram-silk-DPKS483,https://lh3.googleusercontent.com/d/=w1200,in_stock,26500 INR,Kailash Kalamkari,new,2271,Apparel & Accessories > Clothing > Traditional Clothing > Pen Kalamkari Sarees
DPKS407,Kailash Kalamkari Srikalahasthi Pen Kalamkari Hand-Painted Pure Kanchipuram Silk Saree - DPKS407,Authentic hand-painted Srikalahasthi (Srikalahasti) Pen Kalamkari Pure Kanchipuram Silk Saree (Code: DPKS407). 100% natural organic vegetable dyes hand-drawn using traditional tamarind twig pens directly from Kailash Kalamkari master artisans since 1984.,https://www.kailash-kalamkari.com/?department=saree&product=srikalahasthi-pen-kalamkari-pure-kanchipuram-silk-DPKS407,https://lh3.googleusercontent.com/d/=w1200,in_stock,26500 INR,Kailash Kalamkari,new,2271,Apparel & Accessories > Clothing > Traditional Clothing > Pen Kalamkari Sarees
DPKS409,Kailash Kalamkari Srikalahasthi Pen Kalamkari Hand-Painted Pure Kanchipuram Silk Saree - DPKS409,Authentic hand-painted Srikalahasthi (Srikalahasti) Pen Kalamkari Pure Kanchipuram Silk Saree (Code: DPKS409). 100% natural organic vegetable dyes hand-drawn using traditional tamarind twig pens directly from Kailash Kalamkari master artisans since 1984.,https://www.kailash-kalamkari.com/?department=saree&product=srikalahasthi-pen-kalamkari-pure-kanchipuram-silk-DPKS409,https://lh3.googleusercontent.com/d/=w1200,in_stock,26500 INR,Kailash Kalamkari,new,2271,Apparel & Accessories > Clothing > Traditional Clothing > Pen Kalamkari Sarees
DPKS410,Kailash Kalamkari Srikalahasthi Pen Kalamkari Hand-Painted Pure Kanchipuram Silk Saree - DPKS410,Authentic hand-painted Srikalahasthi (Srikalahasti) Pen Kalamkari Pure Kanchipuram Silk Saree (Code: DPKS410). 100% natural organic vegetable dyes hand-drawn using traditional tamarind twig pens directly from Kailash Kalamkari master artisans since 1984.,https://www.kailash-kalamkari.com/?department=saree&product=srikalahasthi-pen-kalamkari-pure-kanchipuram-silk-DPKS410,https://lh3.googleusercontent.com/d/=w1200,in_stock,26500 INR,Kailash Kalamkari,new,2271,Apparel & Accessories > Clothing > Traditional Clothing > Pen Kalamkari Sarees
DPKS411,Kailash Kalamkari Srikalahasthi Pen Kalamkari Hand-Painted Pure Kanchipuram Silk Saree - DPKS411,Authentic hand-painted Srikalahasthi (Srikalahasti) Pen Kalamkari Pure Kanchipuram Silk Saree (Code: DPKS411). 100% natural organic vegetable dyes hand-drawn using traditional tamarind twig pens directly from Kailash Kalamkari master artisans since 1984.,https://www.kailash-kalamkari.com/?department=saree&product=srikalahasthi-pen-kalamkari-pure-kanchipuram-silk-DPKS411,https://lh3.googleusercontent.com/d/=w1200,in_stock,26500 INR,Kailash Kalamkari,new,2271,Apparel & Accessories > Clothing > Traditional Clothing > Pen Kalamkari Sarees
DPKS412,Kailash Kalamkari Srikalahasthi Pen Kalamkari Hand-Painted Pure Kanchipuram Silk Saree - DPKS412,Authentic hand-painted Srikalahasthi (Srikalahasti) Pen Kalamkari Pure Kanchipuram Silk Saree (Code: DPKS412). 100% natural organic vegetable dyes hand-drawn using traditional tamarind twig pens directly from Kailash Kalamkari master artisans since 1984.,https://www.kailash-kalamkari.com/?department=saree&product=srikalahasthi-pen-kalamkari-pure-kanchipuram-silk-DPKS412,https://lh3.googleusercontent.com/d/=w1200,in_stock,26500 INR,Kailash Kalamkari,new,2271,Apparel & Accessories > Clothing > Traditional Clothing > Pen Kalamkari Sarees
DPKS413,Kailash Kalamkari Srikalahasthi Pen Kalamkari Hand-Painted Pure Kanchipuram Silk Saree - DPKS413,Authentic hand-painted Srikalahasthi (Srikalahasti) Pen Kalamkari Pure Kanchipuram Silk Saree (Code: DPKS413). 100% natural organic vegetable dyes hand-drawn using traditional tamarind twig pens directly from Kailash Kalamkari master artisans since 1984.,https://www.kailash-kalamkari.com/?department=saree&product=srikalahasthi-pen-kalamkari-pure-kanchipuram-silk-DPKS413,https://lh3.googleusercontent.com/d/=w1200,in_stock,26500 INR,Kailash Kalamkari,new,2271,Apparel & Accessories > Clothing > Traditional Clothing > Pen Kalamkari Sarees
DPKS414,Kailash Kalamkari Srikalahasthi Pen Kalamkari Hand-Painted Pure Kanchipuram Silk Saree - DPKS414,Authentic hand-painted Srikalahasthi (Srikalahasti) Pen Kalamkari Pure Kanchipuram Silk Saree (Code: DPKS414). 100% natural organic vegetable dyes hand-drawn using traditional tamarind twig pens directly from Kailash Kalamkari master artisans since 1984.,https://www.kailash-kalamkari.com/?department=saree&product=srikalahasthi-pen-kalamkari-pure-kanchipuram-silk-DPKS414,https://lh3.googleusercontent.com/d/=w1200,in_stock,26500 INR,Kailash Kalamkari,new,2271,Apparel & Accessories > Clothing > Traditional Clothing > Pen Kalamkari Sarees
DPKS415,Kailash Kalamkari Srikalahasthi Pen Kalamkari Hand-Painted Pure Kanchipuram Silk Saree - DPKS415,Authentic hand-painted Srikalahasthi (Srikalahasti) Pen Kalamkari Pure Kanchipuram Silk Saree (Code: DPKS415). 100% natural organic vegetable dyes hand-drawn using traditional tamarind twig pens directly from Kailash Kalamkari master artisans since 1984.,https://www.kailash-kalamkari.com/?department=saree&product=srikalahasthi-pen-kalamkari-pure-kanchipuram-silk-DPKS415,https://lh3.googleusercontent.com/d/=w1200,in_stock,26500 INR,Kailash Kalamkari,new,2271,Apparel & Accessories > Clothing > Traditional Clothing > Pen Kalamkari Sarees
DPKS416,Kailash Kalamkari Srikalahasthi Pen Kalamkari Hand-Painted Pure Kanchipuram Silk Saree - DPKS416,Authentic hand-painted Srikalahasthi (Srikalahasti) Pen Kalamkari Pure Kanchipuram Silk Saree (Code: DPKS416). 100% natural organic vegetable dyes hand-drawn using traditional tamarind twig pens directly from Kailash Kalamkari master artisans since 1984.,https://www.kailash-kalamkari.com/?department=saree&product=srikalahasthi-pen-kalamkari-pure-kanchipuram-silk-DPKS416,https://lh3.googleusercontent.com/d/=w1200,in_stock,26500 INR,Kailash Kalamkari,new,2271,Apparel & Accessories > Clothing > Traditional Clothing > Pen Kalamkari Sarees
DPKS417,Kailash Kalamkari Srikalahasthi Pen Kalamkari Hand-Painted Pure Kanchipuram Silk Saree - DPKS417,Authentic hand-painted Srikalahasthi (Srikalahasti) Pen Kalamkari Pure Kanchipuram Silk Saree (Code: DPKS417). 100% natural organic vegetable dyes hand-drawn using traditional tamarind twig pens directly from Kailash Kalamkari master artisans since 1984.,https://www.kailash-kalamkari.com/?department=saree&product=srikalahasthi-pen-kalamkari-pure-kanchipuram-silk-DPKS417,https://lh3.googleusercontent.com/d/=w1200,in_stock,26500 INR,Kailash Kalamkari,new,2271,Apparel & Accessories > Clothing > Traditional Clothing > Pen Kalamkari Sarees
DPKS418,Kailash Kalamkari Srikalahasthi Pen Kalamkari Hand-Painted Pure Kanchipuram Silk Saree - DPKS418,Authentic hand-painted Srikalahasthi (Srikalahasti) Pen Kalamkari Pure Kanchipuram Silk Saree (Code: DPKS418). 100% natural organic vegetable dyes hand-drawn using traditional tamarind twig pens directly from Kailash Kalamkari master artisans since 1984.,https://www.kailash-kalamkari.com/?department=saree&product=srikalahasthi-pen-kalamkari-pure-kanchipuram-silk-DPKS418,https://lh3.googleusercontent.com/d/=w1200,in_stock,26500 INR,Kailash Kalamkari,new,2271,Apparel & Accessories > Clothing > Traditional Clothing > Pen Kalamkari Sarees
DPKS419,Kailash Kalamkari Srikalahasthi Pen Kalamkari Hand-Painted Pure Kanchipuram Silk Saree - DPKS419,Authentic hand-painted Srikalahasthi (Srikalahasti) Pen Kalamkari Pure Kanchipuram Silk Saree (Code: DPKS419). 100% natural organic vegetable dyes hand-drawn using traditional tamarind twig pens directly from Kailash Kalamkari master artisans since 1984.,https://www.kailash-kalamkari.com/?department=saree&product=srikalahasthi-pen-kalamkari-pure-kanchipuram-silk-DPKS419,https://lh3.googleusercontent.com/d/=w1200,in_stock,26500 INR,Kailash Kalamkari,new,2271,Apparel & Accessories > Clothing > Traditional Clothing > Pen Kalamkari Sarees
DPKS420,Kailash Kalamkari Srikalahasthi Pen Kalamkari Hand-Painted Pure Kanchipuram Silk Saree - DPKS420,Authentic hand-painted Srikalahasthi (Srikalahasti) Pen Kalamkari Pure Kanchipuram Silk Saree (Code: DPKS420). 100% natural organic vegetable dyes hand-drawn using traditional tamarind twig pens directly from Kailash Kalamkari master artisans since 1984.,https://www.kailash-kalamkari.com/?department=saree&product=srikalahasthi-pen-kalamkari-pure-kanchipuram-silk-DPKS420,https://lh3.googleusercontent.com/d/=w1200,in_stock,26500 INR,Kailash Kalamkari,new,2271,Apparel & Accessories > Clothing > Traditional Clothing > Pen Kalamkari Sarees
DPKS421,Kailash Kalamkari Srikalahasthi Pen Kalamkari Hand-Painted Pure Kanchipuram Silk Saree - DPKS421,Authentic hand-painted Srikalahasthi (Srikalahasti) Pen Kalamkari Pure Kanchipuram Silk Saree (Code: DPKS421). 100% natural organic vegetable dyes hand-drawn using traditional tamarind twig pens directly from Kailash Kalamkari master artisans since 1984.,https://www.kailash-kalamkari.com/?department=saree&product=srikalahasthi-pen-kalamkari-pure-kanchipuram-silk-DPKS421,https://lh3.googleusercontent.com/d/=w1200,in_stock,26500 INR,Kailash Kalamkari,new,2271,Apparel & Accessories > Clothing > Traditional Clothing > Pen Kalamkari Sarees
DPKS422,Kailash Kalamkari Srikalahasthi Pen Kalamkari Hand-Painted Pure Kanchipuram Silk Saree - DPKS422,Authentic hand-painted Srikalahasthi (Srikalahasti) Pen Kalamkari Pure Kanchipuram Silk Saree (Code: DPKS422). 100% natural organic vegetable dyes hand-drawn using traditional tamarind twig pens directly from Kailash Kalamkari master artisans since 1984.,https://www.kailash-kalamkari.com/?department=saree&product=srikalahasthi-pen-kalamkari-pure-kanchipuram-silk-DPKS422,https://lh3.googleusercontent.com/d/=w1200,in_stock,26500 INR,Kailash Kalamkari,new,2271,Apparel & Accessories > Clothing > Traditional Clothing > Pen Kalamkari Sarees
DPKS423,Kailash Kalamkari Srikalahasthi Pen Kalamkari Hand-Painted Pure Kanchipuram Silk Saree - DPKS423,Authentic hand-painted Srikalahasthi (Srikalahasti) Pen Kalamkari Pure Kanchipuram Silk Saree (Code: DPKS423). 100% natural organic vegetable dyes hand-drawn using traditional tamarind twig pens directly from Kailash Kalamkari master artisans since 1984.,https://www.kailash-kalamkari.com/?department=saree&product=srikalahasthi-pen-kalamkari-pure-kanchipuram-silk-DPKS423,https://lh3.googleusercontent.com/d/=w1200,in_stock,26500 INR,Kailash Kalamkari,new,2271,Apparel & Accessories > Clothing > Traditional Clothing > Pen Kalamkari Sarees
DPKS424,Kailash Kalamkari Srikalahasthi Pen Kalamkari Hand-Painted Pure Kanchipuram Silk Saree - DPKS424,Authentic hand-painted Srikalahasthi (Srikalahasti) Pen Kalamkari Pure Kanchipuram Silk Saree (Code: DPKS424). 100% natural organic vegetable dyes hand-drawn using traditional tamarind twig pens directly from Kailash Kalamkari master artisans since 1984.,https://www.kailash-kalamkari.com/?department=saree&product=srikalahasthi-pen-kalamkari-pure-kanchipuram-silk-DPKS424,https://lh3.googleusercontent.com/d/=w1200,in_stock,26500 INR,Kailash Kalamkari,new,2271,Apparel & Accessories > Clothing > Traditional Clothing > Pen Kalamkari Sarees
DPKS425,Kailash Kalamkari Srikalahasthi Pen Kalamkari Hand-Painted Pure Kanchipuram Silk Saree - DPKS425,Authentic hand-painted Srikalahasthi (Srikalahasti) Pen Kalamkari Pure Kanchipuram Silk Saree (Code: DPKS425). 100% natural organic vegetable dyes hand-drawn using traditional tamarind twig pens directly from Kailash Kalamkari master artisans since 1984.,https://www.kailash-kalamkari.com/?department=saree&product=srikalahasthi-pen-kalamkari-pure-kanchipuram-silk-DPKS425,https://lh3.googleusercontent.com/d/=w1200,in_stock,26500 INR,Kailash Kalamkari,new,2271,Apparel & Accessories > Clothing > Traditional Clothing > Pen Kalamkari Sarees
DPKS426,Kailash Kalamkari Srikalahasthi Pen Kalamkari Hand-Painted Pure Kanchipuram Silk Saree - DPKS426,Authentic hand-painted Srikalahasthi (Srikalahasti) Pen Kalamkari Pure Kanchipuram Silk Saree (Code: DPKS426). 100% natural organic vegetable dyes hand-drawn using traditional tamarind twig pens directly from Kailash Kalamkari master artisans since 1984.,https://www.kailash-kalamkari.com/?department=saree&product=srikalahasthi-pen-kalamkari-pure-kanchipuram-silk-DPKS426,https://lh3.googleusercontent.com/d/=w1200,in_stock,26500 INR,Kailash Kalamkari,new,2271,Apparel & Accessories > Clothing > Traditional Clothing > Pen Kalamkari Sarees
DPKS427,Kailash Kalamkari Srikalahasthi Pen Kalamkari Hand-Painted Pure Kanchipuram Silk Saree - DPKS427,Authentic hand-painted Srikalahasthi (Srikalahasti) Pen Kalamkari Pure Kanchipuram Silk Saree (Code: DPKS427). 100% natural organic vegetable dyes hand-drawn using traditional tamarind twig pens directly from Kailash Kalamkari master artisans since 1984.,https://www.kailash-kalamkari.com/?department=saree&product=srikalahasthi-pen-kalamkari-pure-kanchipuram-silk-DPKS427,https://lh3.googleusercontent.com/d/=w1200,in_stock,26500 INR,Kailash Kalamkari,new,2271,Apparel & Accessories > Clothing > Traditional Clothing > Pen Kalamkari Sarees
DPKS428,Kailash Kalamkari Srikalahasthi Pen Kalamkari Hand-Painted Pure Kanchipuram Silk Saree - DPKS428,Authentic hand-painted Srikalahasthi (Srikalahasti) Pen Kalamkari Pure Kanchipuram Silk Saree (Code: DPKS428). 100% natural organic vegetable dyes hand-drawn using traditional tamarind twig pens directly from Kailash Kalamkari master artisans since 1984.,https://www.kailash-kalamkari.com/?department=saree&product=srikalahasthi-pen-kalamkari-pure-kanchipuram-silk-DPKS428,https://lh3.googleusercontent.com/d/=w1200,in_stock,26500 INR,Kailash Kalamkari,new,2271,Apparel & Accessories > Clothing > Traditional Clothing > Pen Kalamkari Sarees
DPKS429,Kailash Kalamkari Srikalahasthi Pen Kalamkari Hand-Painted Pure Kanchipuram Silk Saree - DPKS429,Authentic hand-painted Srikalahasthi (Srikalahasti) Pen Kalamkari Pure Kanchipuram Silk Saree (Code: DPKS429). 100% natural organic vegetable dyes hand-drawn using traditional tamarind twig pens directly from Kailash Kalamkari master artisans since 1984.,https://www.kailash-kalamkari.com/?department=saree&product=srikalahasthi-pen-kalamkari-pure-kanchipuram-silk-DPKS429,https://lh3.googleusercontent.com/d/=w1200,in_stock,26500 INR,Kailash Kalamkari,new,2271,Apparel & Accessories > Clothing > Traditional Clothing > Pen Kalamkari Sarees
DPKS430,Kailash Kalamkari Srikalahasthi Pen Kalamkari Hand-Painted Pure Kanchipuram Silk Saree - DPKS430,Authentic hand-painted Srikalahasthi (Srikalahasti) Pen Kalamkari Pure Kanchipuram Silk Saree (Code: DPKS430). 100% natural organic vegetable dyes hand-drawn using traditional tamarind twig pens directly from Kailash Kalamkari master artisans since 1984.,https://www.kailash-kalamkari.com/?department=saree&product=srikalahasthi-pen-kalamkari-pure-kanchipuram-silk-DPKS430,https://lh3.googleusercontent.com/d/=w1200,in_stock,26500 INR,Kailash Kalamkari,new,2271,Apparel & Accessories > Clothing > Traditional Clothing > Pen Kalamkari Sarees
DPKS431,Kailash Kalamkari Srikalahasthi Pen Kalamkari Hand-Painted Pure Kanchipuram Silk Saree - DPKS431,Authentic hand-painted Srikalahasthi (Srikalahasti) Pen Kalamkari Pure Kanchipuram Silk Saree (Code: DPKS431). 100% natural organic vegetable dyes hand-drawn using traditional tamarind twig pens directly from Kailash Kalamkari master artisans since 1984.,https://www.kailash-kalamkari.com/?department=saree&product=srikalahasthi-pen-kalamkari-pure-kanchipuram-silk-DPKS431,https://lh3.googleusercontent.com/d/=w1200,in_stock,26500 INR,Kailash Kalamkari,new,2271,Apparel & Accessories > Clothing > Traditional Clothing > Pen Kalamkari Sarees
DPKS432,Kailash Kalamkari Srikalahasthi Pen Kalamkari Hand-Painted Pure Kanchipuram Silk Saree - DPKS432,Authentic hand-painted Srikalahasthi (Srikalahasti) Pen Kalamkari Pure Kanchipuram Silk Saree (Code: DPKS432). 100% natural organic vegetable dyes hand-drawn using traditional tamarind twig pens directly from Kailash Kalamkari master artisans since 1984.,https://www.kailash-kalamkari.com/?department=saree&product=srikalahasthi-pen-kalamkari-pure-kanchipuram-silk-DPKS432,https://lh3.googleusercontent.com/d/=w1200,in_stock,26500 INR,Kailash Kalamkari,new,2271,Apparel & Accessories > Clothing > Traditional Clothing > Pen Kalamkari Sarees
DPKS433,Kailash Kalamkari Srikalahasthi Pen Kalamkari Hand-Painted Pure Kanchipuram Silk Saree - DPKS433,Authentic hand-painted Srikalahasthi (Srikalahasti) Pen Kalamkari Pure Kanchipuram Silk Saree (Code: DPKS433). 100% natural organic vegetable dyes hand-drawn using traditional tamarind twig pens directly from Kailash Kalamkari master artisans since 1984.,https://www.kailash-kalamkari.com/?department=saree&product=srikalahasthi-pen-kalamkari-pure-kanchipuram-silk-DPKS433,https://lh3.googleusercontent.com/d/=w1200,in_stock,26500 INR,Kailash Kalamkari,new,2271,Apparel & Accessories > Clothing > Traditional Clothing > Pen Kalamkari Sarees
DPKS434,Kailash Kalamkari Srikalahasthi Pen Kalamkari Hand-Painted Pure Kanchipuram Silk Saree - DPKS434,Authentic hand-painted Srikalahasthi (Srikalahasti) Pen Kalamkari Pure Kanchipuram Silk Saree (Code: DPKS434). 100% natural organic vegetable dyes hand-drawn using traditional tamarind twig pens directly from Kailash Kalamkari master artisans since 1984.,https://www.kailash-kalamkari.com/?department=saree&product=srikalahasthi-pen-kalamkari-pure-kanchipuram-silk-DPKS434,https://lh3.googleusercontent.com/d/=w1200,in_stock,26500 INR,Kailash Kalamkari,new,2271,Apparel & Accessories > Clothing > Traditional Clothing > Pen Kalamkari Sarees
DPKS435,Kailash Kalamkari Srikalahasthi Pen Kalamkari Hand-Painted Pure Kanchipuram Silk Saree - DPKS435,Authentic hand-painted Srikalahasthi (Srikalahasti) Pen Kalamkari Pure Kanchipuram Silk Saree (Code: DPKS435). 100% natural organic vegetable dyes hand-drawn using traditional tamarind twig pens directly from Kailash Kalamkari master artisans since 1984.,https://www.kailash-kalamkari.com/?department=saree&product=srikalahasthi-pen-kalamkari-pure-kanchipuram-silk-DPKS435,https://lh3.googleusercontent.com/d/=w1200,in_stock,26500 INR,Kailash Kalamkari,new,2271,Apparel & Accessories > Clothing > Traditional Clothing > Pen Kalamkari Sarees
DPKS436,Kailash Kalamkari Srikalahasthi Pen Kalamkari Hand-Painted Pure Kanchipuram Silk Saree - DPKS436,Authentic hand-painted Srikalahasthi (Srikalahasti) Pen Kalamkari Pure Kanchipuram Silk Saree (Code: DPKS436). 100% natural organic vegetable dyes hand-drawn using traditional tamarind twig pens directly from Kailash Kalamkari master artisans since 1984.,https://www.kailash-kalamkari.com/?department=saree&product=srikalahasthi-pen-kalamkari-pure-kanchipuram-silk-DPKS436,https://lh3.googleusercontent.com/d/=w1200,in_stock,26500 INR,Kailash Kalamkari,new,2271,Apparel & Accessories > Clothing > Traditional Clothing > Pen Kalamkari Sarees
DPKS437,Kailash Kalamkari Srikalahasthi Pen Kalamkari Hand-Painted Pure Kanchipuram Silk Saree - DPKS437,Authentic hand-painted Srikalahasthi (Srikalahasti) Pen Kalamkari Pure Kanchipuram Silk Saree (Code: DPKS437). 100% natural organic vegetable dyes hand-drawn using traditional tamarind twig pens directly from Kailash Kalamkari master artisans since 1984.,https://www.kailash-kalamkari.com/?department=saree&product=srikalahasthi-pen-kalamkari-pure-kanchipuram-silk-DPKS437,https://lh3.googleusercontent.com/d/=w1200,in_stock,26500 INR,Kailash Kalamkari,new,2271,Apparel & Accessories > Clothing > Traditional Clothing > Pen Kalamkari Sarees
DPKS438,Kailash Kalamkari Srikalahasthi Pen Kalamkari Hand-Painted Pure Kanchipuram Silk Saree - DPKS438,Authentic hand-painted Srikalahasthi (Srikalahasti) Pen Kalamkari Pure Kanchipuram Silk Saree (Code: DPKS438). 100% natural organic vegetable dyes hand-drawn using traditional tamarind twig pens directly from Kailash Kalamkari master artisans since 1984.,https://www.kailash-kalamkari.com/?department=saree&product=srikalahasthi-pen-kalamkari-pure-kanchipuram-silk-DPKS438,https://lh3.googleusercontent.com/d/=w1200,in_stock,26500 INR,Kailash Kalamkari,new,2271,Apparel & Accessories > Clothing > Traditional Clothing > Pen Kalamkari Sarees
DPKS439,Kailash Kalamkari Srikalahasthi Pen Kalamkari Hand-Painted Pure Kanchipuram Silk Saree - DPKS439,Authentic hand-painted Srikalahasthi (Srikalahasti) Pen Kalamkari Pure Kanchipuram Silk Saree (Code: DPKS439). 100% natural organic vegetable dyes hand-drawn using traditional tamarind twig pens directly from Kailash Kalamkari master artisans since 1984.,https://www.kailash-kalamkari.com/?department=saree&product=srikalahasthi-pen-kalamkari-pure-kanchipuram-silk-DPKS439,https://lh3.googleusercontent.com/d/=w1200,in_stock,26500 INR,Kailash Kalamkari,new,2271,Apparel & Accessories > Clothing > Traditional Clothing > Pen Kalamkari Sarees
DPKS440,Kailash Kalamkari Srikalahasthi Pen Kalamkari Hand-Painted Pure Kanchipuram Silk Saree - DPKS440,Authentic hand-painted Srikalahasthi (Srikalahasti) Pen Kalamkari Pure Kanchipuram Silk Saree (Code: DPKS440). 100% natural organic vegetable dyes hand-drawn using traditional tamarind twig pens directly from Kailash Kalamkari master artisans since 1984.,https://www.kailash-kalamkari.com/?department=saree&product=srikalahasthi-pen-kalamkari-pure-kanchipuram-silk-DPKS440,https://lh3.googleusercontent.com/d/=w1200,in_stock,26500 INR,Kailash Kalamkari,new,2271,Apparel & Accessories > Clothing > Traditional Clothing > Pen Kalamkari Sarees
DPKS441,Kailash Kalamkari Srikalahasthi Pen Kalamkari Hand-Painted Pure Kanchipuram Silk Saree - DPKS441,Authentic hand-painted Srikalahasthi (Srikalahasti) Pen Kalamkari Pure Kanchipuram Silk Saree (Code: DPKS441). 100% natural organic vegetable dyes hand-drawn using traditional tamarind twig pens directly from Kailash Kalamkari master artisans since 1984.,https://www.kailash-kalamkari.com/?department=saree&product=srikalahasthi-pen-kalamkari-pure-kanchipuram-silk-DPKS441,https://lh3.googleusercontent.com/d/=w1200,in_stock,26500 INR,Kailash Kalamkari,new,2271,Apparel & Accessories > Clothing > Traditional Clothing > Pen Kalamkari Sarees
DPKS442,Kailash Kalamkari Srikalahasthi Pen Kalamkari Hand-Painted Pure Kanchipuram Silk Saree - DPKS442,Authentic hand-painted Srikalahasthi (Srikalahasti) Pen Kalamkari Pure Kanchipuram Silk Saree (Code: DPKS442). 100% natural organic vegetable dyes hand-drawn using traditional tamarind twig pens directly from Kailash Kalamkari master artisans since 1984.,https://www.kailash-kalamkari.com/?department=saree&product=srikalahasthi-pen-kalamkari-pure-kanchipuram-silk-DPKS442,https://lh3.googleusercontent.com/d/=w1200,in_stock,26500 INR,Kailash Kalamkari,new,2271,Apparel & Accessories > Clothing > Traditional Clothing > Pen Kalamkari Sarees
DPKS443,Kailash Kalamkari Srikalahasthi Pen Kalamkari Hand-Painted Pure Kanchipuram Silk Saree - DPKS443,Authentic hand-painted Srikalahasthi (Srikalahasti) Pen Kalamkari Pure Kanchipuram Silk Saree (Code: DPKS443). 100% natural organic vegetable dyes hand-drawn using traditional tamarind twig pens directly from Kailash Kalamkari master artisans since 1984.,https://www.kailash-kalamkari.com/?department=saree&product=srikalahasthi-pen-kalamkari-pure-kanchipuram-silk-DPKS443,https://lh3.googleusercontent.com/d/=w1200,in_stock,26500 INR,Kailash Kalamkari,new,2271,Apparel & Accessories > Clothing > Traditional Clothing > Pen Kalamkari Sarees
DPKS444,Kailash Kalamkari Srikalahasthi Pen Kalamkari Hand-Painted Pure Kanchipuram Silk Saree - DPKS444,Authentic hand-painted Srikalahasthi (Srikalahasti) Pen Kalamkari Pure Kanchipuram Silk Saree (Code: DPKS444). 100% natural organic vegetable dyes hand-drawn using traditional tamarind twig pens directly from Kailash Kalamkari master artisans since 1984.,https://www.kailash-kalamkari.com/?department=saree&product=srikalahasthi-pen-kalamkari-pure-kanchipuram-silk-DPKS444,https://lh3.googleusercontent.com/d/=w1200,in_stock,26500 INR,Kailash Kalamkari,new,2271,Apparel & Accessories > Clothing > Traditional Clothing > Pen Kalamkari Sarees
DPKS445,Kailash Kalamkari Srikalahasthi Pen Kalamkari Hand-Painted Pure Kanchipuram Silk Saree - DPKS445,Authentic hand-painted Srikalahasthi (Srikalahasti) Pen Kalamkari Pure Kanchipuram Silk Saree (Code: DPKS445). 100% natural organic vegetable dyes hand-drawn using traditional tamarind twig pens directly from Kailash Kalamkari master artisans since 1984.,https://www.kailash-kalamkari.com/?department=saree&product=srikalahasthi-pen-kalamkari-pure-kanchipuram-silk-DPKS445,https://lh3.googleusercontent.com/d/=w1200,in_stock,26500 INR,Kailash Kalamkari,new,2271,Apparel & Accessories > Clothing > Traditional Clothing > Pen Kalamkari Sarees
DPKS446,Kailash Kalamkari Srikalahasthi Pen Kalamkari Hand-Painted Pure Kanchipuram Silk Saree - DPKS446,Authentic hand-painted Srikalahasthi (Srikalahasti) Pen Kalamkari Pure Kanchipuram Silk Saree (Code: DPKS446). 100% natural organic vegetable dyes hand-drawn using traditional tamarind twig pens directly from Kailash Kalamkari master artisans since 1984.,https://www.kailash-kalamkari.com/?department=saree&product=srikalahasthi-pen-kalamkari-pure-kanchipuram-silk-DPKS446,https://lh3.googleusercontent.com/d/=w1200,in_stock,26500 INR,Kailash Kalamkari,new,2271,Apparel & Accessories > Clothing > Traditional Clothing > Pen Kalamkari Sarees
DPKS449,Kailash Kalamkari Srikalahasthi Pen Kalamkari Hand-Painted Pure Kanchipuram Silk Saree - DPKS449,Authentic hand-painted Srikalahasthi (Srikalahasti) Pen Kalamkari Pure Kanchipuram Silk Saree (Code: DPKS449). 100% natural organic vegetable dyes hand-drawn using traditional tamarind twig pens directly from Kailash Kalamkari master artisans since 1984.,https://www.kailash-kalamkari.com/?department=saree&product=srikalahasthi-pen-kalamkari-pure-kanchipuram-silk-DPKS449,https://lh3.googleusercontent.com/d/=w1200,in_stock,26500 INR,Kailash Kalamkari,new,2271,Apparel & Accessories > Clothing > Traditional Clothing > Pen Kalamkari Sarees
DPKS450,Kailash Kalamkari Srikalahasthi Pen Kalamkari Hand-Painted Pure Kanchipuram Silk Saree - DPKS450,Authentic hand-painted Srikalahasthi (Srikalahasti) Pen Kalamkari Pure Kanchipuram Silk Saree (Code: DPKS450). 100% natural organic vegetable dyes hand-drawn using traditional tamarind twig pens directly from Kailash Kalamkari master artisans since 1984.,https://www.kailash-kalamkari.com/?department=saree&product=srikalahasthi-pen-kalamkari-pure-kanchipuram-silk-DPKS450,https://lh3.googleusercontent.com/d/=w1200,in_stock,26500 INR,Kailash Kalamkari,new,2271,Apparel & Accessories > Clothing > Traditional Clothing > Pen Kalamkari Sarees
DPKS451,Kailash Kalamkari Srikalahasthi Pen Kalamkari Hand-Painted Pure Kanchipuram Silk Saree - DPKS451,Authentic hand-painted Srikalahasthi (Srikalahasti) Pen Kalamkari Pure Kanchipuram Silk Saree (Code: DPKS451). 100% natural organic vegetable dyes hand-drawn using traditional tamarind twig pens directly from Kailash Kalamkari master artisans since 1984.,https://www.kailash-kalamkari.com/?department=saree&product=srikalahasthi-pen-kalamkari-pure-kanchipuram-silk-DPKS451,https://lh3.googleusercontent.com/d/=w1200,in_stock,26500 INR,Kailash Kalamkari,new,2271,Apparel & Accessories > Clothing > Traditional Clothing > Pen Kalamkari Sarees
DPKS452,Kailash Kalamkari Srikalahasthi Pen Kalamkari Hand-Painted Pure Kanchipuram Silk Saree - DPKS452,Authentic hand-painted Srikalahasthi (Srikalahasti) Pen Kalamkari Pure Kanchipuram Silk Saree (Code: DPKS452). 100% natural organic vegetable dyes hand-drawn using traditional tamarind twig pens directly from Kailash Kalamkari master artisans since 1984.,https://www.kailash-kalamkari.com/?department=saree&product=srikalahasthi-pen-kalamkari-pure-kanchipuram-silk-DPKS452,https://lh3.googleusercontent.com/d/=w1200,in_stock,26500 INR,Kailash Kalamkari,new,2271,Apparel & Accessories > Clothing > Traditional Clothing > Pen Kalamkari Sarees
DPKS453,Kailash Kalamkari Srikalahasthi Pen Kalamkari Hand-Painted Pure Kanchipuram Silk Saree - DPKS453,Authentic hand-painted Srikalahasthi (Srikalahasti) Pen Kalamkari Pure Kanchipuram Silk Saree (Code: DPKS453). 100% natural organic vegetable dyes hand-drawn using traditional tamarind twig pens directly from Kailash Kalamkari master artisans since 1984.,https://www.kailash-kalamkari.com/?department=saree&product=srikalahasthi-pen-kalamkari-pure-kanchipuram-silk-DPKS453,https://lh3.googleusercontent.com/d/=w1200,in_stock,26500 INR,Kailash Kalamkari,new,2271,Apparel & Accessories > Clothing > Traditional Clothing > Pen Kalamkari Sarees
DPKS454,Kailash Kalamkari Srikalahasthi Pen Kalamkari Hand-Painted Pure Kanchipuram Silk Saree - DPKS454,Authentic hand-painted Srikalahasthi (Srikalahasti) Pen Kalamkari Pure Kanchipuram Silk Saree (Code: DPKS454). 100% natural organic vegetable dyes hand-drawn using traditional tamarind twig pens directly from Kailash Kalamkari master artisans since 1984.,https://www.kailash-kalamkari.com/?department=saree&product=srikalahasthi-pen-kalamkari-pure-kanchipuram-silk-DPKS454,https://lh3.googleusercontent.com/d/=w1200,in_stock,26500 INR,Kailash Kalamkari,new,2271,Apparel & Accessories > Clothing > Traditional Clothing > Pen Kalamkari Sarees
DPKS455,Kailash Kalamkari Srikalahasthi Pen Kalamkari Hand-Painted Pure Kanchipuram Silk Saree - DPKS455,Authentic hand-painted Srikalahasthi (Srikalahasti) Pen Kalamkari Pure Kanchipuram Silk Saree (Code: DPKS455). 100% natural organic vegetable dyes hand-drawn using traditional tamarind twig pens directly from Kailash Kalamkari master artisans since 1984.,https://www.kailash-kalamkari.com/?department=saree&product=srikalahasthi-pen-kalamkari-pure-kanchipuram-silk-DPKS455,https://lh3.googleusercontent.com/d/=w1200,in_stock,26500 INR,Kailash Kalamkari,new,2271,Apparel & Accessories > Clothing > Traditional Clothing > Pen Kalamkari Sarees
DPKS457,Kailash Kalamkari Srikalahasthi Pen Kalamkari Hand-Painted Pure Kanchipuram Silk Saree - DPKS457,Authentic hand-painted Srikalahasthi (Srikalahasti) Pen Kalamkari Pure Kanchipuram Silk Saree (Code: DPKS457). 100% natural organic vegetable dyes hand-drawn using traditional tamarind twig pens directly from Kailash Kalamkari master artisans since 1984.,https://www.kailash-kalamkari.com/?department=saree&product=srikalahasthi-pen-kalamkari-pure-kanchipuram-silk-DPKS457,https://lh3.googleusercontent.com/d/=w1200,in_stock,26500 INR,Kailash Kalamkari,new,2271,Apparel & Accessories > Clothing > Traditional Clothing > Pen Kalamkari Sarees
DPKS458,Kailash Kalamkari Srikalahasthi Pen Kalamkari Hand-Painted Pure Kanchipuram Silk Saree - DPKS458,Authentic hand-painted Srikalahasthi (Srikalahasti) Pen Kalamkari Pure Kanchipuram Silk Saree (Code: DPKS458). 100% natural organic vegetable dyes hand-drawn using traditional tamarind twig pens directly from Kailash Kalamkari master artisans since 1984.,https://www.kailash-kalamkari.com/?department=saree&product=srikalahasthi-pen-kalamkari-pure-kanchipuram-silk-DPKS458,https://lh3.googleusercontent.com/d/=w1200,in_stock,26500 INR,Kailash Kalamkari,new,2271,Apparel & Accessories > Clothing > Traditional Clothing > Pen Kalamkari Sarees
DPKS459,Kailash Kalamkari Srikalahasthi Pen Kalamkari Hand-Painted Pure Kanchipuram Silk Saree - DPKS459,Authentic hand-painted Srikalahasthi (Srikalahasti) Pen Kalamkari Pure Kanchipuram Silk Saree (Code: DPKS459). 100% natural organic vegetable dyes hand-drawn using traditional tamarind twig pens directly from Kailash Kalamkari master artisans since 1984.,https://www.kailash-kalamkari.com/?department=saree&product=srikalahasthi-pen-kalamkari-pure-kanchipuram-silk-DPKS459,https://lh3.googleusercontent.com/d/=w1200,in_stock,26500 INR,Kailash Kalamkari,new,2271,Apparel & Accessories > Clothing > Traditional Clothing > Pen Kalamkari Sarees
DPKS460,Kailash Kalamkari Srikalahasthi Pen Kalamkari Hand-Painted Pure Kanchipuram Silk Saree - DPKS460,Authentic hand-painted Srikalahasthi (Srikalahasti) Pen Kalamkari Pure Kanchipuram Silk Saree (Code: DPKS460). 100% natural organic vegetable dyes hand-drawn using traditional tamarind twig pens directly from Kailash Kalamkari master artisans since 1984.,https://www.kailash-kalamkari.com/?department=saree&product=srikalahasthi-pen-kalamkari-pure-kanchipuram-silk-DPKS460,https://lh3.googleusercontent.com/d/=w1200,in_stock,26500 INR,Kailash Kalamkari,new,2271,Apparel & Accessories > Clothing > Traditional Clothing > Pen Kalamkari Sarees
DPKS461,Kailash Kalamkari Srikalahasthi Pen Kalamkari Hand-Painted Pure Kanchipuram Silk Saree - DPKS461,Authentic hand-painted Srikalahasthi (Srikalahasti) Pen Kalamkari Pure Kanchipuram Silk Saree (Code: DPKS461). 100% natural organic vegetable dyes hand-drawn using traditional tamarind twig pens directly from Kailash Kalamkari master artisans since 1984.,https://www.kailash-kalamkari.com/?department=saree&product=srikalahasthi-pen-kalamkari-pure-kanchipuram-silk-DPKS461,https://lh3.googleusercontent.com/d/=w1200,in_stock,26500 INR,Kailash Kalamkari,new,2271,Apparel & Accessories > Clothing > Traditional Clothing > Pen Kalamkari Sarees
DPKS481,Kailash Kalamkari Srikalahasthi Pen Kalamkari Hand-Painted Pure Kanchipuram Silk Saree - DPKS481,Authentic hand-painted Srikalahasthi (Srikalahasti) Pen Kalamkari Pure Kanchipuram Silk Saree (Code: DPKS481). 100% natural organic vegetable dyes hand-drawn using traditional tamarind twig pens directly from Kailash Kalamkari master artisans since 1984.,https://www.kailash-kalamkari.com/?department=saree&product=srikalahasthi-pen-kalamkari-pure-kanchipuram-silk-DPKS481,https://lh3.googleusercontent.com/d/=w1200,in_stock,34500 INR,Kailash Kalamkari,new,2271,Apparel & Accessories > Clothing > Traditional Clothing > Pen Kalamkari Sarees
DPKS463,Kailash Kalamkari Srikalahasthi Pen Kalamkari Hand-Painted Pure Kanchipuram Silk Saree - DPKS463,Authentic hand-painted Srikalahasthi (Srikalahasti) Pen Kalamkari Pure Kanchipuram Silk Saree (Code: DPKS463). 100% natural organic vegetable dyes hand-drawn using traditional tamarind twig pens directly from Kailash Kalamkari master artisans since 1984.,https://www.kailash-kalamkari.com/?department=saree&product=srikalahasthi-pen-kalamkari-pure-kanchipuram-silk-DPKS463,https://lh3.googleusercontent.com/d/=w1200,in_stock,34500 INR,Kailash Kalamkari,new,2271,Apparel & Accessories > Clothing > Traditional Clothing > Pen Kalamkari Sarees
DPKS464,Kailash Kalamkari Srikalahasthi Pen Kalamkari Hand-Painted Pure Kanchipuram Silk Saree - DPKS464,Authentic hand-painted Srikalahasthi (Srikalahasti) Pen Kalamkari Pure Kanchipuram Silk Saree (Code: DPKS464). 100% natural organic vegetable dyes hand-drawn using traditional tamarind twig pens directly from Kailash Kalamkari master artisans since 1984.,https://www.kailash-kalamkari.com/?department=saree&product=srikalahasthi-pen-kalamkari-pure-kanchipuram-silk-DPKS464,https://lh3.googleusercontent.com/d/=w1200,in_stock,34500 INR,Kailash Kalamkari,new,2271,Apparel & Accessories > Clothing > Traditional Clothing > Pen Kalamkari Sarees
DPKS465,Kailash Kalamkari Srikalahasthi Pen Kalamkari Hand-Painted Pure Kanchipuram Silk Saree - DPKS465,Authentic hand-painted Srikalahasthi (Srikalahasti) Pen Kalamkari Pure Kanchipuram Silk Saree (Code: DPKS465). 100% natural organic vegetable dyes hand-drawn using traditional tamarind twig pens directly from Kailash Kalamkari master artisans since 1984.,https://www.kailash-kalamkari.com/?department=saree&product=srikalahasthi-pen-kalamkari-pure-kanchipuram-silk-DPKS465,https://lh3.googleusercontent.com/d/=w1200,in_stock,34500 INR,Kailash Kalamkari,new,2271,Apparel & Accessories > Clothing > Traditional Clothing > Pen Kalamkari Sarees
DPKS466,Kailash Kalamkari Srikalahasthi Pen Kalamkari Hand-Painted Pure Kanchipuram Silk Saree - DPKS466,Authentic hand-painted Srikalahasthi (Srikalahasti) Pen Kalamkari Pure Kanchipuram Silk Saree (Code: DPKS466). 100% natural organic vegetable dyes hand-drawn using traditional tamarind twig pens directly from Kailash Kalamkari master artisans since 1984.,https://www.kailash-kalamkari.com/?department=saree&product=srikalahasthi-pen-kalamkari-pure-kanchipuram-silk-DPKS466,https://lh3.googleusercontent.com/d/=w1200,in_stock,34500 INR,Kailash Kalamkari,new,2271,Apparel & Accessories > Clothing > Traditional Clothing > Pen Kalamkari Sarees
DPKS467,Kailash Kalamkari Srikalahasthi Pen Kalamkari Hand-Painted Pure Kanchipuram Silk Saree - DPKS467,Authentic hand-painted Srikalahasthi (Srikalahasti) Pen Kalamkari Pure Kanchipuram Silk Saree (Code: DPKS467). 100% natural organic vegetable dyes hand-drawn using traditional tamarind twig pens directly from Kailash Kalamkari master artisans since 1984.,https://www.kailash-kalamkari.com/?department=saree&product=srikalahasthi-pen-kalamkari-pure-kanchipuram-silk-DPKS467,https://lh3.googleusercontent.com/d/=w1200,in_stock,34500 INR,Kailash Kalamkari,new,2271,Apparel & Accessories > Clothing > Traditional Clothing > Pen Kalamkari Sarees
DPKS468,Kailash Kalamkari Srikalahasthi Pen Kalamkari Hand-Painted Pure Kanchipuram Silk Saree - DPKS468,Authentic hand-painted Srikalahasthi (Srikalahasti) Pen Kalamkari Pure Kanchipuram Silk Saree (Code: DPKS468). 100% natural organic vegetable dyes hand-drawn using traditional tamarind twig pens directly from Kailash Kalamkari master artisans since 1984.,https://www.kailash-kalamkari.com/?department=saree&product=srikalahasthi-pen-kalamkari-pure-kanchipuram-silk-DPKS468,https://lh3.googleusercontent.com/d/=w1200,in_stock,34500 INR,Kailash Kalamkari,new,2271,Apparel & Accessories > Clothing > Traditional Clothing > Pen Kalamkari Sarees
DPKS470,Kailash Kalamkari Srikalahasthi Pen Kalamkari Hand-Painted Pure Kanchipuram Silk Saree - DPKS470,Authentic hand-painted Srikalahasthi (Srikalahasti) Pen Kalamkari Pure Kanchipuram Silk Saree (Code: DPKS470). 100% natural organic vegetable dyes hand-drawn using traditional tamarind twig pens directly from Kailash Kalamkari master artisans since 1984.,https://www.kailash-kalamkari.com/?department=saree&product=srikalahasthi-pen-kalamkari-pure-kanchipuram-silk-DPKS470,https://lh3.googleusercontent.com/d/=w1200,in_stock,34500 INR,Kailash Kalamkari,new,2271,Apparel & Accessories > Clothing > Traditional Clothing > Pen Kalamkari Sarees
DPKS471,Kailash Kalamkari Srikalahasthi Pen Kalamkari Hand-Painted Pure Kanchipuram Silk Saree - DPKS471,Authentic hand-painted Srikalahasthi (Srikalahasti) Pen Kalamkari Pure Kanchipuram Silk Saree (Code: DPKS471). 100% natural organic vegetable dyes hand-drawn using traditional tamarind twig pens directly from Kailash Kalamkari master artisans since 1984.,https://www.kailash-kalamkari.com/?department=saree&product=srikalahasthi-pen-kalamkari-pure-kanchipuram-silk-DPKS471,https://lh3.googleusercontent.com/d/=w1200,in_stock,34500 INR,Kailash Kalamkari,new,2271,Apparel & Accessories > Clothing > Traditional Clothing > Pen Kalamkari Sarees
DPKS472,Kailash Kalamkari Srikalahasthi Pen Kalamkari Hand-Painted Pure Kanchipuram Silk Saree - DPKS472,Authentic hand-painted Srikalahasthi (Srikalahasti) Pen Kalamkari Pure Kanchipuram Silk Saree (Code: DPKS472). 100% natural organic vegetable dyes hand-drawn using traditional tamarind twig pens directly from Kailash Kalamkari master artisans since 1984.,https://www.kailash-kalamkari.com/?department=saree&product=srikalahasthi-pen-kalamkari-pure-kanchipuram-silk-DPKS472,https://lh3.googleusercontent.com/d/=w1200,in_stock,34500 INR,Kailash Kalamkari,new,2271,Apparel & Accessories > Clothing > Traditional Clothing > Pen Kalamkari Sarees
DPKS473,Kailash Kalamkari Srikalahasthi Pen Kalamkari Hand-Painted Pure Kanchipuram Silk Saree - DPKS473,Authentic hand-painted Srikalahasthi (Srikalahasti) Pen Kalamkari Pure Kanchipuram Silk Saree (Code: DPKS473). 100% natural organic vegetable dyes hand-drawn using traditional tamarind twig pens directly from Kailash Kalamkari master artisans since 1984.,https://www.kailash-kalamkari.com/?department=saree&product=srikalahasthi-pen-kalamkari-pure-kanchipuram-silk-DPKS473,https://lh3.googleusercontent.com/d/=w1200,in_stock,34500 INR,Kailash Kalamkari,new,2271,Apparel & Accessories > Clothing > Traditional Clothing > Pen Kalamkari Sarees
DPKS474,Kailash Kalamkari Srikalahasthi Pen Kalamkari Hand-Painted Pure Kanchipuram Silk Saree - DPKS474,Authentic hand-painted Srikalahasthi (Srikalahasti) Pen Kalamkari Pure Kanchipuram Silk Saree (Code: DPKS474). 100% natural organic vegetable dyes hand-drawn using traditional tamarind twig pens directly from Kailash Kalamkari master artisans since 1984.,https://www.kailash-kalamkari.com/?department=saree&product=srikalahasthi-pen-kalamkari-pure-kanchipuram-silk-DPKS474,https://lh3.googleusercontent.com/d/=w1200,in_stock,34500 INR,Kailash Kalamkari,new,2271,Apparel & Accessories > Clothing > Traditional Clothing > Pen Kalamkari Sarees
DPKS475,Kailash Kalamkari Srikalahasthi Pen Kalamkari Hand-Painted Pure Kanchipuram Silk Saree - DPKS475,Authentic hand-painted Srikalahasthi (Srikalahasti) Pen Kalamkari Pure Kanchipuram Silk Saree (Code: DPKS475). 100% natural organic vegetable dyes hand-drawn using traditional tamarind twig pens directly from Kailash Kalamkari master artisans since 1984.,https://www.kailash-kalamkari.com/?department=saree&product=srikalahasthi-pen-kalamkari-pure-kanchipuram-silk-DPKS475,https://lh3.googleusercontent.com/d/=w1200,in_stock,34500 INR,Kailash Kalamkari,new,2271,Apparel & Accessories > Clothing > Traditional Clothing > Pen Kalamkari Sarees
DPKS476,Kailash Kalamkari Srikalahasthi Pen Kalamkari Hand-Painted Pure Kanchipuram Silk Saree - DPKS476,Authentic hand-painted Srikalahasthi (Srikalahasti) Pen Kalamkari Pure Kanchipuram Silk Saree (Code: DPKS476). 100% natural organic vegetable dyes hand-drawn using traditional tamarind twig pens directly from Kailash Kalamkari master artisans since 1984.,https://www.kailash-kalamkari.com/?department=saree&product=srikalahasthi-pen-kalamkari-pure-kanchipuram-silk-DPKS476,https://lh3.googleusercontent.com/d/=w1200,in_stock,34500 INR,Kailash Kalamkari,new,2271,Apparel & Accessories > Clothing > Traditional Clothing > Pen Kalamkari Sarees
DPKS477,Kailash Kalamkari Srikalahasthi Pen Kalamkari Hand-Painted Pure Kanchipuram Silk Saree - DPKS477,Authentic hand-painted Srikalahasthi (Srikalahasti) Pen Kalamkari Pure Kanchipuram Silk Saree (Code: DPKS477). 100% natural organic vegetable dyes hand-drawn using traditional tamarind twig pens directly from Kailash Kalamkari master artisans since 1984.,https://www.kailash-kalamkari.com/?department=saree&product=srikalahasthi-pen-kalamkari-pure-kanchipuram-silk-DPKS477,https://lh3.googleusercontent.com/d/=w1200,in_stock,34500 INR,Kailash Kalamkari,new,2271,Apparel & Accessories > Clothing > Traditional Clothing > Pen Kalamkari Sarees
DPKS478,Kailash Kalamkari Srikalahasthi Pen Kalamkari Hand-Painted Pure Kanchipuram Silk Saree - DPKS478,Authentic hand-painted Srikalahasthi (Srikalahasti) Pen Kalamkari Pure Kanchipuram Silk Saree (Code: DPKS478). 100% natural organic vegetable dyes hand-drawn using traditional tamarind twig pens directly from Kailash Kalamkari master artisans since 1984.,https://www.kailash-kalamkari.com/?department=saree&product=srikalahasthi-pen-kalamkari-pure-kanchipuram-silk-DPKS478,https://lh3.googleusercontent.com/d/=w1200,in_stock,34500 INR,Kailash Kalamkari,new,2271,Apparel & Accessories > Clothing > Traditional Clothing > Pen Kalamkari Sarees
DPKS479,Kailash Kalamkari Srikalahasthi Pen Kalamkari Hand-Painted Pure Kanchipuram Silk Saree - DPKS479,Authentic hand-painted Srikalahasthi (Srikalahasti) Pen Kalamkari Pure Kanchipuram Silk Saree (Code: DPKS479). 100% natural organic vegetable dyes hand-drawn using traditional tamarind twig pens directly from Kailash Kalamkari master artisans since 1984.,https://www.kailash-kalamkari.com/?department=saree&product=srikalahasthi-pen-kalamkari-pure-kanchipuram-silk-DPKS479,https://lh3.googleusercontent.com/d/=w1200,in_stock,34500 INR,Kailash Kalamkari,new,2271,Apparel & Accessories > Clothing > Traditional Clothing > Pen Kalamkari Sarees
DPKS480,Kailash Kalamkari Srikalahasthi Pen Kalamkari Hand-Painted Pure Kanchipuram Silk Saree - DPKS480,Authentic hand-painted Srikalahasthi (Srikalahasti) Pen Kalamkari Pure Kanchipuram Silk Saree (Code: DPKS480). 100% natural organic vegetable dyes hand-drawn using traditional tamarind twig pens directly from Kailash Kalamkari master artisans since 1984.,https://www.kailash-kalamkari.com/?department=saree&product=srikalahasthi-pen-kalamkari-pure-kanchipuram-silk-DPKS480,https://lh3.googleusercontent.com/d/=w1200,in_stock,34500 INR,Kailash Kalamkari,new,2271,Apparel & Accessories > Clothing > Traditional Clothing > Pen Kalamkari Sarees
DPCS193,Kailash Kalamkari Srikalahasthi Pen Kalamkari Hand-Painted Pure Crape Silk Saree - DPCS193,Authentic hand-painted Srikalahasthi (Srikalahasti) Pen Kalamkari Pure Crape Silk Saree (Code: DPCS193). 100% natural organic vegetable dyes hand-drawn using traditional tamarind twig pens directly from Kailash Kalamkari master artisans since 1984.,https://www.kailash-kalamkari.com/?department=saree&product=srikalahasthi-pen-kalamkari-pure-crape-silk-DPCS193,https://lh3.googleusercontent.com/d/=w1200,in_stock,26500 INR,Kailash Kalamkari,new,2271,Apparel & Accessories > Clothing > Traditional Clothing > Pen Kalamkari Sarees
DPCS194,Kailash Kalamkari Srikalahasthi Pen Kalamkari Hand-Painted Pure Crape Silk Saree - DPCS194,Authentic hand-painted Srikalahasthi (Srikalahasti) Pen Kalamkari Pure Crape Silk Saree (Code: DPCS194). 100% natural organic vegetable dyes hand-drawn using traditional tamarind twig pens directly from Kailash Kalamkari master artisans since 1984.,https://www.kailash-kalamkari.com/?department=saree&product=srikalahasthi-pen-kalamkari-pure-crape-silk-DPCS194,https://lh3.googleusercontent.com/d/=w1200,in_stock,26500 INR,Kailash Kalamkari,new,2271,Apparel & Accessories > Clothing > Traditional Clothing > Pen Kalamkari Sarees
DPCS195,Kailash Kalamkari Srikalahasthi Pen Kalamkari Hand-Painted Pure Crape Silk Saree - DPCS195,Authentic hand-painted Srikalahasthi (Srikalahasti) Pen Kalamkari Pure Crape Silk Saree (Code: DPCS195). 100% natural organic vegetable dyes hand-drawn using traditional tamarind twig pens directly from Kailash Kalamkari master artisans since 1984.,https://www.kailash-kalamkari.com/?department=saree&product=srikalahasthi-pen-kalamkari-pure-crape-silk-DPCS195,https://lh3.googleusercontent.com/d/=w1200,in_stock,26500 INR,Kailash Kalamkari,new,2271,Apparel & Accessories > Clothing > Traditional Clothing > Pen Kalamkari Sarees
DPCS196,Kailash Kalamkari Srikalahasthi Pen Kalamkari Hand-Painted Pure Crape Silk Saree - DPCS196,Authentic hand-painted Srikalahasthi (Srikalahasti) Pen Kalamkari Pure Crape Silk Saree (Code: DPCS196). 100% natural organic vegetable dyes hand-drawn using traditional tamarind twig pens directly from Kailash Kalamkari master artisans since 1984.,https://www.kailash-kalamkari.com/?department=saree&product=srikalahasthi-pen-kalamkari-pure-crape-silk-DPCS196,https://lh3.googleusercontent.com/d/=w1200,in_stock,26500 INR,Kailash Kalamkari,new,2271,Apparel & Accessories > Clothing > Traditional Clothing > Pen Kalamkari Sarees
DPCS197,Kailash Kalamkari Srikalahasthi Pen Kalamkari Hand-Painted Pure Crape Silk Saree - DPCS197,Authentic hand-painted Srikalahasthi (Srikalahasti) Pen Kalamkari Pure Crape Silk Saree (Code: DPCS197). 100% natural organic vegetable dyes hand-drawn using traditional tamarind twig pens directly from Kailash Kalamkari master artisans since 1984.,https://www.kailash-kalamkari.com/?department=saree&product=srikalahasthi-pen-kalamkari-pure-crape-silk-DPCS197,https://lh3.googleusercontent.com/d/=w1200,in_stock,26500 INR,Kailash Kalamkari,new,2271,Apparel & Accessories > Clothing > Traditional Clothing > Pen Kalamkari Sarees
DPCS198,Kailash Kalamkari Srikalahasthi Pen Kalamkari Hand-Painted Pure Crape Silk Saree - DPCS198,Authentic hand-painted Srikalahasthi (Srikalahasti) Pen Kalamkari Pure Crape Silk Saree (Code: DPCS198). 100% natural organic vegetable dyes hand-drawn using traditional tamarind twig pens directly from Kailash Kalamkari master artisans since 1984.,https://www.kailash-kalamkari.com/?department=saree&product=srikalahasthi-pen-kalamkari-pure-crape-silk-DPCS198,https://lh3.googleusercontent.com/d/=w1200,in_stock,26500 INR,Kailash Kalamkari,new,2271,Apparel & Accessories > Clothing > Traditional Clothing > Pen Kalamkari Sarees
DPCS200,Kailash Kalamkari Srikalahasthi Pen Kalamkari Hand-Painted Pure Crape Silk Saree - DPCS200,Authentic hand-painted Srikalahasthi (Srikalahasti) Pen Kalamkari Pure Crape Silk Saree (Code: DPCS200). 100% natural organic vegetable dyes hand-drawn using traditional tamarind twig pens directly from Kailash Kalamkari master artisans since 1984.,https://www.kailash-kalamkari.com/?department=saree&product=srikalahasthi-pen-kalamkari-pure-crape-silk-DPCS200,https://lh3.googleusercontent.com/d/=w1200,in_stock,26500 INR,Kailash Kalamkari,new,2271,Apparel & Accessories > Clothing > Traditional Clothing > Pen Kalamkari Sarees
DPCS201,Kailash Kalamkari Srikalahasthi Pen Kalamkari Hand-Painted Pure Crape Silk Saree - DPCS201,Authentic hand-painted Srikalahasthi (Srikalahasti) Pen Kalamkari Pure Crape Silk Saree (Code: DPCS201). 100% natural organic vegetable dyes hand-drawn using traditional tamarind twig pens directly from Kailash Kalamkari master artisans since 1984.,https://www.kailash-kalamkari.com/?department=saree&product=srikalahasthi-pen-kalamkari-pure-crape-silk-DPCS201,https://lh3.googleusercontent.com/d/=w1200,in_stock,26500 INR,Kailash Kalamkari,new,2271,Apparel & Accessories > Clothing > Traditional Clothing > Pen Kalamkari Sarees
DPCS202,Kailash Kalamkari Srikalahasthi Pen Kalamkari Hand-Painted Pure Crape Silk Saree - DPCS202,Authentic hand-painted Srikalahasthi (Srikalahasti) Pen Kalamkari Pure Crape Silk Saree (Code: DPCS202). 100% natural organic vegetable dyes hand-drawn using traditional tamarind twig pens directly from Kailash Kalamkari master artisans since 1984.,https://www.kailash-kalamkari.com/?department=saree&product=srikalahasthi-pen-kalamkari-pure-crape-silk-DPCS202,https://lh3.googleusercontent.com/d/=w1200,in_stock,26500 INR,Kailash Kalamkari,new,2271,Apparel & Accessories > Clothing > Traditional Clothing > Pen Kalamkari Sarees
DPCS203,Kailash Kalamkari Srikalahasthi Pen Kalamkari Hand-Painted Pure Crape Silk Saree - DPCS203,Authentic hand-painted Srikalahasthi (Srikalahasti) Pen Kalamkari Pure Crape Silk Saree (Code: DPCS203). 100% natural organic vegetable dyes hand-drawn using traditional tamarind twig pens directly from Kailash Kalamkari master artisans since 1984.,https://www.kailash-kalamkari.com/?department=saree&product=srikalahasthi-pen-kalamkari-pure-crape-silk-DPCS203,https://lh3.googleusercontent.com/d/=w1200,in_stock,26500 INR,Kailash Kalamkari,new,2271,Apparel & Accessories > Clothing > Traditional Clothing > Pen Kalamkari Sarees
DPCS204,Kailash Kalamkari Srikalahasthi Pen Kalamkari Hand-Painted Pure Crape Silk Saree - DPCS204,Authentic hand-painted Srikalahasthi (Srikalahasti) Pen Kalamkari Pure Crape Silk Saree (Code: DPCS204). 100% natural organic vegetable dyes hand-drawn using traditional tamarind twig pens directly from Kailash Kalamkari master artisans since 1984.,https://www.kailash-kalamkari.com/?department=saree&product=srikalahasthi-pen-kalamkari-pure-crape-silk-DPCS204,https://lh3.googleusercontent.com/d/=w1200,in_stock,26500 INR,Kailash Kalamkari,new,2271,Apparel & Accessories > Clothing > Traditional Clothing > Pen Kalamkari Sarees
DPCS205,Kailash Kalamkari Srikalahasthi Pen Kalamkari Hand-Painted Pure Crape Silk Saree - DPCS205,Authentic hand-painted Srikalahasthi (Srikalahasti) Pen Kalamkari Pure Crape Silk Saree (Code: DPCS205). 100% natural organic vegetable dyes hand-drawn using traditional tamarind twig pens directly from Kailash Kalamkari master artisans since 1984.,https://www.kailash-kalamkari.com/?department=saree&product=srikalahasthi-pen-kalamkari-pure-crape-silk-DPCS205,https://lh3.googleusercontent.com/d/=w1200,in_stock,26500 INR,Kailash Kalamkari,new,2271,Apparel & Accessories > Clothing > Traditional Clothing > Pen Kalamkari Sarees
DPCS206,Kailash Kalamkari Srikalahasthi Pen Kalamkari Hand-Painted Pure Crape Silk Saree - DPCS206,Authentic hand-painted Srikalahasthi (Srikalahasti) Pen Kalamkari Pure Crape Silk Saree (Code: DPCS206). 100% natural organic vegetable dyes hand-drawn using traditional tamarind twig pens directly from Kailash Kalamkari master artisans since 1984.,https://www.kailash-kalamkari.com/?department=saree&product=srikalahasthi-pen-kalamkari-pure-crape-silk-DPCS206,https://lh3.googleusercontent.com/d/=w1200,in_stock,24500 INR,Kailash Kalamkari,new,2271,Apparel & Accessories > Clothing > Traditional Clothing > Pen Kalamkari Sarees
DPCS207,Kailash Kalamkari Srikalahasthi Pen Kalamkari Hand-Painted Pure Crape Silk Saree - DPCS207,Authentic hand-painted Srikalahasthi (Srikalahasti) Pen Kalamkari Pure Crape Silk Saree (Code: DPCS207). 100% natural organic vegetable dyes hand-drawn using traditional tamarind twig pens directly from Kailash Kalamkari master artisans since 1984.,https://www.kailash-kalamkari.com/?department=saree&product=srikalahasthi-pen-kalamkari-pure-crape-silk-DPCS207,https://lh3.googleusercontent.com/d/=w1200,in_stock,24500 INR,Kailash Kalamkari,new,2271,Apparel & Accessories > Clothing > Traditional Clothing > Pen Kalamkari Sarees
DPCS208,Kailash Kalamkari Srikalahasthi Pen Kalamkari Hand-Painted Pure Crape Silk Saree - DPCS208,Authentic hand-painted Srikalahasthi (Srikalahasti) Pen Kalamkari Pure Crape Silk Saree (Code: DPCS208). 100% natural organic vegetable dyes hand-drawn using traditional tamarind twig pens directly from Kailash Kalamkari master artisans since 1984.,https://www.kailash-kalamkari.com/?department=saree&product=srikalahasthi-pen-kalamkari-pure-crape-silk-DPCS208,https://lh3.googleusercontent.com/d/=w1200,in_stock,24500 INR,Kailash Kalamkari,new,2271,Apparel & Accessories > Clothing > Traditional Clothing > Pen Kalamkari Sarees
DPCS209,Kailash Kalamkari Srikalahasthi Pen Kalamkari Hand-Painted Pure Crape Silk Saree - DPCS209,Authentic hand-painted Srikalahasthi (Srikalahasti) Pen Kalamkari Pure Crape Silk Saree (Code: DPCS209). 100% natural organic vegetable dyes hand-drawn using traditional tamarind twig pens directly from Kailash Kalamkari master artisans since 1984.,https://www.kailash-kalamkari.com/?department=saree&product=srikalahasthi-pen-kalamkari-pure-crape-silk-DPCS209,https://lh3.googleusercontent.com/d/=w1200,in_stock,24500 INR,Kailash Kalamkari,new,2271,Apparel & Accessories > Clothing > Traditional Clothing > Pen Kalamkari Sarees
DPCS210,Kailash Kalamkari Srikalahasthi Pen Kalamkari Hand-Painted Pure Crape Silk Saree - DPCS210,Authentic hand-painted Srikalahasthi (Srikalahasti) Pen Kalamkari Pure Crape Silk Saree (Code: DPCS210). 100% natural organic vegetable dyes hand-drawn using traditional tamarind twig pens directly from Kailash Kalamkari master artisans since 1984.,https://www.kailash-kalamkari.com/?department=saree&product=srikalahasthi-pen-kalamkari-pure-crape-silk-DPCS210,https://lh3.googleusercontent.com/d/=w1200,in_stock,24500 INR,Kailash Kalamkari,new,2271,Apparel & Accessories > Clothing > Traditional Clothing > Pen Kalamkari Sarees
DPCS211,Kailash Kalamkari Srikalahasthi Pen Kalamkari Hand-Painted Pure Crape Silk Saree - DPCS211,Authentic hand-painted Srikalahasthi (Srikalahasti) Pen Kalamkari Pure Crape Silk Saree (Code: DPCS211). 100% natural organic vegetable dyes hand-drawn using traditional tamarind twig pens directly from Kailash Kalamkari master artisans since 1984.,https://www.kailash-kalamkari.com/?department=saree&product=srikalahasthi-pen-kalamkari-pure-crape-silk-DPCS211,https://lh3.googleusercontent.com/d/=w1200,in_stock,24500 INR,Kailash Kalamkari,new,2271,Apparel & Accessories > Clothing > Traditional Clothing > Pen Kalamkari Sarees
DPCS212,Kailash Kalamkari Srikalahasthi Pen Kalamkari Hand-Painted Pure Crape Silk Saree - DPCS212,Authentic hand-painted Srikalahasthi (Srikalahasti) Pen Kalamkari Pure Crape Silk Saree (Code: DPCS212). 100% natural organic vegetable dyes hand-drawn using traditional tamarind twig pens directly from Kailash Kalamkari master artisans since 1984.,https://www.kailash-kalamkari.com/?department=saree&product=srikalahasthi-pen-kalamkari-pure-crape-silk-DPCS212,https://lh3.googleusercontent.com/d/=w1200,in_stock,24500 INR,Kailash Kalamkari,new,2271,Apparel & Accessories > Clothing > Traditional Clothing > Pen Kalamkari Sarees
DPCS213,Kailash Kalamkari Srikalahasthi Pen Kalamkari Hand-Painted Pure Crape Silk Saree - DPCS213,Authentic hand-painted Srikalahasthi (Srikalahasti) Pen Kalamkari Pure Crape Silk Saree (Code: DPCS213). 100% natural organic vegetable dyes hand-drawn using traditional tamarind twig pens directly from Kailash Kalamkari master artisans since 1984.,https://www.kailash-kalamkari.com/?department=saree&product=srikalahasthi-pen-kalamkari-pure-crape-silk-DPCS213,https://lh3.googleusercontent.com/d/=w1200,in_stock,24500 INR,Kailash Kalamkari,new,2271,Apparel & Accessories > Clothing > Traditional Clothing > Pen Kalamkari Sarees
DPCS214,Kailash Kalamkari Srikalahasthi Pen Kalamkari Hand-Painted Pure Crape Silk Saree - DPCS214,Authentic hand-painted Srikalahasthi (Srikalahasti) Pen Kalamkari Pure Crape Silk Saree (Code: DPCS214). 100% natural organic vegetable dyes hand-drawn using traditional tamarind twig pens directly from Kailash Kalamkari master artisans since 1984.,https://www.kailash-kalamkari.com/?department=saree&product=srikalahasthi-pen-kalamkari-pure-crape-silk-DPCS214,https://lh3.googleusercontent.com/d/=w1200,in_stock,24500 INR,Kailash Kalamkari,new,2271,Apparel & Accessories > Clothing > Traditional Clothing > Pen Kalamkari Sarees
DPCS215,Kailash Kalamkari Srikalahasthi Pen Kalamkari Hand-Painted Pure Crape Silk Saree - DPCS215,Authentic hand-painted Srikalahasthi (Srikalahasti) Pen Kalamkari Pure Crape Silk Saree (Code: DPCS215). 100% natural organic vegetable dyes hand-drawn using traditional tamarind twig pens directly from Kailash Kalamkari master artisans since 1984.,https://www.kailash-kalamkari.com/?department=saree&product=srikalahasthi-pen-kalamkari-pure-crape-silk-DPCS215,https://lh3.googleusercontent.com/d/=w1200,in_stock,24500 INR,Kailash Kalamkari,new,2271,Apparel & Accessories > Clothing > Traditional Clothing > Pen Kalamkari Sarees
DPCS216,Kailash Kalamkari Srikalahasthi Pen Kalamkari Hand-Painted Pure Crape Silk Saree - DPCS216,Authentic hand-painted Srikalahasthi (Srikalahasti) Pen Kalamkari Pure Crape Silk Saree (Code: DPCS216). 100% natural organic vegetable dyes hand-drawn using traditional tamarind twig pens directly from Kailash Kalamkari master artisans since 1984.,https://www.kailash-kalamkari.com/?department=saree&product=srikalahasthi-pen-kalamkari-pure-crape-silk-DPCS216,https://lh3.googleusercontent.com/d/=w1200,in_stock,24500 INR,Kailash Kalamkari,new,2271,Apparel & Accessories > Clothing > Traditional Clothing > Pen Kalamkari Sarees
DPCS217,Kailash Kalamkari Srikalahasthi Pen Kalamkari Hand-Painted Pure Crape Silk Saree - DPCS217,Authentic hand-painted Srikalahasthi (Srikalahasti) Pen Kalamkari Pure Crape Silk Saree (Code: DPCS217). 100% natural organic vegetable dyes hand-drawn using traditional tamarind twig pens directly from Kailash Kalamkari master artisans since 1984.,https://www.kailash-kalamkari.com/?department=saree&product=srikalahasthi-pen-kalamkari-pure-crape-silk-DPCS217,https://lh3.googleusercontent.com/d/=w1200,in_stock,24500 INR,Kailash Kalamkari,new,2271,Apparel & Accessories > Clothing > Traditional Clothing > Pen Kalamkari Sarees
DPCS218,Kailash Kalamkari Srikalahasthi Pen Kalamkari Hand-Painted Pure Crape Silk Saree - DPCS218,Authentic hand-painted Srikalahasthi (Srikalahasti) Pen Kalamkari Pure Crape Silk Saree (Code: DPCS218). 100% natural organic vegetable dyes hand-drawn using traditional tamarind twig pens directly from Kailash Kalamkari master artisans since 1984.,https://www.kailash-kalamkari.com/?department=saree&product=srikalahasthi-pen-kalamkari-pure-crape-silk-DPCS218,https://lh3.googleusercontent.com/d/=w1200,in_stock,24500 INR,Kailash Kalamkari,new,2271,Apparel & Accessories > Clothing > Traditional Clothing > Pen Kalamkari Sarees
DPCS219,Kailash Kalamkari Srikalahasthi Pen Kalamkari Hand-Painted Pure Crape Silk Saree - DPCS219,Authentic hand-painted Srikalahasthi (Srikalahasti) Pen Kalamkari Pure Crape Silk Saree (Code: DPCS219). 100% natural organic vegetable dyes hand-drawn using traditional tamarind twig pens directly from Kailash Kalamkari master artisans since 1984.,https://www.kailash-kalamkari.com/?department=saree&product=srikalahasthi-pen-kalamkari-pure-crape-silk-DPCS219,https://lh3.googleusercontent.com/d/=w1200,in_stock,24500 INR,Kailash Kalamkari,new,2271,Apparel & Accessories > Clothing > Traditional Clothing > Pen Kalamkari Sarees
DPCS220,Kailash Kalamkari Srikalahasthi Pen Kalamkari Hand-Painted Pure Crape Silk Saree - DPCS220,Authentic hand-painted Srikalahasthi (Srikalahasti) Pen Kalamkari Pure Crape Silk Saree (Code: DPCS220). 100% natural organic vegetable dyes hand-drawn using traditional tamarind twig pens directly from Kailash Kalamkari master artisans since 1984.,https://www.kailash-kalamkari.com/?department=saree&product=srikalahasthi-pen-kalamkari-pure-crape-silk-DPCS220,https://lh3.googleusercontent.com/d/=w1200,in_stock,24500 INR,Kailash Kalamkari,new,2271,Apparel & Accessories > Clothing > Traditional Clothing > Pen Kalamkari Sarees
DPCS221,Kailash Kalamkari Srikalahasthi Pen Kalamkari Hand-Painted Pure Crape Silk Saree - DPCS221,Authentic hand-painted Srikalahasthi (Srikalahasti) Pen Kalamkari Pure Crape Silk Saree (Code: DPCS221). 100% natural organic vegetable dyes hand-drawn using traditional tamarind twig pens directly from Kailash Kalamkari master artisans since 1984.,https://www.kailash-kalamkari.com/?department=saree&product=srikalahasthi-pen-kalamkari-pure-crape-silk-DPCS221,https://lh3.googleusercontent.com/d/=w1200,in_stock,24500 INR,Kailash Kalamkari,new,2271,Apparel & Accessories > Clothing > Traditional Clothing > Pen Kalamkari Sarees
DPCS222,Kailash Kalamkari Srikalahasthi Pen Kalamkari Hand-Painted Pure Crape Silk Saree - DPCS222,Authentic hand-painted Srikalahasthi (Srikalahasti) Pen Kalamkari Pure Crape Silk Saree (Code: DPCS222). 100% natural organic vegetable dyes hand-drawn using traditional tamarind twig pens directly from Kailash Kalamkari master artisans since 1984.,https://www.kailash-kalamkari.com/?department=saree&product=srikalahasthi-pen-kalamkari-pure-crape-silk-DPCS222,https://lh3.googleusercontent.com/d/=w1200,in_stock,24500 INR,Kailash Kalamkari,new,2271,Apparel & Accessories > Clothing > Traditional Clothing > Pen Kalamkari Sarees
DPCS223,Kailash Kalamkari Srikalahasthi Pen Kalamkari Hand-Painted Pure Crape Silk Saree - DPCS223,Authentic hand-painted Srikalahasthi (Srikalahasti) Pen Kalamkari Pure Crape Silk Saree (Code: DPCS223). 100% natural organic vegetable dyes hand-drawn using traditional tamarind twig pens directly from Kailash Kalamkari master artisans since 1984.,https://www.kailash-kalamkari.com/?department=saree&product=srikalahasthi-pen-kalamkari-pure-crape-silk-DPCS223,https://lh3.googleusercontent.com/d/=w1200,in_stock,14500 INR,Kailash Kalamkari,new,2271,Apparel & Accessories > Clothing > Traditional Clothing > Pen Kalamkari Sarees
DPCS224,Kailash Kalamkari Srikalahasthi Pen Kalamkari Hand-Painted Pure Crape Silk Saree - DPCS224,Authentic hand-painted Srikalahasthi (Srikalahasti) Pen Kalamkari Pure Crape Silk Saree (Code: DPCS224). 100% natural organic vegetable dyes hand-drawn using traditional tamarind twig pens directly from Kailash Kalamkari master artisans since 1984.,https://www.kailash-kalamkari.com/?department=saree&product=srikalahasthi-pen-kalamkari-pure-crape-silk-DPCS224,https://lh3.googleusercontent.com/d/=w1200,in_stock,14500 INR,Kailash Kalamkari,new,2271,Apparel & Accessories > Clothing > Traditional Clothing > Pen Kalamkari Sarees
DPCS225,Kailash Kalamkari Srikalahasthi Pen Kalamkari Hand-Painted Pure Crape Silk Saree - DPCS225,Authentic hand-painted Srikalahasthi (Srikalahasti) Pen Kalamkari Pure Crape Silk Saree (Code: DPCS225). 100% natural organic vegetable dyes hand-drawn using traditional tamarind twig pens directly from Kailash Kalamkari master artisans since 1984.,https://www.kailash-kalamkari.com/?department=saree&product=srikalahasthi-pen-kalamkari-pure-crape-silk-DPCS225,https://lh3.googleusercontent.com/d/=w1200,in_stock,14500 INR,Kailash Kalamkari,new,2271,Apparel & Accessories > Clothing > Traditional Clothing > Pen Kalamkari Sarees
DPCS226,Kailash Kalamkari Srikalahasthi Pen Kalamkari Hand-Painted Pure Crape Silk Saree - DPCS226,Authentic hand-painted Srikalahasthi (Srikalahasti) Pen Kalamkari Pure Crape Silk Saree (Code: DPCS226). 100% natural organic vegetable dyes hand-drawn using traditional tamarind twig pens directly from Kailash Kalamkari master artisans since 1984.,https://www.kailash-kalamkari.com/?department=saree&product=srikalahasthi-pen-kalamkari-pure-crape-silk-DPCS226,https://lh3.googleusercontent.com/d/=w1200,in_stock,14500 INR,Kailash Kalamkari,new,2271,Apparel & Accessories > Clothing > Traditional Clothing > Pen Kalamkari Sarees
DPCS228,Kailash Kalamkari Srikalahasthi Pen Kalamkari Hand-Painted Pure Crape Silk Saree - DPCS228,Authentic hand-painted Srikalahasthi (Srikalahasti) Pen Kalamkari Pure Crape Silk Saree (Code: DPCS228). 100% natural organic vegetable dyes hand-drawn using traditional tamarind twig pens directly from Kailash Kalamkari master artisans since 1984.,https://www.kailash-kalamkari.com/?department=saree&product=srikalahasthi-pen-kalamkari-pure-crape-silk-DPCS228,https://lh3.googleusercontent.com/d/=w1200,in_stock,14500 INR,Kailash Kalamkari,new,2271,Apparel & Accessories > Clothing > Traditional Clothing > Pen Kalamkari Sarees
DPCS229,Kailash Kalamkari Srikalahasthi Pen Kalamkari Hand-Painted Pure Crape Silk Saree - DPCS229,Authentic hand-painted Srikalahasthi (Srikalahasti) Pen Kalamkari Pure Crape Silk Saree (Code: DPCS229). 100% natural organic vegetable dyes hand-drawn using traditional tamarind twig pens directly from Kailash Kalamkari master artisans since 1984.,https://www.kailash-kalamkari.com/?department=saree&product=srikalahasthi-pen-kalamkari-pure-crape-silk-DPCS229,https://lh3.googleusercontent.com/d/=w1200,in_stock,14500 INR,Kailash Kalamkari,new,2271,Apparel & Accessories > Clothing > Traditional Clothing > Pen Kalamkari Sarees
DPCS230,Kailash Kalamkari Srikalahasthi Pen Kalamkari Hand-Painted Pure Crape Silk Saree - DPCS230,Authentic hand-painted Srikalahasthi (Srikalahasti) Pen Kalamkari Pure Crape Silk Saree (Code: DPCS230). 100% natural organic vegetable dyes hand-drawn using traditional tamarind twig pens directly from Kailash Kalamkari master artisans since 1984.,https://www.kailash-kalamkari.com/?department=saree&product=srikalahasthi-pen-kalamkari-pure-crape-silk-DPCS230,https://lh3.googleusercontent.com/d/=w1200,in_stock,13500 INR,Kailash Kalamkari,new,2271,Apparel & Accessories > Clothing > Traditional Clothing > Pen Kalamkari Sarees
DPCS231,Kailash Kalamkari Srikalahasthi Pen Kalamkari Hand-Painted Pure Crape Silk Saree - DPCS231,Authentic hand-painted Srikalahasthi (Srikalahasti) Pen Kalamkari Pure Crape Silk Saree (Code: DPCS231). 100% natural organic vegetable dyes hand-drawn using traditional tamarind twig pens directly from Kailash Kalamkari master artisans since 1984.,https://www.kailash-kalamkari.com/?department=saree&product=srikalahasthi-pen-kalamkari-pure-crape-silk-DPCS231,https://lh3.googleusercontent.com/d/=w1200,in_stock,13500 INR,Kailash Kalamkari,new,2271,Apparel & Accessories > Clothing > Traditional Clothing > Pen Kalamkari Sarees
DPCS234,Kailash Kalamkari Srikalahasthi Pen Kalamkari Hand-Painted Pure Crape Silk Saree - DPCS234,Authentic hand-painted Srikalahasthi (Srikalahasti) Pen Kalamkari Pure Crape Silk Saree (Code: DPCS234). 100% natural organic vegetable dyes hand-drawn using traditional tamarind twig pens directly from Kailash Kalamkari master artisans since 1984.,https://www.kailash-kalamkari.com/?department=saree&product=srikalahasthi-pen-kalamkari-pure-crape-silk-DPCS234,https://lh3.googleusercontent.com/d/=w1200,in_stock,13500 INR,Kailash Kalamkari,new,2271,Apparel & Accessories > Clothing > Traditional Clothing > Pen Kalamkari Sarees
DPCS235,Kailash Kalamkari Srikalahasthi Pen Kalamkari Hand-Painted Pure Crape Silk Saree - DPCS235,Authentic hand-painted Srikalahasthi (Srikalahasti) Pen Kalamkari Pure Crape Silk Saree (Code: DPCS235). 100% natural organic vegetable dyes hand-drawn using traditional tamarind twig pens directly from Kailash Kalamkari master artisans since 1984.,https://www.kailash-kalamkari.com/?department=saree&product=srikalahasthi-pen-kalamkari-pure-crape-silk-DPCS235,https://lh3.googleusercontent.com/d/=w1200,in_stock,13500 INR,Kailash Kalamkari,new,2271,Apparel & Accessories > Clothing > Traditional Clothing > Pen Kalamkari Sarees
DPCS236,Kailash Kalamkari Srikalahasthi Pen Kalamkari Hand-Painted Pure Crape Silk Saree - DPCS236,Authentic hand-painted Srikalahasthi (Srikalahasti) Pen Kalamkari Pure Crape Silk Saree (Code: DPCS236). 100% natural organic vegetable dyes hand-drawn using traditional tamarind twig pens directly from Kailash Kalamkari master artisans since 1984.,https://www.kailash-kalamkari.com/?department=saree&product=srikalahasthi-pen-kalamkari-pure-crape-silk-DPCS236,https://lh3.googleusercontent.com/d/=w1200,in_stock,13500 INR,Kailash Kalamkari,new,2271,Apparel & Accessories > Clothing > Traditional Clothing > Pen Kalamkari Sarees
DPCS237,Kailash Kalamkari Srikalahasthi Pen Kalamkari Hand-Painted Pure Crape Silk Saree - DPCS237,Authentic hand-painted Srikalahasthi (Srikalahasti) Pen Kalamkari Pure Crape Silk Saree (Code: DPCS237). 100% natural organic vegetable dyes hand-drawn using traditional tamarind twig pens directly from Kailash Kalamkari master artisans since 1984.,https://www.kailash-kalamkari.com/?department=saree&product=srikalahasthi-pen-kalamkari-pure-crape-silk-DPCS237,https://lh3.googleusercontent.com/d/=w1200,in_stock,13500 INR,Kailash Kalamkari,new,2271,Apparel & Accessories > Clothing > Traditional Clothing > Pen Kalamkari Sarees
DPCS238,Kailash Kalamkari Srikalahasthi Pen Kalamkari Hand-Painted Pure Crape Silk Saree - DPCS238,Authentic hand-painted Srikalahasthi (Srikalahasti) Pen Kalamkari Pure Crape Silk Saree (Code: DPCS238). 100% natural organic vegetable dyes hand-drawn using traditional tamarind twig pens directly from Kailash Kalamkari master artisans since 1984.,https://www.kailash-kalamkari.com/?department=saree&product=srikalahasthi-pen-kalamkari-pure-crape-silk-DPCS238,https://lh3.googleusercontent.com/d/=w1200,in_stock,13500 INR,Kailash Kalamkari,new,2271,Apparel & Accessories > Clothing > Traditional Clothing > Pen Kalamkari Sarees
DPTD202,Kailash Kalamkari Srikalahasthi Pen Kalamkari Hand-Painted Pure Tussar Silk Dupatta - DPTD202,Authentic hand-painted Srikalahasthi (Srikalahasti) Pen Kalamkari Pure Tussar Silk Dupatta (Code: DPTD202). 100% natural organic vegetable dyes hand-drawn using traditional tamarind twig pens directly from Kailash Kalamkari master artisans since 1984.,https://www.kailash-kalamkari.com/?department=dupatta&product=srikalahasthi-pen-kalamkari-pure-tussar-silk-DPTD202,https://lh3.googleusercontent.com/d/=w1200,in_stock,3800 INR,Kailash Kalamkari,new,212,Apparel & Accessories > Clothing > Traditional Clothing > Pen Kalamkari Dupattas
DPTD203,Kailash Kalamkari Srikalahasthi Pen Kalamkari Hand-Painted Pure Tussar Silk Dupatta - DPTD203,Authentic hand-painted Srikalahasthi (Srikalahasti) Pen Kalamkari Pure Tussar Silk Dupatta (Code: DPTD203). 100% natural organic vegetable dyes hand-drawn using traditional tamarind twig pens directly from Kailash Kalamkari master artisans since 1984.,https://www.kailash-kalamkari.com/?department=dupatta&product=srikalahasthi-pen-kalamkari-pure-tussar-silk-DPTD203,https://lh3.googleusercontent.com/d/=w1200,in_stock,3800 INR,Kailash Kalamkari,new,212,Apparel & Accessories > Clothing > Traditional Clothing > Pen Kalamkari Dupattas
DPTD205,Kailash Kalamkari Srikalahasthi Pen Kalamkari Hand-Painted Pure Tussar Silk Dupatta - DPTD205,Authentic hand-painted Srikalahasthi (Srikalahasti) Pen Kalamkari Pure Tussar Silk Dupatta (Code: DPTD205). 100% natural organic vegetable dyes hand-drawn using traditional tamarind twig pens directly from Kailash Kalamkari master artisans since 1984.,https://www.kailash-kalamkari.com/?department=dupatta&product=srikalahasthi-pen-kalamkari-pure-tussar-silk-DPTD205,https://lh3.googleusercontent.com/d/=w1200,in_stock,3800 INR,Kailash Kalamkari,new,212,Apparel & Accessories > Clothing > Traditional Clothing > Pen Kalamkari Dupattas
DPTD206,Kailash Kalamkari Srikalahasthi Pen Kalamkari Hand-Painted Pure Tussar Silk Dupatta - DPTD206,Authentic hand-painted Srikalahasthi (Srikalahasti) Pen Kalamkari Pure Tussar Silk Dupatta (Code: DPTD206). 100% natural organic vegetable dyes hand-drawn using traditional tamarind twig pens directly from Kailash Kalamkari master artisans since 1984.,https://www.kailash-kalamkari.com/?department=dupatta&product=srikalahasthi-pen-kalamkari-pure-tussar-silk-DPTD206,https://lh3.googleusercontent.com/d/=w1200,in_stock,3800 INR,Kailash Kalamkari,new,212,Apparel & Accessories > Clothing > Traditional Clothing > Pen Kalamkari Dupattas
DPTD207,Kailash Kalamkari Srikalahasthi Pen Kalamkari Hand-Painted Pure Tussar Silk Dupatta - DPTD207,Authentic hand-painted Srikalahasthi (Srikalahasti) Pen Kalamkari Pure Tussar Silk Dupatta (Code: DPTD207). 100% natural organic vegetable dyes hand-drawn using traditional tamarind twig pens directly from Kailash Kalamkari master artisans since 1984.,https://www.kailash-kalamkari.com/?department=dupatta&product=srikalahasthi-pen-kalamkari-pure-tussar-silk-DPTD207,https://lh3.googleusercontent.com/d/=w1200,in_stock,3800 INR,Kailash Kalamkari,new,212,Apparel & Accessories > Clothing > Traditional Clothing > Pen Kalamkari Dupattas
DPTD208,Kailash Kalamkari Srikalahasthi Pen Kalamkari Hand-Painted Pure Tussar Silk Dupatta - DPTD208,Authentic hand-painted Srikalahasthi (Srikalahasti) Pen Kalamkari Pure Tussar Silk Dupatta (Code: DPTD208). 100% natural organic vegetable dyes hand-drawn using traditional tamarind twig pens directly from Kailash Kalamkari master artisans since 1984.,https://www.kailash-kalamkari.com/?department=dupatta&product=srikalahasthi-pen-kalamkari-pure-tussar-silk-DPTD208,https://lh3.googleusercontent.com/d/=w1200,in_stock,3800 INR,Kailash Kalamkari,new,212,Apparel & Accessories > Clothing > Traditional Clothing > Pen Kalamkari Dupattas
DPTD209,Kailash Kalamkari Srikalahasthi Pen Kalamkari Hand-Painted Pure Tussar Silk Dupatta - DPTD209,Authentic hand-painted Srikalahasthi (Srikalahasti) Pen Kalamkari Pure Tussar Silk Dupatta (Code: DPTD209). 100% natural organic vegetable dyes hand-drawn using traditional tamarind twig pens directly from Kailash Kalamkari master artisans since 1984.,https://www.kailash-kalamkari.com/?department=dupatta&product=srikalahasthi-pen-kalamkari-pure-tussar-silk-DPTD209,https://lh3.googleusercontent.com/d/=w1200,in_stock,3800 INR,Kailash Kalamkari,new,212,Apparel & Accessories > Clothing > Traditional Clothing > Pen Kalamkari Dupattas
DPTD210,Kailash Kalamkari Srikalahasthi Pen Kalamkari Hand-Painted Pure Tussar Silk Dupatta - DPTD210,Authentic hand-painted Srikalahasthi (Srikalahasti) Pen Kalamkari Pure Tussar Silk Dupatta (Code: DPTD210). 100% natural organic vegetable dyes hand-drawn using traditional tamarind twig pens directly from Kailash Kalamkari master artisans since 1984.,https://www.kailash-kalamkari.com/?department=dupatta&product=srikalahasthi-pen-kalamkari-pure-tussar-silk-DPTD210,https://lh3.googleusercontent.com/d/=w1200,in_stock,3800 INR,Kailash Kalamkari,new,212,Apparel & Accessories > Clothing > Traditional Clothing > Pen Kalamkari Dupattas
DPTD211,Kailash Kalamkari Srikalahasthi Pen Kalamkari Hand-Painted Pure Tussar Silk Dupatta - DPTD211,Authentic hand-painted Srikalahasthi (Srikalahasti) Pen Kalamkari Pure Tussar Silk Dupatta (Code: DPTD211). 100% natural organic vegetable dyes hand-drawn using traditional tamarind twig pens directly from Kailash Kalamkari master artisans since 1984.,https://www.kailash-kalamkari.com/?department=dupatta&product=srikalahasthi-pen-kalamkari-pure-tussar-silk-DPTD211,https://lh3.googleusercontent.com/d/=w1200,in_stock,3800 INR,Kailash Kalamkari,new,212,Apparel & Accessories > Clothing > Traditional Clothing > Pen Kalamkari Dupattas
DPTD212,Kailash Kalamkari Srikalahasthi Pen Kalamkari Hand-Painted Pure Tussar Silk Dupatta - DPTD212,Authentic hand-painted Srikalahasthi (Srikalahasti) Pen Kalamkari Pure Tussar Silk Dupatta (Code: DPTD212). 100% natural organic vegetable dyes hand-drawn using traditional tamarind twig pens directly from Kailash Kalamkari master artisans since 1984.,https://www.kailash-kalamkari.com/?department=dupatta&product=srikalahasthi-pen-kalamkari-pure-tussar-silk-DPTD212,https://lh3.googleusercontent.com/d/=w1200,in_stock,3800 INR,Kailash Kalamkari,new,212,Apparel & Accessories > Clothing > Traditional Clothing > Pen Kalamkari Dupattas
DPTD213,Kailash Kalamkari Srikalahasthi Pen Kalamkari Hand-Painted Pure Tussar Silk Dupatta - DPTD213,Authentic hand-painted Srikalahasthi (Srikalahasti) Pen Kalamkari Pure Tussar Silk Dupatta (Code: DPTD213). 100% natural organic vegetable dyes hand-drawn using traditional tamarind twig pens directly from Kailash Kalamkari master artisans since 1984.,https://www.kailash-kalamkari.com/?department=dupatta&product=srikalahasthi-pen-kalamkari-pure-tussar-silk-DPTD213,https://lh3.googleusercontent.com/d/=w1200,in_stock,3800 INR,Kailash Kalamkari,new,212,Apparel & Accessories > Clothing > Traditional Clothing > Pen Kalamkari Dupattas
DPTD214,Kailash Kalamkari Srikalahasthi Pen Kalamkari Hand-Painted Pure Tussar Silk Dupatta - DPTD214,Authentic hand-painted Srikalahasthi (Srikalahasti) Pen Kalamkari Pure Tussar Silk Dupatta (Code: DPTD214). 100% natural organic vegetable dyes hand-drawn using traditional tamarind twig pens directly from Kailash Kalamkari master artisans since 1984.,https://www.kailash-kalamkari.com/?department=dupatta&product=srikalahasthi-pen-kalamkari-pure-tussar-silk-DPTD214,https://lh3.googleusercontent.com/d/=w1200,in_stock,3800 INR,Kailash Kalamkari,new,212,Apparel & Accessories > Clothing > Traditional Clothing > Pen Kalamkari Dupattas
DPTD215,Kailash Kalamkari Srikalahasthi Pen Kalamkari Hand-Painted Pure Tussar Silk Dupatta - DPTD215,Authentic hand-painted Srikalahasthi (Srikalahasti) Pen Kalamkari Pure Tussar Silk Dupatta (Code: DPTD215). 100% natural organic vegetable dyes hand-drawn using traditional tamarind twig pens directly from Kailash Kalamkari master artisans since 1984.,https://www.kailash-kalamkari.com/?department=dupatta&product=srikalahasthi-pen-kalamkari-pure-tussar-silk-DPTD215,https://lh3.googleusercontent.com/d/=w1200,in_stock,3800 INR,Kailash Kalamkari,new,212,Apparel & Accessories > Clothing > Traditional Clothing > Pen Kalamkari Dupattas
DPTD216,Kailash Kalamkari Srikalahasthi Pen Kalamkari Hand-Painted Pure Tussar Silk Dupatta - DPTD216,Authentic hand-painted Srikalahasthi (Srikalahasti) Pen Kalamkari Pure Tussar Silk Dupatta (Code: DPTD216). 100% natural organic vegetable dyes hand-drawn using traditional tamarind twig pens directly from Kailash Kalamkari master artisans since 1984.,https://www.kailash-kalamkari.com/?department=dupatta&product=srikalahasthi-pen-kalamkari-pure-tussar-silk-DPTD216,https://lh3.googleusercontent.com/d/=w1200,in_stock,3800 INR,Kailash Kalamkari,new,212,Apparel & Accessories > Clothing > Traditional Clothing > Pen Kalamkari Dupattas
DPTD217,Kailash Kalamkari Srikalahasthi Pen Kalamkari Hand-Painted Pure Tussar Silk Dupatta - DPTD217,Authentic hand-painted Srikalahasthi (Srikalahasti) Pen Kalamkari Pure Tussar Silk Dupatta (Code: DPTD217). 100% natural organic vegetable dyes hand-drawn using traditional tamarind twig pens directly from Kailash Kalamkari master artisans since 1984.,https://www.kailash-kalamkari.com/?department=dupatta&product=srikalahasthi-pen-kalamkari-pure-tussar-silk-DPTD217,https://lh3.googleusercontent.com/d/=w1200,in_stock,3800 INR,Kailash Kalamkari,new,212,Apparel & Accessories > Clothing > Traditional Clothing > Pen Kalamkari Dupattas
DPTD218,Kailash Kalamkari Srikalahasthi Pen Kalamkari Hand-Painted Pure Tussar Silk Dupatta - DPTD218,Authentic hand-painted Srikalahasthi (Srikalahasti) Pen Kalamkari Pure Tussar Silk Dupatta (Code: DPTD218). 100% natural organic vegetable dyes hand-drawn using traditional tamarind twig pens directly from Kailash Kalamkari master artisans since 1984.,https://www.kailash-kalamkari.com/?department=dupatta&product=srikalahasthi-pen-kalamkari-pure-tussar-silk-DPTD218,https://lh3.googleusercontent.com/d/=w1200,in_stock,3800 INR,Kailash Kalamkari,new,212,Apparel & Accessories > Clothing > Traditional Clothing > Pen Kalamkari Dupattas
DPTD219,Kailash Kalamkari Srikalahasthi Pen Kalamkari Hand-Painted Pure Tussar Silk Dupatta - DPTD219,Authentic hand-painted Srikalahasthi (Srikalahasti) Pen Kalamkari Pure Tussar Silk Dupatta (Code: DPTD219). 100% natural organic vegetable dyes hand-drawn using traditional tamarind twig pens directly from Kailash Kalamkari master artisans since 1984.,https://www.kailash-kalamkari.com/?department=dupatta&product=srikalahasthi-pen-kalamkari-pure-tussar-silk-DPTD219,https://lh3.googleusercontent.com/d/=w1200,in_stock,3800 INR,Kailash Kalamkari,new,212,Apparel & Accessories > Clothing > Traditional Clothing > Pen Kalamkari Dupattas
DPTD220,Kailash Kalamkari Srikalahasthi Pen Kalamkari Hand-Painted Pure Tussar Silk Dupatta - DPTD220,Authentic hand-painted Srikalahasthi (Srikalahasti) Pen Kalamkari Pure Tussar Silk Dupatta (Code: DPTD220). 100% natural organic vegetable dyes hand-drawn using traditional tamarind twig pens directly from Kailash Kalamkari master artisans since 1984.,https://www.kailash-kalamkari.com/?department=dupatta&product=srikalahasthi-pen-kalamkari-pure-tussar-silk-DPTD220,https://lh3.googleusercontent.com/d/=w1200,in_stock,3800 INR,Kailash Kalamkari,new,212,Apparel & Accessories > Clothing > Traditional Clothing > Pen Kalamkari Dupattas
DPTD221,Kailash Kalamkari Srikalahasthi Pen Kalamkari Hand-Painted Pure Tussar Silk Dupatta - DPTD221,Authentic hand-painted Srikalahasthi (Srikalahasti) Pen Kalamkari Pure Tussar Silk Dupatta (Code: DPTD221). 100% natural organic vegetable dyes hand-drawn using traditional tamarind twig pens directly from Kailash Kalamkari master artisans since 1984.,https://www.kailash-kalamkari.com/?department=dupatta&product=srikalahasthi-pen-kalamkari-pure-tussar-silk-DPTD221,https://lh3.googleusercontent.com/d/=w1200,in_stock,3800 INR,Kailash Kalamkari,new,212,Apparel & Accessories > Clothing > Traditional Clothing > Pen Kalamkari Dupattas
DPTD222,Kailash Kalamkari Srikalahasthi Pen Kalamkari Hand-Painted Pure Tussar Silk Dupatta - DPTD222,Authentic hand-painted Srikalahasthi (Srikalahasti) Pen Kalamkari Pure Tussar Silk Dupatta (Code: DPTD222). 100% natural organic vegetable dyes hand-drawn using traditional tamarind twig pens directly from Kailash Kalamkari master artisans since 1984.,https://www.kailash-kalamkari.com/?department=dupatta&product=srikalahasthi-pen-kalamkari-pure-tussar-silk-DPTD222,https://lh3.googleusercontent.com/d/=w1200,in_stock,3800 INR,Kailash Kalamkari,new,212,Apparel & Accessories > Clothing > Traditional Clothing > Pen Kalamkari Dupattas
DPTD223,Kailash Kalamkari Srikalahasthi Pen Kalamkari Hand-Painted Pure Tussar Silk Dupatta - DPTD223,Authentic hand-painted Srikalahasthi (Srikalahasti) Pen Kalamkari Pure Tussar Silk Dupatta (Code: DPTD223). 100% natural organic vegetable dyes hand-drawn using traditional tamarind twig pens directly from Kailash Kalamkari master artisans since 1984.,https://www.kailash-kalamkari.com/?department=dupatta&product=srikalahasthi-pen-kalamkari-pure-tussar-silk-DPTD223,https://lh3.googleusercontent.com/d/=w1200,in_stock,3800 INR,Kailash Kalamkari,new,212,Apparel & Accessories > Clothing > Traditional Clothing > Pen Kalamkari Dupattas
DPTD224,Kailash Kalamkari Srikalahasthi Pen Kalamkari Hand-Painted Pure Tussar Silk Dupatta - DPTD224,Authentic hand-painted Srikalahasthi (Srikalahasti) Pen Kalamkari Pure Tussar Silk Dupatta (Code: DPTD224). 100% natural organic vegetable dyes hand-drawn using traditional tamarind twig pens directly from Kailash Kalamkari master artisans since 1984.,https://www.kailash-kalamkari.com/?department=dupatta&product=srikalahasthi-pen-kalamkari-pure-tussar-silk-DPTD224,https://lh3.googleusercontent.com/d/=w1200,in_stock,3800 INR,Kailash Kalamkari,new,212,Apparel & Accessories > Clothing > Traditional Clothing > Pen Kalamkari Dupattas
DPTD225,Kailash Kalamkari Srikalahasthi Pen Kalamkari Hand-Painted Pure Tussar Silk Dupatta - DPTD225,Authentic hand-painted Srikalahasthi (Srikalahasti) Pen Kalamkari Pure Tussar Silk Dupatta (Code: DPTD225). 100% natural organic vegetable dyes hand-drawn using traditional tamarind twig pens directly from Kailash Kalamkari master artisans since 1984.,https://www.kailash-kalamkari.com/?department=dupatta&product=srikalahasthi-pen-kalamkari-pure-tussar-silk-DPTD225,https://lh3.googleusercontent.com/d/=w1200,in_stock,3800 INR,Kailash Kalamkari,new,212,Apparel & Accessories > Clothing > Traditional Clothing > Pen Kalamkari Dupattas
DPTD226,Kailash Kalamkari Srikalahasthi Pen Kalamkari Hand-Painted Pure Tussar Silk Dupatta - DPTD226,Authentic hand-painted Srikalahasthi (Srikalahasti) Pen Kalamkari Pure Tussar Silk Dupatta (Code: DPTD226). 100% natural organic vegetable dyes hand-drawn using traditional tamarind twig pens directly from Kailash Kalamkari master artisans since 1984.,https://www.kailash-kalamkari.com/?department=dupatta&product=srikalahasthi-pen-kalamkari-pure-tussar-silk-DPTD226,https://lh3.googleusercontent.com/d/=w1200,in_stock,3800 INR,Kailash Kalamkari,new,212,Apparel & Accessories > Clothing > Traditional Clothing > Pen Kalamkari Dupattas
DPTD227,Kailash Kalamkari Srikalahasthi Pen Kalamkari Hand-Painted Pure Tussar Silk Dupatta - DPTD227,Authentic hand-painted Srikalahasthi (Srikalahasti) Pen Kalamkari Pure Tussar Silk Dupatta (Code: DPTD227). 100% natural organic vegetable dyes hand-drawn using traditional tamarind twig pens directly from Kailash Kalamkari master artisans since 1984.,https://www.kailash-kalamkari.com/?department=dupatta&product=srikalahasthi-pen-kalamkari-pure-tussar-silk-DPTD227,https://lh3.googleusercontent.com/d/=w1200,in_stock,3800 INR,Kailash Kalamkari,new,212,Apparel & Accessories > Clothing > Traditional Clothing > Pen Kalamkari Dupattas
DPTD228,Kailash Kalamkari Srikalahasthi Pen Kalamkari Hand-Painted Pure Tussar Silk Dupatta - DPTD228,Authentic hand-painted Srikalahasthi (Srikalahasti) Pen Kalamkari Pure Tussar Silk Dupatta (Code: DPTD228). 100% natural organic vegetable dyes hand-drawn using traditional tamarind twig pens directly from Kailash Kalamkari master artisans since 1984.,https://www.kailash-kalamkari.com/?department=dupatta&product=srikalahasthi-pen-kalamkari-pure-tussar-silk-DPTD228,https://lh3.googleusercontent.com/d/=w1200,in_stock,3800 INR,Kailash Kalamkari,new,212,Apparel & Accessories > Clothing > Traditional Clothing > Pen Kalamkari Dupattas
DPTD229,Kailash Kalamkari Srikalahasthi Pen Kalamkari Hand-Painted Pure Tussar Silk Dupatta - DPTD229,Authentic hand-painted Srikalahasthi (Srikalahasti) Pen Kalamkari Pure Tussar Silk Dupatta (Code: DPTD229). 100% natural organic vegetable dyes hand-drawn using traditional tamarind twig pens directly from Kailash Kalamkari master artisans since 1984.,https://www.kailash-kalamkari.com/?department=dupatta&product=srikalahasthi-pen-kalamkari-pure-tussar-silk-DPTD229,https://lh3.googleusercontent.com/d/=w1200,in_stock,3800 INR,Kailash Kalamkari,new,212,Apparel & Accessories > Clothing > Traditional Clothing > Pen Kalamkari Dupattas
DPTD230,Kailash Kalamkari Srikalahasthi Pen Kalamkari Hand-Painted Pure Tussar Silk Dupatta - DPTD230,Authentic hand-painted Srikalahasthi (Srikalahasti) Pen Kalamkari Pure Tussar Silk Dupatta (Code: DPTD230). 100% natural organic vegetable dyes hand-drawn using traditional tamarind twig pens directly from Kailash Kalamkari master artisans since 1984.,https://www.kailash-kalamkari.com/?department=dupatta&product=srikalahasthi-pen-kalamkari-pure-tussar-silk-DPTD230,https://lh3.googleusercontent.com/d/=w1200,in_stock,3800 INR,Kailash Kalamkari,new,212,Apparel & Accessories > Clothing > Traditional Clothing > Pen Kalamkari Dupattas
DPTD231,Kailash Kalamkari Srikalahasthi Pen Kalamkari Hand-Painted Pure Tussar Silk Dupatta - DPTD231,Authentic hand-painted Srikalahasthi (Srikalahasti) Pen Kalamkari Pure Tussar Silk Dupatta (Code: DPTD231). 100% natural organic vegetable dyes hand-drawn using traditional tamarind twig pens directly from Kailash Kalamkari master artisans since 1984.,https://www.kailash-kalamkari.com/?department=dupatta&product=srikalahasthi-pen-kalamkari-pure-tussar-silk-DPTD231,https://lh3.googleusercontent.com/d/=w1200,in_stock,3800 INR,Kailash Kalamkari,new,212,Apparel & Accessories > Clothing > Traditional Clothing > Pen Kalamkari Dupattas
DPTD232,Kailash Kalamkari Srikalahasthi Pen Kalamkari Hand-Painted Pure Tussar Silk Dupatta - DPTD232,Authentic hand-painted Srikalahasthi (Srikalahasti) Pen Kalamkari Pure Tussar Silk Dupatta (Code: DPTD232). 100% natural organic vegetable dyes hand-drawn using traditional tamarind twig pens directly from Kailash Kalamkari master artisans since 1984.,https://www.kailash-kalamkari.com/?department=dupatta&product=srikalahasthi-pen-kalamkari-pure-tussar-silk-DPTD232,https://lh3.googleusercontent.com/d/=w1200,in_stock,3800 INR,Kailash Kalamkari,new,212,Apparel & Accessories > Clothing > Traditional Clothing > Pen Kalamkari Dupattas
DPTD234,Kailash Kalamkari Srikalahasthi Pen Kalamkari Hand-Painted Pure Tussar Silk Dupatta - DPTD234,Authentic hand-painted Srikalahasthi (Srikalahasti) Pen Kalamkari Pure Tussar Silk Dupatta (Code: DPTD234). 100% natural organic vegetable dyes hand-drawn using traditional tamarind twig pens directly from Kailash Kalamkari master artisans since 1984.,https://www.kailash-kalamkari.com/?department=dupatta&product=srikalahasthi-pen-kalamkari-pure-tussar-silk-DPTD234,https://lh3.googleusercontent.com/d/=w1200,in_stock,3800 INR,Kailash Kalamkari,new,212,Apparel & Accessories > Clothing > Traditional Clothing > Pen Kalamkari Dupattas
DPTD235,Kailash Kalamkari Srikalahasthi Pen Kalamkari Hand-Painted Pure Tussar Silk Dupatta - DPTD235,Authentic hand-painted Srikalahasthi (Srikalahasti) Pen Kalamkari Pure Tussar Silk Dupatta (Code: DPTD235). 100% natural organic vegetable dyes hand-drawn using traditional tamarind twig pens directly from Kailash Kalamkari master artisans since 1984.,https://www.kailash-kalamkari.com/?department=dupatta&product=srikalahasthi-pen-kalamkari-pure-tussar-silk-DPTD235,https://lh3.googleusercontent.com/d/=w1200,in_stock,3800 INR,Kailash Kalamkari,new,212,Apparel & Accessories > Clothing > Traditional Clothing > Pen Kalamkari Dupattas
DPTD236,Kailash Kalamkari Srikalahasthi Pen Kalamkari Hand-Painted Pure Tussar Silk Dupatta - DPTD236,Authentic hand-painted Srikalahasthi (Srikalahasti) Pen Kalamkari Pure Tussar Silk Dupatta (Code: DPTD236). 100% natural organic vegetable dyes hand-drawn using traditional tamarind twig pens directly from Kailash Kalamkari master artisans since 1984.,https://www.kailash-kalamkari.com/?department=dupatta&product=srikalahasthi-pen-kalamkari-pure-tussar-silk-DPTD236,https://lh3.googleusercontent.com/d/=w1200,in_stock,3800 INR,Kailash Kalamkari,new,212,Apparel & Accessories > Clothing > Traditional Clothing > Pen Kalamkari Dupattas
DPTD238,Kailash Kalamkari Srikalahasthi Pen Kalamkari Hand-Painted Pure Tussar Silk Dupatta - DPTD238,Authentic hand-painted Srikalahasthi (Srikalahasti) Pen Kalamkari Pure Tussar Silk Dupatta (Code: DPTD238). 100% natural organic vegetable dyes hand-drawn using traditional tamarind twig pens directly from Kailash Kalamkari master artisans since 1984.,https://www.kailash-kalamkari.com/?department=dupatta&product=srikalahasthi-pen-kalamkari-pure-tussar-silk-DPTD238,https://lh3.googleusercontent.com/d/=w1200,in_stock,3800 INR,Kailash Kalamkari,new,212,Apparel & Accessories > Clothing > Traditional Clothing > Pen Kalamkari Dupattas
DPTD239,Kailash Kalamkari Srikalahasthi Pen Kalamkari Hand-Painted Pure Tussar Silk Dupatta - DPTD239,Authentic hand-painted Srikalahasthi (Srikalahasti) Pen Kalamkari Pure Tussar Silk Dupatta (Code: DPTD239). 100% natural organic vegetable dyes hand-drawn using traditional tamarind twig pens directly from Kailash Kalamkari master artisans since 1984.,https://www.kailash-kalamkari.com/?department=dupatta&product=srikalahasthi-pen-kalamkari-pure-tussar-silk-DPTD239,https://lh3.googleusercontent.com/d/=w1200,in_stock,3800 INR,Kailash Kalamkari,new,212,Apparel & Accessories > Clothing > Traditional Clothing > Pen Kalamkari Dupattas
DPTD240,Kailash Kalamkari Srikalahasthi Pen Kalamkari Hand-Painted Pure Tussar Silk Dupatta - DPTD240,Authentic hand-painted Srikalahasthi (Srikalahasti) Pen Kalamkari Pure Tussar Silk Dupatta (Code: DPTD240). 100% natural organic vegetable dyes hand-drawn using traditional tamarind twig pens directly from Kailash Kalamkari master artisans since 1984.,https://www.kailash-kalamkari.com/?department=dupatta&product=srikalahasthi-pen-kalamkari-pure-tussar-silk-DPTD240,https://lh3.googleusercontent.com/d/=w1200,in_stock,3800 INR,Kailash Kalamkari,new,212,Apparel & Accessories > Clothing > Traditional Clothing > Pen Kalamkari Dupattas
DPTD241,Kailash Kalamkari Srikalahasthi Pen Kalamkari Hand-Painted Pure Tussar Silk Dupatta - DPTD241,Authentic hand-painted Srikalahasthi (Srikalahasti) Pen Kalamkari Pure Tussar Silk Dupatta (Code: DPTD241). 100% natural organic vegetable dyes hand-drawn using traditional tamarind twig pens directly from Kailash Kalamkari master artisans since 1984.,https://www.kailash-kalamkari.com/?department=dupatta&product=srikalahasthi-pen-kalamkari-pure-tussar-silk-DPTD241,https://lh3.googleusercontent.com/d/=w1200,in_stock,3800 INR,Kailash Kalamkari,new,212,Apparel & Accessories > Clothing > Traditional Clothing > Pen Kalamkari Dupattas
DPTD242,Kailash Kalamkari Srikalahasthi Pen Kalamkari Hand-Painted Pure Tussar Silk Dupatta - DPTD242,Authentic hand-painted Srikalahasthi (Srikalahasti) Pen Kalamkari Pure Tussar Silk Dupatta (Code: DPTD242). 100% natural organic vegetable dyes hand-drawn using traditional tamarind twig pens directly from Kailash Kalamkari master artisans since 1984.,https://www.kailash-kalamkari.com/?department=dupatta&product=srikalahasthi-pen-kalamkari-pure-tussar-silk-DPTD242,https://lh3.googleusercontent.com/d/=w1200,in_stock,3800 INR,Kailash Kalamkari,new,212,Apparel & Accessories > Clothing > Traditional Clothing > Pen Kalamkari Dupattas
DPIS132,Kailash Kalamkari Srikalahasthi Pen Kalamkari Hand-Painted Pure Ikkath Silk Saree - DPIS132,Authentic hand-painted Srikalahasthi (Srikalahasti) Pen Kalamkari Pure Ikkath Silk Saree (Code: DPIS132). 100% natural organic vegetable dyes hand-drawn using traditional tamarind twig pens directly from Kailash Kalamkari master artisans since 1984.,https://www.kailash-kalamkari.com/?department=saree&product=srikalahasthi-pen-kalamkari-pure-ikkath-silk-DPIS132,https://lh3.googleusercontent.com/d/=w1200,in_stock,34500 INR,Kailash Kalamkari,new,2271,Apparel & Accessories > Clothing > Traditional Clothing > Pen Kalamkari Sarees
DPIS134,Kailash Kalamkari Srikalahasthi Pen Kalamkari Hand-Painted Pure Ikkath Silk Saree - DPIS134,Authentic hand-painted Srikalahasthi (Srikalahasti) Pen Kalamkari Pure Ikkath Silk Saree (Code: DPIS134). 100% natural organic vegetable dyes hand-drawn using traditional tamarind twig pens directly from Kailash Kalamkari master artisans since 1984.,https://www.kailash-kalamkari.com/?department=saree&product=srikalahasthi-pen-kalamkari-pure-ikkath-silk-DPIS134,https://lh3.googleusercontent.com/d/=w1200,in_stock,34500 INR,Kailash Kalamkari,new,2271,Apparel & Accessories > Clothing > Traditional Clothing > Pen Kalamkari Sarees
DPIS135,Kailash Kalamkari Srikalahasthi Pen Kalamkari Hand-Painted Pure Ikkath Silk Saree - DPIS135,Authentic hand-painted Srikalahasthi (Srikalahasti) Pen Kalamkari Pure Ikkath Silk Saree (Code: DPIS135). 100% natural organic vegetable dyes hand-drawn using traditional tamarind twig pens directly from Kailash Kalamkari master artisans since 1984.,https://www.kailash-kalamkari.com/?department=saree&product=srikalahasthi-pen-kalamkari-pure-ikkath-silk-DPIS135,https://lh3.googleusercontent.com/d/=w1200,in_stock,34500 INR,Kailash Kalamkari,new,2271,Apparel & Accessories > Clothing > Traditional Clothing > Pen Kalamkari Sarees
DPIS155,Kailash Kalamkari Srikalahasthi Pen Kalamkari Hand-Painted Pure Ikkath Silk Saree - DPIS155,Authentic hand-painted Srikalahasthi (Srikalahasti) Pen Kalamkari Pure Ikkath Silk Saree (Code: DPIS155). 100% natural organic vegetable dyes hand-drawn using traditional tamarind twig pens directly from Kailash Kalamkari master artisans since 1984.,https://www.kailash-kalamkari.com/?department=saree&product=srikalahasthi-pen-kalamkari-pure-ikkath-silk-DPIS155,https://lh3.googleusercontent.com/d/=w1200,in_stock,27500 INR,Kailash Kalamkari,new,2271,Apparel & Accessories > Clothing > Traditional Clothing > Pen Kalamkari Sarees
DPIS136,Kailash Kalamkari Srikalahasthi Pen Kalamkari Hand-Painted Pure Ikkath Silk Saree - DPIS136,Authentic hand-painted Srikalahasthi (Srikalahasti) Pen Kalamkari Pure Ikkath Silk Saree (Code: DPIS136). 100% natural organic vegetable dyes hand-drawn using traditional tamarind twig pens directly from Kailash Kalamkari master artisans since 1984.,https://www.kailash-kalamkari.com/?department=saree&product=srikalahasthi-pen-kalamkari-pure-ikkath-silk-DPIS136,https://lh3.googleusercontent.com/d/=w1200,in_stock,27500 INR,Kailash Kalamkari,new,2271,Apparel & Accessories > Clothing > Traditional Clothing > Pen Kalamkari Sarees
DPIS138,Kailash Kalamkari Srikalahasthi Pen Kalamkari Hand-Painted Pure Ikkath Silk Saree - DPIS138,Authentic hand-painted Srikalahasthi (Srikalahasti) Pen Kalamkari Pure Ikkath Silk Saree (Code: DPIS138). 100% natural organic vegetable dyes hand-drawn using traditional tamarind twig pens directly from Kailash Kalamkari master artisans since 1984.,https://www.kailash-kalamkari.com/?department=saree&product=srikalahasthi-pen-kalamkari-pure-ikkath-silk-DPIS138,https://lh3.googleusercontent.com/d/=w1200,in_stock,27500 INR,Kailash Kalamkari,new,2271,Apparel & Accessories > Clothing > Traditional Clothing > Pen Kalamkari Sarees
DPIS139,Kailash Kalamkari Srikalahasthi Pen Kalamkari Hand-Painted Pure Ikkath Silk Saree - DPIS139,Authentic hand-painted Srikalahasthi (Srikalahasti) Pen Kalamkari Pure Ikkath Silk Saree (Code: DPIS139). 100% natural organic vegetable dyes hand-drawn using traditional tamarind twig pens directly from Kailash Kalamkari master artisans since 1984.,https://www.kailash-kalamkari.com/?department=saree&product=srikalahasthi-pen-kalamkari-pure-ikkath-silk-DPIS139,https://lh3.googleusercontent.com/d/=w1200,in_stock,27500 INR,Kailash Kalamkari,new,2271,Apparel & Accessories > Clothing > Traditional Clothing > Pen Kalamkari Sarees
DPIS140,Kailash Kalamkari Srikalahasthi Pen Kalamkari Hand-Painted Pure Ikkath Silk Saree - DPIS140,Authentic hand-painted Srikalahasthi (Srikalahasti) Pen Kalamkari Pure Ikkath Silk Saree (Code: DPIS140). 100% natural organic vegetable dyes hand-drawn using traditional tamarind twig pens directly from Kailash Kalamkari master artisans since 1984.,https://www.kailash-kalamkari.com/?department=saree&product=srikalahasthi-pen-kalamkari-pure-ikkath-silk-DPIS140,https://lh3.googleusercontent.com/d/=w1200,in_stock,27500 INR,Kailash Kalamkari,new,2271,Apparel & Accessories > Clothing > Traditional Clothing > Pen Kalamkari Sarees
DPIS141,Kailash Kalamkari Srikalahasthi Pen Kalamkari Hand-Painted Pure Ikkath Silk Saree - DPIS141,Authentic hand-painted Srikalahasthi (Srikalahasti) Pen Kalamkari Pure Ikkath Silk Saree (Code: DPIS141). 100% natural organic vegetable dyes hand-drawn using traditional tamarind twig pens directly from Kailash Kalamkari master artisans since 1984.,https://www.kailash-kalamkari.com/?department=saree&product=srikalahasthi-pen-kalamkari-pure-ikkath-silk-DPIS141,https://lh3.googleusercontent.com/d/=w1200,in_stock,27500 INR,Kailash Kalamkari,new,2271,Apparel & Accessories > Clothing > Traditional Clothing > Pen Kalamkari Sarees
DPIS142,Kailash Kalamkari Srikalahasthi Pen Kalamkari Hand-Painted Pure Ikkath Silk Saree - DPIS142,Authentic hand-painted Srikalahasthi (Srikalahasti) Pen Kalamkari Pure Ikkath Silk Saree (Code: DPIS142). 100% natural organic vegetable dyes hand-drawn using traditional tamarind twig pens directly from Kailash Kalamkari master artisans since 1984.,https://www.kailash-kalamkari.com/?department=saree&product=srikalahasthi-pen-kalamkari-pure-ikkath-silk-DPIS142,https://lh3.googleusercontent.com/d/=w1200,in_stock,27500 INR,Kailash Kalamkari,new,2271,Apparel & Accessories > Clothing > Traditional Clothing > Pen Kalamkari Sarees
DPIS143,Kailash Kalamkari Srikalahasthi Pen Kalamkari Hand-Painted Pure Ikkath Silk Saree - DPIS143,Authentic hand-painted Srikalahasthi (Srikalahasti) Pen Kalamkari Pure Ikkath Silk Saree (Code: DPIS143). 100% natural organic vegetable dyes hand-drawn using traditional tamarind twig pens directly from Kailash Kalamkari master artisans since 1984.,https://www.kailash-kalamkari.com/?department=saree&product=srikalahasthi-pen-kalamkari-pure-ikkath-silk-DPIS143,https://lh3.googleusercontent.com/d/=w1200,in_stock,27500 INR,Kailash Kalamkari,new,2271,Apparel & Accessories > Clothing > Traditional Clothing > Pen Kalamkari Sarees
DPIS144,Kailash Kalamkari Srikalahasthi Pen Kalamkari Hand-Painted Pure Ikkath Silk Saree - DPIS144,Authentic hand-painted Srikalahasthi (Srikalahasti) Pen Kalamkari Pure Ikkath Silk Saree (Code: DPIS144). 100% natural organic vegetable dyes hand-drawn using traditional tamarind twig pens directly from Kailash Kalamkari master artisans since 1984.,https://www.kailash-kalamkari.com/?department=saree&product=srikalahasthi-pen-kalamkari-pure-ikkath-silk-DPIS144,https://lh3.googleusercontent.com/d/=w1200,in_stock,27500 INR,Kailash Kalamkari,new,2271,Apparel & Accessories > Clothing > Traditional Clothing > Pen Kalamkari Sarees
DPIS146,Kailash Kalamkari Srikalahasthi Pen Kalamkari Hand-Painted Pure Ikkath Silk Saree - DPIS146,Authentic hand-painted Srikalahasthi (Srikalahasti) Pen Kalamkari Pure Ikkath Silk Saree (Code: DPIS146). 100% natural organic vegetable dyes hand-drawn using traditional tamarind twig pens directly from Kailash Kalamkari master artisans since 1984.,https://www.kailash-kalamkari.com/?department=saree&product=srikalahasthi-pen-kalamkari-pure-ikkath-silk-DPIS146,https://lh3.googleusercontent.com/d/=w1200,in_stock,27500 INR,Kailash Kalamkari,new,2271,Apparel & Accessories > Clothing > Traditional Clothing > Pen Kalamkari Sarees
DPIS148,Kailash Kalamkari Srikalahasthi Pen Kalamkari Hand-Painted Pure Ikkath Silk Saree - DPIS148,Authentic hand-painted Srikalahasthi (Srikalahasti) Pen Kalamkari Pure Ikkath Silk Saree (Code: DPIS148). 100% natural organic vegetable dyes hand-drawn using traditional tamarind twig pens directly from Kailash Kalamkari master artisans since 1984.,https://www.kailash-kalamkari.com/?department=saree&product=srikalahasthi-pen-kalamkari-pure-ikkath-silk-DPIS148,https://lh3.googleusercontent.com/d/=w1200,in_stock,27500 INR,Kailash Kalamkari,new,2271,Apparel & Accessories > Clothing > Traditional Clothing > Pen Kalamkari Sarees
DPIS149,Kailash Kalamkari Srikalahasthi Pen Kalamkari Hand-Painted Pure Ikkath Silk Saree - DPIS149,Authentic hand-painted Srikalahasthi (Srikalahasti) Pen Kalamkari Pure Ikkath Silk Saree (Code: DPIS149). 100% natural organic vegetable dyes hand-drawn using traditional tamarind twig pens directly from Kailash Kalamkari master artisans since 1984.,https://www.kailash-kalamkari.com/?department=saree&product=srikalahasthi-pen-kalamkari-pure-ikkath-silk-DPIS149,https://lh3.googleusercontent.com/d/=w1200,in_stock,27500 INR,Kailash Kalamkari,new,2271,Apparel & Accessories > Clothing > Traditional Clothing > Pen Kalamkari Sarees
DPIS150,Kailash Kalamkari Srikalahasthi Pen Kalamkari Hand-Painted Pure Ikkath Silk Saree - DPIS150,Authentic hand-painted Srikalahasthi (Srikalahasti) Pen Kalamkari Pure Ikkath Silk Saree (Code: DPIS150). 100% natural organic vegetable dyes hand-drawn using traditional tamarind twig pens directly from Kailash Kalamkari master artisans since 1984.,https://www.kailash-kalamkari.com/?department=saree&product=srikalahasthi-pen-kalamkari-pure-ikkath-silk-DPIS150,https://lh3.googleusercontent.com/d/=w1200,in_stock,27500 INR,Kailash Kalamkari,new,2271,Apparel & Accessories > Clothing > Traditional Clothing > Pen Kalamkari Sarees
DPIS151,Kailash Kalamkari Srikalahasthi Pen Kalamkari Hand-Painted Pure Ikkath Silk Saree - DPIS151,Authentic hand-painted Srikalahasthi (Srikalahasti) Pen Kalamkari Pure Ikkath Silk Saree (Code: DPIS151). 100% natural organic vegetable dyes hand-drawn using traditional tamarind twig pens directly from Kailash Kalamkari master artisans since 1984.,https://www.kailash-kalamkari.com/?department=saree&product=srikalahasthi-pen-kalamkari-pure-ikkath-silk-DPIS151,https://lh3.googleusercontent.com/d/=w1200,in_stock,27500 INR,Kailash Kalamkari,new,2271,Apparel & Accessories > Clothing > Traditional Clothing > Pen Kalamkari Sarees
DPIS152,Kailash Kalamkari Srikalahasthi Pen Kalamkari Hand-Painted Pure Ikkath Silk Saree - DPIS152,Authentic hand-painted Srikalahasthi (Srikalahasti) Pen Kalamkari Pure Ikkath Silk Saree (Code: DPIS152). 100% natural organic vegetable dyes hand-drawn using traditional tamarind twig pens directly from Kailash Kalamkari master artisans since 1984.,https://www.kailash-kalamkari.com/?department=saree&product=srikalahasthi-pen-kalamkari-pure-ikkath-silk-DPIS152,https://lh3.googleusercontent.com/d/=w1200,in_stock,27500 INR,Kailash Kalamkari,new,2271,Apparel & Accessories > Clothing > Traditional Clothing > Pen Kalamkari Sarees
DPIS153,Kailash Kalamkari Srikalahasthi Pen Kalamkari Hand-Painted Pure Ikkath Silk Saree - DPIS153,Authentic hand-painted Srikalahasthi (Srikalahasti) Pen Kalamkari Pure Ikkath Silk Saree (Code: DPIS153). 100% natural organic vegetable dyes hand-drawn using traditional tamarind twig pens directly from Kailash Kalamkari master artisans since 1984.,https://www.kailash-kalamkari.com/?department=saree&product=srikalahasthi-pen-kalamkari-pure-ikkath-silk-DPIS153,https://lh3.googleusercontent.com/d/=w1200,in_stock,27500 INR,Kailash Kalamkari,new,2271,Apparel & Accessories > Clothing > Traditional Clothing > Pen Kalamkari Sarees
DPIS154,Kailash Kalamkari Srikalahasthi Pen Kalamkari Hand-Painted Pure Ikkath Silk Saree - DPIS154,Authentic hand-painted Srikalahasthi (Srikalahasti) Pen Kalamkari Pure Ikkath Silk Saree (Code: DPIS154). 100% natural organic vegetable dyes hand-drawn using traditional tamarind twig pens directly from Kailash Kalamkari master artisans since 1984.,https://www.kailash-kalamkari.com/?department=saree&product=srikalahasthi-pen-kalamkari-pure-ikkath-silk-DPIS154,https://lh3.googleusercontent.com/d/=w1200,in_stock,27500 INR,Kailash Kalamkari,new,2271,Apparel & Accessories > Clothing > Traditional Clothing > Pen Kalamkari Sarees
DPTS236,Kailash Kalamkari Srikalahasthi Pen Kalamkari Hand-Painted Pure Tussar Silk Saree - DPTS236,Authentic hand-painted Srikalahasthi (Srikalahasti) Pen Kalamkari Pure Tussar Silk Saree (Code: DPTS236). 100% natural organic vegetable dyes hand-drawn using traditional tamarind twig pens directly from Kailash Kalamkari master artisans since 1984.,https://www.kailash-kalamkari.com/?department=saree&product=srikalahasthi-pen-kalamkari-pure-tussar-silk-DPTS236,https://lh3.googleusercontent.com/d/=w1200,in_stock,16500 INR,Kailash Kalamkari,new,2271,Apparel & Accessories > Clothing > Traditional Clothing > Pen Kalamkari Sarees
DPTS294,Kailash Kalamkari Srikalahasthi Pen Kalamkari Hand-Painted Pure Tussar Silk Saree - DPTS294,Authentic hand-painted Srikalahasthi (Srikalahasti) Pen Kalamkari Pure Tussar Silk Saree (Code: DPTS294). 100% natural organic vegetable dyes hand-drawn using traditional tamarind twig pens directly from Kailash Kalamkari master artisans since 1984.,https://www.kailash-kalamkari.com/?department=saree&product=srikalahasthi-pen-kalamkari-pure-tussar-silk-DPTS294,https://lh3.googleusercontent.com/d/=w1200,in_stock,14000 INR,Kailash Kalamkari,new,2271,Apparel & Accessories > Clothing > Traditional Clothing > Pen Kalamkari Sarees
DPTS295,Kailash Kalamkari Srikalahasthi Pen Kalamkari Hand-Painted Pure Tussar Silk Saree - DPTS295,Authentic hand-painted Srikalahasthi (Srikalahasti) Pen Kalamkari Pure Tussar Silk Saree (Code: DPTS295). 100% natural organic vegetable dyes hand-drawn using traditional tamarind twig pens directly from Kailash Kalamkari master artisans since 1984.,https://www.kailash-kalamkari.com/?department=saree&product=srikalahasthi-pen-kalamkari-pure-tussar-silk-DPTS295,https://lh3.googleusercontent.com/d/=w1200,in_stock,14000 INR,Kailash Kalamkari,new,2271,Apparel & Accessories > Clothing > Traditional Clothing > Pen Kalamkari Sarees
DPTS296,Kailash Kalamkari Srikalahasthi Pen Kalamkari Hand-Painted Pure Tussar Silk Saree - DPTS296,Authentic hand-painted Srikalahasthi (Srikalahasti) Pen Kalamkari Pure Tussar Silk Saree (Code: DPTS296). 100% natural organic vegetable dyes hand-drawn using traditional tamarind twig pens directly from Kailash Kalamkari master artisans since 1984.,https://www.kailash-kalamkari.com/?department=saree&product=srikalahasthi-pen-kalamkari-pure-tussar-silk-DPTS296,https://lh3.googleusercontent.com/d/=w1200,in_stock,14000 INR,Kailash Kalamkari,new,2271,Apparel & Accessories > Clothing > Traditional Clothing > Pen Kalamkari Sarees
DPTS297,Kailash Kalamkari Srikalahasthi Pen Kalamkari Hand-Painted Pure Tussar Silk Saree - DPTS297,Authentic hand-painted Srikalahasthi (Srikalahasti) Pen Kalamkari Pure Tussar Silk Saree (Code: DPTS297). 100% natural organic vegetable dyes hand-drawn using traditional tamarind twig pens directly from Kailash Kalamkari master artisans since 1984.,https://www.kailash-kalamkari.com/?department=saree&product=srikalahasthi-pen-kalamkari-pure-tussar-silk-DPTS297,https://lh3.googleusercontent.com/d/=w1200,in_stock,14000 INR,Kailash Kalamkari,new,2271,Apparel & Accessories > Clothing > Traditional Clothing > Pen Kalamkari Sarees
DPTS287,Kailash Kalamkari Srikalahasthi Pen Kalamkari Hand-Painted Pure Tussar Silk Saree - DPTS287,Authentic hand-painted Srikalahasthi (Srikalahasti) Pen Kalamkari Pure Tussar Silk Saree (Code: DPTS287). 100% natural organic vegetable dyes hand-drawn using traditional tamarind twig pens directly from Kailash Kalamkari master artisans since 1984.,https://www.kailash-kalamkari.com/?department=saree&product=srikalahasthi-pen-kalamkari-pure-tussar-silk-DPTS287,https://lh3.googleusercontent.com/d/=w1200,in_stock,14000 INR,Kailash Kalamkari,new,2271,Apparel & Accessories > Clothing > Traditional Clothing > Pen Kalamkari Sarees
DPTS288,Kailash Kalamkari Srikalahasthi Pen Kalamkari Hand-Painted Pure Tussar Silk Saree - DPTS288,Authentic hand-painted Srikalahasthi (Srikalahasti) Pen Kalamkari Pure Tussar Silk Saree (Code: DPTS288). 100% natural organic vegetable dyes hand-drawn using traditional tamarind twig pens directly from Kailash Kalamkari master artisans since 1984.,https://www.kailash-kalamkari.com/?department=saree&product=srikalahasthi-pen-kalamkari-pure-tussar-silk-DPTS288,https://lh3.googleusercontent.com/d/=w1200,in_stock,14000 INR,Kailash Kalamkari,new,2271,Apparel & Accessories > Clothing > Traditional Clothing > Pen Kalamkari Sarees
DPTS237,Kailash Kalamkari Srikalahasthi Pen Kalamkari Hand-Painted Pure Tussar Silk Saree - DPTS237,Authentic hand-painted Srikalahasthi (Srikalahasti) Pen Kalamkari Pure Tussar Silk Saree (Code: DPTS237). 100% natural organic vegetable dyes hand-drawn using traditional tamarind twig pens directly from Kailash Kalamkari master artisans since 1984.,https://www.kailash-kalamkari.com/?department=saree&product=srikalahasthi-pen-kalamkari-pure-tussar-silk-DPTS237,https://lh3.googleusercontent.com/d/=w1200,in_stock,14000 INR,Kailash Kalamkari,new,2271,Apparel & Accessories > Clothing > Traditional Clothing > Pen Kalamkari Sarees
DPTS238,Kailash Kalamkari Srikalahasthi Pen Kalamkari Hand-Painted Pure Tussar Silk Saree - DPTS238,Authentic hand-painted Srikalahasthi (Srikalahasti) Pen Kalamkari Pure Tussar Silk Saree (Code: DPTS238). 100% natural organic vegetable dyes hand-drawn using traditional tamarind twig pens directly from Kailash Kalamkari master artisans since 1984.,https://www.kailash-kalamkari.com/?department=saree&product=srikalahasthi-pen-kalamkari-pure-tussar-silk-DPTS238,https://lh3.googleusercontent.com/d/=w1200,in_stock,14000 INR,Kailash Kalamkari,new,2271,Apparel & Accessories > Clothing > Traditional Clothing > Pen Kalamkari Sarees
DPTS239,Kailash Kalamkari Srikalahasthi Pen Kalamkari Hand-Painted Pure Tussar Silk Saree - DPTS239,Authentic hand-painted Srikalahasthi (Srikalahasti) Pen Kalamkari Pure Tussar Silk Saree (Code: DPTS239). 100% natural organic vegetable dyes hand-drawn using traditional tamarind twig pens directly from Kailash Kalamkari master artisans since 1984.,https://www.kailash-kalamkari.com/?department=saree&product=srikalahasthi-pen-kalamkari-pure-tussar-silk-DPTS239,https://lh3.googleusercontent.com/d/=w1200,in_stock,14000 INR,Kailash Kalamkari,new,2271,Apparel & Accessories > Clothing > Traditional Clothing > Pen Kalamkari Sarees
DPTS240,Kailash Kalamkari Srikalahasthi Pen Kalamkari Hand-Painted Pure Tussar Silk Saree - DPTS240,Authentic hand-painted Srikalahasthi (Srikalahasti) Pen Kalamkari Pure Tussar Silk Saree (Code: DPTS240). 100% natural organic vegetable dyes hand-drawn using traditional tamarind twig pens directly from Kailash Kalamkari master artisans since 1984.,https://www.kailash-kalamkari.com/?department=saree&product=srikalahasthi-pen-kalamkari-pure-tussar-silk-DPTS240,https://lh3.googleusercontent.com/d/=w1200,in_stock,14000 INR,Kailash Kalamkari,new,2271,Apparel & Accessories > Clothing > Traditional Clothing > Pen Kalamkari Sarees
DPTS241,Kailash Kalamkari Srikalahasthi Pen Kalamkari Hand-Painted Pure Tussar Silk Saree - DPTS241,Authentic hand-painted Srikalahasthi (Srikalahasti) Pen Kalamkari Pure Tussar Silk Saree (Code: DPTS241). 100% natural organic vegetable dyes hand-drawn using traditional tamarind twig pens directly from Kailash Kalamkari master artisans since 1984.,https://www.kailash-kalamkari.com/?department=saree&product=srikalahasthi-pen-kalamkari-pure-tussar-silk-DPTS241,https://lh3.googleusercontent.com/d/=w1200,in_stock,14000 INR,Kailash Kalamkari,new,2271,Apparel & Accessories > Clothing > Traditional Clothing > Pen Kalamkari Sarees
DPTS242,Kailash Kalamkari Srikalahasthi Pen Kalamkari Hand-Painted Pure Tussar Silk Saree - DPTS242,Authentic hand-painted Srikalahasthi (Srikalahasti) Pen Kalamkari Pure Tussar Silk Saree (Code: DPTS242). 100% natural organic vegetable dyes hand-drawn using traditional tamarind twig pens directly from Kailash Kalamkari master artisans since 1984.,https://www.kailash-kalamkari.com/?department=saree&product=srikalahasthi-pen-kalamkari-pure-tussar-silk-DPTS242,https://lh3.googleusercontent.com/d/=w1200,in_stock,14000 INR,Kailash Kalamkari,new,2271,Apparel & Accessories > Clothing > Traditional Clothing > Pen Kalamkari Sarees
DPTS243,Kailash Kalamkari Srikalahasthi Pen Kalamkari Hand-Painted Pure Tussar Silk Saree - DPTS243,Authentic hand-painted Srikalahasthi (Srikalahasti) Pen Kalamkari Pure Tussar Silk Saree (Code: DPTS243). 100% natural organic vegetable dyes hand-drawn using traditional tamarind twig pens directly from Kailash Kalamkari master artisans since 1984.,https://www.kailash-kalamkari.com/?department=saree&product=srikalahasthi-pen-kalamkari-pure-tussar-silk-DPTS243,https://lh3.googleusercontent.com/d/=w1200,in_stock,14000 INR,Kailash Kalamkari,new,2271,Apparel & Accessories > Clothing > Traditional Clothing > Pen Kalamkari Sarees
DPTS244,Kailash Kalamkari Srikalahasthi Pen Kalamkari Hand-Painted Pure Tussar Silk Saree - DPTS244,Authentic hand-painted Srikalahasthi (Srikalahasti) Pen Kalamkari Pure Tussar Silk Saree (Code: DPTS244). 100% natural organic vegetable dyes hand-drawn using traditional tamarind twig pens directly from Kailash Kalamkari master artisans since 1984.,https://www.kailash-kalamkari.com/?department=saree&product=srikalahasthi-pen-kalamkari-pure-tussar-silk-DPTS244,https://lh3.googleusercontent.com/d/=w1200,in_stock,14000 INR,Kailash Kalamkari,new,2271,Apparel & Accessories > Clothing > Traditional Clothing > Pen Kalamkari Sarees
DPTS245,Kailash Kalamkari Srikalahasthi Pen Kalamkari Hand-Painted Pure Tussar Silk Saree - DPTS245,Authentic hand-painted Srikalahasthi (Srikalahasti) Pen Kalamkari Pure Tussar Silk Saree (Code: DPTS245). 100% natural organic vegetable dyes hand-drawn using traditional tamarind twig pens directly from Kailash Kalamkari master artisans since 1984.,https://www.kailash-kalamkari.com/?department=saree&product=srikalahasthi-pen-kalamkari-pure-tussar-silk-DPTS245,https://lh3.googleusercontent.com/d/=w1200,in_stock,14000 INR,Kailash Kalamkari,new,2271,Apparel & Accessories > Clothing > Traditional Clothing > Pen Kalamkari Sarees
DPTS246,Kailash Kalamkari Srikalahasthi Pen Kalamkari Hand-Painted Pure Tussar Silk Saree - DPTS246,Authentic hand-painted Srikalahasthi (Srikalahasti) Pen Kalamkari Pure Tussar Silk Saree (Code: DPTS246). 100% natural organic vegetable dyes hand-drawn using traditional tamarind twig pens directly from Kailash Kalamkari master artisans since 1984.,https://www.kailash-kalamkari.com/?department=saree&product=srikalahasthi-pen-kalamkari-pure-tussar-silk-DPTS246,https://lh3.googleusercontent.com/d/=w1200,in_stock,14000 INR,Kailash Kalamkari,new,2271,Apparel & Accessories > Clothing > Traditional Clothing > Pen Kalamkari Sarees
DPTS247,Kailash Kalamkari Srikalahasthi Pen Kalamkari Hand-Painted Pure Tussar Silk Saree - DPTS247,Authentic hand-painted Srikalahasthi (Srikalahasti) Pen Kalamkari Pure Tussar Silk Saree (Code: DPTS247). 100% natural organic vegetable dyes hand-drawn using traditional tamarind twig pens directly from Kailash Kalamkari master artisans since 1984.,https://www.kailash-kalamkari.com/?department=saree&product=srikalahasthi-pen-kalamkari-pure-tussar-silk-DPTS247,https://lh3.googleusercontent.com/d/=w1200,in_stock,14000 INR,Kailash Kalamkari,new,2271,Apparel & Accessories > Clothing > Traditional Clothing > Pen Kalamkari Sarees
DPTS248,Kailash Kalamkari Srikalahasthi Pen Kalamkari Hand-Painted Pure Tussar Silk Saree - DPTS248,Authentic hand-painted Srikalahasthi (Srikalahasti) Pen Kalamkari Pure Tussar Silk Saree (Code: DPTS248). 100% natural organic vegetable dyes hand-drawn using traditional tamarind twig pens directly from Kailash Kalamkari master artisans since 1984.,https://www.kailash-kalamkari.com/?department=saree&product=srikalahasthi-pen-kalamkari-pure-tussar-silk-DPTS248,https://lh3.googleusercontent.com/d/=w1200,in_stock,14000 INR,Kailash Kalamkari,new,2271,Apparel & Accessories > Clothing > Traditional Clothing > Pen Kalamkari Sarees
DPTS249,Kailash Kalamkari Srikalahasthi Pen Kalamkari Hand-Painted Pure Tussar Silk Saree - DPTS249,Authentic hand-painted Srikalahasthi (Srikalahasti) Pen Kalamkari Pure Tussar Silk Saree (Code: DPTS249). 100% natural organic vegetable dyes hand-drawn using traditional tamarind twig pens directly from Kailash Kalamkari master artisans since 1984.,https://www.kailash-kalamkari.com/?department=saree&product=srikalahasthi-pen-kalamkari-pure-tussar-silk-DPTS249,https://lh3.googleusercontent.com/d/=w1200,in_stock,14000 INR,Kailash Kalamkari,new,2271,Apparel & Accessories > Clothing > Traditional Clothing > Pen Kalamkari Sarees
DPTS250,Kailash Kalamkari Srikalahasthi Pen Kalamkari Hand-Painted Pure Tussar Silk Saree - DPTS250,Authentic hand-painted Srikalahasthi (Srikalahasti) Pen Kalamkari Pure Tussar Silk Saree (Code: DPTS250). 100% natural organic vegetable dyes hand-drawn using traditional tamarind twig pens directly from Kailash Kalamkari master artisans since 1984.,https://www.kailash-kalamkari.com/?department=saree&product=srikalahasthi-pen-kalamkari-pure-tussar-silk-DPTS250,https://lh3.googleusercontent.com/d/=w1200,in_stock,14000 INR,Kailash Kalamkari,new,2271,Apparel & Accessories > Clothing > Traditional Clothing > Pen Kalamkari Sarees
DPTS251,Kailash Kalamkari Srikalahasthi Pen Kalamkari Hand-Painted Pure Tussar Silk Saree - DPTS251,Authentic hand-painted Srikalahasthi (Srikalahasti) Pen Kalamkari Pure Tussar Silk Saree (Code: DPTS251). 100% natural organic vegetable dyes hand-drawn using traditional tamarind twig pens directly from Kailash Kalamkari master artisans since 1984.,https://www.kailash-kalamkari.com/?department=saree&product=srikalahasthi-pen-kalamkari-pure-tussar-silk-DPTS251,https://lh3.googleusercontent.com/d/=w1200,in_stock,14000 INR,Kailash Kalamkari,new,2271,Apparel & Accessories > Clothing > Traditional Clothing > Pen Kalamkari Sarees
DPTS254,Kailash Kalamkari Srikalahasthi Pen Kalamkari Hand-Painted Pure Tussar Silk Saree - DPTS254,Authentic hand-painted Srikalahasthi (Srikalahasti) Pen Kalamkari Pure Tussar Silk Saree (Code: DPTS254). 100% natural organic vegetable dyes hand-drawn using traditional tamarind twig pens directly from Kailash Kalamkari master artisans since 1984.,https://www.kailash-kalamkari.com/?department=saree&product=srikalahasthi-pen-kalamkari-pure-tussar-silk-DPTS254,https://lh3.googleusercontent.com/d/=w1200,in_stock,14000 INR,Kailash Kalamkari,new,2271,Apparel & Accessories > Clothing > Traditional Clothing > Pen Kalamkari Sarees
DPTS255,Kailash Kalamkari Srikalahasthi Pen Kalamkari Hand-Painted Pure Tussar Silk Saree - DPTS255,Authentic hand-painted Srikalahasthi (Srikalahasti) Pen Kalamkari Pure Tussar Silk Saree (Code: DPTS255). 100% natural organic vegetable dyes hand-drawn using traditional tamarind twig pens directly from Kailash Kalamkari master artisans since 1984.,https://www.kailash-kalamkari.com/?department=saree&product=srikalahasthi-pen-kalamkari-pure-tussar-silk-DPTS255,https://lh3.googleusercontent.com/d/=w1200,in_stock,14000 INR,Kailash Kalamkari,new,2271,Apparel & Accessories > Clothing > Traditional Clothing > Pen Kalamkari Sarees
DPTS256,Kailash Kalamkari Srikalahasthi Pen Kalamkari Hand-Painted Pure Tussar Silk Saree - DPTS256,Authentic hand-painted Srikalahasthi (Srikalahasti) Pen Kalamkari Pure Tussar Silk Saree (Code: DPTS256). 100% natural organic vegetable dyes hand-drawn using traditional tamarind twig pens directly from Kailash Kalamkari master artisans since 1984.,https://www.kailash-kalamkari.com/?department=saree&product=srikalahasthi-pen-kalamkari-pure-tussar-silk-DPTS256,https://lh3.googleusercontent.com/d/=w1200,in_stock,14000 INR,Kailash Kalamkari,new,2271,Apparel & Accessories > Clothing > Traditional Clothing > Pen Kalamkari Sarees
DPTS257,Kailash Kalamkari Srikalahasthi Pen Kalamkari Hand-Painted Pure Tussar Silk Saree - DPTS257,Authentic hand-painted Srikalahasthi (Srikalahasti) Pen Kalamkari Pure Tussar Silk Saree (Code: DPTS257). 100% natural organic vegetable dyes hand-drawn using traditional tamarind twig pens directly from Kailash Kalamkari master artisans since 1984.,https://www.kailash-kalamkari.com/?department=saree&product=srikalahasthi-pen-kalamkari-pure-tussar-silk-DPTS257,https://lh3.googleusercontent.com/d/=w1200,in_stock,14000 INR,Kailash Kalamkari,new,2271,Apparel & Accessories > Clothing > Traditional Clothing > Pen Kalamkari Sarees
DPTS258,Kailash Kalamkari Srikalahasthi Pen Kalamkari Hand-Painted Pure Tussar Silk Saree - DPTS258,Authentic hand-painted Srikalahasthi (Srikalahasti) Pen Kalamkari Pure Tussar Silk Saree (Code: DPTS258). 100% natural organic vegetable dyes hand-drawn using traditional tamarind twig pens directly from Kailash Kalamkari master artisans since 1984.,https://www.kailash-kalamkari.com/?department=saree&product=srikalahasthi-pen-kalamkari-pure-tussar-silk-DPTS258,https://lh3.googleusercontent.com/d/=w1200,in_stock,14000 INR,Kailash Kalamkari,new,2271,Apparel & Accessories > Clothing > Traditional Clothing > Pen Kalamkari Sarees
DPTS259,Kailash Kalamkari Srikalahasthi Pen Kalamkari Hand-Painted Pure Tussar Silk Saree - DPTS259,Authentic hand-painted Srikalahasthi (Srikalahasti) Pen Kalamkari Pure Tussar Silk Saree (Code: DPTS259). 100% natural organic vegetable dyes hand-drawn using traditional tamarind twig pens directly from Kailash Kalamkari master artisans since 1984.,https://www.kailash-kalamkari.com/?department=saree&product=srikalahasthi-pen-kalamkari-pure-tussar-silk-DPTS259,https://lh3.googleusercontent.com/d/=w1200,in_stock,14000 INR,Kailash Kalamkari,new,2271,Apparel & Accessories > Clothing > Traditional Clothing > Pen Kalamkari Sarees
DPTS260,Kailash Kalamkari Srikalahasthi Pen Kalamkari Hand-Painted Pure Tussar Silk Saree - DPTS260,Authentic hand-painted Srikalahasthi (Srikalahasti) Pen Kalamkari Pure Tussar Silk Saree (Code: DPTS260). 100% natural organic vegetable dyes hand-drawn using traditional tamarind twig pens directly from Kailash Kalamkari master artisans since 1984.,https://www.kailash-kalamkari.com/?department=saree&product=srikalahasthi-pen-kalamkari-pure-tussar-silk-DPTS260,https://lh3.googleusercontent.com/d/=w1200,in_stock,14000 INR,Kailash Kalamkari,new,2271,Apparel & Accessories > Clothing > Traditional Clothing > Pen Kalamkari Sarees
DPTS261,Kailash Kalamkari Srikalahasthi Pen Kalamkari Hand-Painted Pure Tussar Silk Saree - DPTS261,Authentic hand-painted Srikalahasthi (Srikalahasti) Pen Kalamkari Pure Tussar Silk Saree (Code: DPTS261). 100% natural organic vegetable dyes hand-drawn using traditional tamarind twig pens directly from Kailash Kalamkari master artisans since 1984.,https://www.kailash-kalamkari.com/?department=saree&product=srikalahasthi-pen-kalamkari-pure-tussar-silk-DPTS261,https://lh3.googleusercontent.com/d/=w1200,in_stock,14000 INR,Kailash Kalamkari,new,2271,Apparel & Accessories > Clothing > Traditional Clothing > Pen Kalamkari Sarees
DPTS262,Kailash Kalamkari Srikalahasthi Pen Kalamkari Hand-Painted Pure Tussar Silk Saree - DPTS262,Authentic hand-painted Srikalahasthi (Srikalahasti) Pen Kalamkari Pure Tussar Silk Saree (Code: DPTS262). 100% natural organic vegetable dyes hand-drawn using traditional tamarind twig pens directly from Kailash Kalamkari master artisans since 1984.,https://www.kailash-kalamkari.com/?department=saree&product=srikalahasthi-pen-kalamkari-pure-tussar-silk-DPTS262,https://lh3.googleusercontent.com/d/=w1200,in_stock,14000 INR,Kailash Kalamkari,new,2271,Apparel & Accessories > Clothing > Traditional Clothing > Pen Kalamkari Sarees
DPTS263,Kailash Kalamkari Srikalahasthi Pen Kalamkari Hand-Painted Pure Tussar Silk Saree - DPTS263,Authentic hand-painted Srikalahasthi (Srikalahasti) Pen Kalamkari Pure Tussar Silk Saree (Code: DPTS263). 100% natural organic vegetable dyes hand-drawn using traditional tamarind twig pens directly from Kailash Kalamkari master artisans since 1984.,https://www.kailash-kalamkari.com/?department=saree&product=srikalahasthi-pen-kalamkari-pure-tussar-silk-DPTS263,https://lh3.googleusercontent.com/d/=w1200,in_stock,14000 INR,Kailash Kalamkari,new,2271,Apparel & Accessories > Clothing > Traditional Clothing > Pen Kalamkari Sarees
DPTS264,Kailash Kalamkari Srikalahasthi Pen Kalamkari Hand-Painted Pure Tussar Silk Saree - DPTS264,Authentic hand-painted Srikalahasthi (Srikalahasti) Pen Kalamkari Pure Tussar Silk Saree (Code: DPTS264). 100% natural organic vegetable dyes hand-drawn using traditional tamarind twig pens directly from Kailash Kalamkari master artisans since 1984.,https://www.kailash-kalamkari.com/?department=saree&product=srikalahasthi-pen-kalamkari-pure-tussar-silk-DPTS264,https://lh3.googleusercontent.com/d/=w1200,in_stock,14000 INR,Kailash Kalamkari,new,2271,Apparel & Accessories > Clothing > Traditional Clothing > Pen Kalamkari Sarees
DPTS265,Kailash Kalamkari Srikalahasthi Pen Kalamkari Hand-Painted Pure Tussar Silk Saree - DPTS265,Authentic hand-painted Srikalahasthi (Srikalahasti) Pen Kalamkari Pure Tussar Silk Saree (Code: DPTS265). 100% natural organic vegetable dyes hand-drawn using traditional tamarind twig pens directly from Kailash Kalamkari master artisans since 1984.,https://www.kailash-kalamkari.com/?department=saree&product=srikalahasthi-pen-kalamkari-pure-tussar-silk-DPTS265,https://lh3.googleusercontent.com/d/=w1200,in_stock,14000 INR,Kailash Kalamkari,new,2271,Apparel & Accessories > Clothing > Traditional Clothing > Pen Kalamkari Sarees
DPTS266,Kailash Kalamkari Srikalahasthi Pen Kalamkari Hand-Painted Pure Tussar Silk Saree - DPTS266,Authentic hand-painted Srikalahasthi (Srikalahasti) Pen Kalamkari Pure Tussar Silk Saree (Code: DPTS266). 100% natural organic vegetable dyes hand-drawn using traditional tamarind twig pens directly from Kailash Kalamkari master artisans since 1984.,https://www.kailash-kalamkari.com/?department=saree&product=srikalahasthi-pen-kalamkari-pure-tussar-silk-DPTS266,https://lh3.googleusercontent.com/d/=w1200,in_stock,14000 INR,Kailash Kalamkari,new,2271,Apparel & Accessories > Clothing > Traditional Clothing > Pen Kalamkari Sarees
DPTS267,Kailash Kalamkari Srikalahasthi Pen Kalamkari Hand-Painted Pure Tussar Silk Saree - DPTS267,Authentic hand-painted Srikalahasthi (Srikalahasti) Pen Kalamkari Pure Tussar Silk Saree (Code: DPTS267). 100% natural organic vegetable dyes hand-drawn using traditional tamarind twig pens directly from Kailash Kalamkari master artisans since 1984.,https://www.kailash-kalamkari.com/?department=saree&product=srikalahasthi-pen-kalamkari-pure-tussar-silk-DPTS267,https://lh3.googleusercontent.com/d/=w1200,in_stock,14000 INR,Kailash Kalamkari,new,2271,Apparel & Accessories > Clothing > Traditional Clothing > Pen Kalamkari Sarees
DPTS268,Kailash Kalamkari Srikalahasthi Pen Kalamkari Hand-Painted Pure Tussar Silk Saree - DPTS268,Authentic hand-painted Srikalahasthi (Srikalahasti) Pen Kalamkari Pure Tussar Silk Saree (Code: DPTS268). 100% natural organic vegetable dyes hand-drawn using traditional tamarind twig pens directly from Kailash Kalamkari master artisans since 1984.,https://www.kailash-kalamkari.com/?department=saree&product=srikalahasthi-pen-kalamkari-pure-tussar-silk-DPTS268,https://lh3.googleusercontent.com/d/=w1200,in_stock,14000 INR,Kailash Kalamkari,new,2271,Apparel & Accessories > Clothing > Traditional Clothing > Pen Kalamkari Sarees
DPTS269,Kailash Kalamkari Srikalahasthi Pen Kalamkari Hand-Painted Pure Tussar Silk Saree - DPTS269,Authentic hand-painted Srikalahasthi (Srikalahasti) Pen Kalamkari Pure Tussar Silk Saree (Code: DPTS269). 100% natural organic vegetable dyes hand-drawn using traditional tamarind twig pens directly from Kailash Kalamkari master artisans since 1984.,https://www.kailash-kalamkari.com/?department=saree&product=srikalahasthi-pen-kalamkari-pure-tussar-silk-DPTS269,https://lh3.googleusercontent.com/d/=w1200,in_stock,14000 INR,Kailash Kalamkari,new,2271,Apparel & Accessories > Clothing > Traditional Clothing > Pen Kalamkari Sarees
DPTS289,Kailash Kalamkari Srikalahasthi Pen Kalamkari Hand-Painted Pure Tussar Silk Saree - DPTS289,Authentic hand-painted Srikalahasthi (Srikalahasti) Pen Kalamkari Pure Tussar Silk Saree (Code: DPTS289). 100% natural organic vegetable dyes hand-drawn using traditional tamarind twig pens directly from Kailash Kalamkari master artisans since 1984.,https://www.kailash-kalamkari.com/?department=saree&product=srikalahasthi-pen-kalamkari-pure-tussar-silk-DPTS289,https://lh3.googleusercontent.com/d/=w1200,in_stock,15000 INR,Kailash Kalamkari,new,2271,Apparel & Accessories > Clothing > Traditional Clothing > Pen Kalamkari Sarees
DPTS290,Kailash Kalamkari Srikalahasthi Pen Kalamkari Hand-Painted Pure Tussar Silk Saree - DPTS290,Authentic hand-painted Srikalahasthi (Srikalahasti) Pen Kalamkari Pure Tussar Silk Saree (Code: DPTS290). 100% natural organic vegetable dyes hand-drawn using traditional tamarind twig pens directly from Kailash Kalamkari master artisans since 1984.,https://www.kailash-kalamkari.com/?department=saree&product=srikalahasthi-pen-kalamkari-pure-tussar-silk-DPTS290,https://lh3.googleusercontent.com/d/=w1200,in_stock,15000 INR,Kailash Kalamkari,new,2271,Apparel & Accessories > Clothing > Traditional Clothing > Pen Kalamkari Sarees
DPTS291,Kailash Kalamkari Srikalahasthi Pen Kalamkari Hand-Painted Pure Tussar Silk Saree - DPTS291,Authentic hand-painted Srikalahasthi (Srikalahasti) Pen Kalamkari Pure Tussar Silk Saree (Code: DPTS291). 100% natural organic vegetable dyes hand-drawn using traditional tamarind twig pens directly from Kailash Kalamkari master artisans since 1984.,https://www.kailash-kalamkari.com/?department=saree&product=srikalahasthi-pen-kalamkari-pure-tussar-silk-DPTS291,https://lh3.googleusercontent.com/d/=w1200,in_stock,15000 INR,Kailash Kalamkari,new,2271,Apparel & Accessories > Clothing > Traditional Clothing > Pen Kalamkari Sarees
DPTS292,Kailash Kalamkari Srikalahasthi Pen Kalamkari Hand-Painted Pure Tussar Silk Saree - DPTS292,Authentic hand-painted Srikalahasthi (Srikalahasti) Pen Kalamkari Pure Tussar Silk Saree (Code: DPTS292). 100% natural organic vegetable dyes hand-drawn using traditional tamarind twig pens directly from Kailash Kalamkari master artisans since 1984.,https://www.kailash-kalamkari.com/?department=saree&product=srikalahasthi-pen-kalamkari-pure-tussar-silk-DPTS292,https://lh3.googleusercontent.com/d/=w1200,in_stock,15000 INR,Kailash Kalamkari,new,2271,Apparel & Accessories > Clothing > Traditional Clothing > Pen Kalamkari Sarees
DPTS293,Kailash Kalamkari Srikalahasthi Pen Kalamkari Hand-Painted Pure Tussar Silk Saree - DPTS293,Authentic hand-painted Srikalahasthi (Srikalahasti) Pen Kalamkari Pure Tussar Silk Saree (Code: DPTS293). 100% natural organic vegetable dyes hand-drawn using traditional tamarind twig pens directly from Kailash Kalamkari master artisans since 1984.,https://www.kailash-kalamkari.com/?department=saree&product=srikalahasthi-pen-kalamkari-pure-tussar-silk-DPTS293,https://lh3.googleusercontent.com/d/=w1200,in_stock,15000 INR,Kailash Kalamkari,new,2271,Apparel & Accessories > Clothing > Traditional Clothing > Pen Kalamkari Sarees
DPTS272,Kailash Kalamkari Srikalahasthi Pen Kalamkari Hand-Painted Pure Tussar Silk Saree - DPTS272,Authentic hand-painted Srikalahasthi (Srikalahasti) Pen Kalamkari Pure Tussar Silk Saree (Code: DPTS272). 100% natural organic vegetable dyes hand-drawn using traditional tamarind twig pens directly from Kailash Kalamkari master artisans since 1984.,https://www.kailash-kalamkari.com/?department=saree&product=srikalahasthi-pen-kalamkari-pure-tussar-silk-DPTS272,https://lh3.googleusercontent.com/d/=w1200,in_stock,15000 INR,Kailash Kalamkari,new,2271,Apparel & Accessories > Clothing > Traditional Clothing > Pen Kalamkari Sarees
DPTS274,Kailash Kalamkari Srikalahasthi Pen Kalamkari Hand-Painted Pure Tussar Silk Saree - DPTS274,Authentic hand-painted Srikalahasthi (Srikalahasti) Pen Kalamkari Pure Tussar Silk Saree (Code: DPTS274). 100% natural organic vegetable dyes hand-drawn using traditional tamarind twig pens directly from Kailash Kalamkari master artisans since 1984.,https://www.kailash-kalamkari.com/?department=saree&product=srikalahasthi-pen-kalamkari-pure-tussar-silk-DPTS274,https://lh3.googleusercontent.com/d/=w1200,in_stock,15000 INR,Kailash Kalamkari,new,2271,Apparel & Accessories > Clothing > Traditional Clothing > Pen Kalamkari Sarees
DPTS275,Kailash Kalamkari Srikalahasthi Pen Kalamkari Hand-Painted Pure Tussar Silk Saree - DPTS275,Authentic hand-painted Srikalahasthi (Srikalahasti) Pen Kalamkari Pure Tussar Silk Saree (Code: DPTS275). 100% natural organic vegetable dyes hand-drawn using traditional tamarind twig pens directly from Kailash Kalamkari master artisans since 1984.,https://www.kailash-kalamkari.com/?department=saree&product=srikalahasthi-pen-kalamkari-pure-tussar-silk-DPTS275,https://lh3.googleusercontent.com/d/=w1200,in_stock,15000 INR,Kailash Kalamkari,new,2271,Apparel & Accessories > Clothing > Traditional Clothing > Pen Kalamkari Sarees
DPTS276,Kailash Kalamkari Srikalahasthi Pen Kalamkari Hand-Painted Pure Tussar Silk Saree - DPTS276,Authentic hand-painted Srikalahasthi (Srikalahasti) Pen Kalamkari Pure Tussar Silk Saree (Code: DPTS276). 100% natural organic vegetable dyes hand-drawn using traditional tamarind twig pens directly from Kailash Kalamkari master artisans since 1984.,https://www.kailash-kalamkari.com/?department=saree&product=srikalahasthi-pen-kalamkari-pure-tussar-silk-DPTS276,https://lh3.googleusercontent.com/d/=w1200,in_stock,15000 INR,Kailash Kalamkari,new,2271,Apparel & Accessories > Clothing > Traditional Clothing > Pen Kalamkari Sarees
DPTS277,Kailash Kalamkari Srikalahasthi Pen Kalamkari Hand-Painted Pure Tussar Silk Saree - DPTS277,Authentic hand-painted Srikalahasthi (Srikalahasti) Pen Kalamkari Pure Tussar Silk Saree (Code: DPTS277). 100% natural organic vegetable dyes hand-drawn using traditional tamarind twig pens directly from Kailash Kalamkari master artisans since 1984.,https://www.kailash-kalamkari.com/?department=saree&product=srikalahasthi-pen-kalamkari-pure-tussar-silk-DPTS277,https://lh3.googleusercontent.com/d/=w1200,in_stock,15000 INR,Kailash Kalamkari,new,2271,Apparel & Accessories > Clothing > Traditional Clothing > Pen Kalamkari Sarees
DPTS279,Kailash Kalamkari Srikalahasthi Pen Kalamkari Hand-Painted Pure Tussar Silk Saree - DPTS279,Authentic hand-painted Srikalahasthi (Srikalahasti) Pen Kalamkari Pure Tussar Silk Saree (Code: DPTS279). 100% natural organic vegetable dyes hand-drawn using traditional tamarind twig pens directly from Kailash Kalamkari master artisans since 1984.,https://www.kailash-kalamkari.com/?department=saree&product=srikalahasthi-pen-kalamkari-pure-tussar-silk-DPTS279,https://lh3.googleusercontent.com/d/=w1200,in_stock,15000 INR,Kailash Kalamkari,new,2271,Apparel & Accessories > Clothing > Traditional Clothing > Pen Kalamkari Sarees
DPTS280,Kailash Kalamkari Srikalahasthi Pen Kalamkari Hand-Painted Pure Tussar Silk Saree - DPTS280,Authentic hand-painted Srikalahasthi (Srikalahasti) Pen Kalamkari Pure Tussar Silk Saree (Code: DPTS280). 100% natural organic vegetable dyes hand-drawn using traditional tamarind twig pens directly from Kailash Kalamkari master artisans since 1984.,https://www.kailash-kalamkari.com/?department=saree&product=srikalahasthi-pen-kalamkari-pure-tussar-silk-DPTS280,https://lh3.googleusercontent.com/d/=w1200,in_stock,15000 INR,Kailash Kalamkari,new,2271,Apparel & Accessories > Clothing > Traditional Clothing > Pen Kalamkari Sarees
DPTS281,Kailash Kalamkari Srikalahasthi Pen Kalamkari Hand-Painted Pure Tussar Silk Saree - DPTS281,Authentic hand-painted Srikalahasthi (Srikalahasti) Pen Kalamkari Pure Tussar Silk Saree (Code: DPTS281). 100% natural organic vegetable dyes hand-drawn using traditional tamarind twig pens directly from Kailash Kalamkari master artisans since 1984.,https://www.kailash-kalamkari.com/?department=saree&product=srikalahasthi-pen-kalamkari-pure-tussar-silk-DPTS281,https://lh3.googleusercontent.com/d/=w1200,in_stock,15000 INR,Kailash Kalamkari,new,2271,Apparel & Accessories > Clothing > Traditional Clothing > Pen Kalamkari Sarees
DPTS282,Kailash Kalamkari Srikalahasthi Pen Kalamkari Hand-Painted Pure Tussar Silk Saree - DPTS282,Authentic hand-painted Srikalahasthi (Srikalahasti) Pen Kalamkari Pure Tussar Silk Saree (Code: DPTS282). 100% natural organic vegetable dyes hand-drawn using traditional tamarind twig pens directly from Kailash Kalamkari master artisans since 1984.,https://www.kailash-kalamkari.com/?department=saree&product=srikalahasthi-pen-kalamkari-pure-tussar-silk-DPTS282,https://lh3.googleusercontent.com/d/=w1200,in_stock,19500 INR,Kailash Kalamkari,new,2271,Apparel & Accessories > Clothing > Traditional Clothing > Pen Kalamkari Sarees
DPTS283,Kailash Kalamkari Srikalahasthi Pen Kalamkari Hand-Painted Pure Tussar Silk Saree - DPTS283,Authentic hand-painted Srikalahasthi (Srikalahasti) Pen Kalamkari Pure Tussar Silk Saree (Code: DPTS283). 100% natural organic vegetable dyes hand-drawn using traditional tamarind twig pens directly from Kailash Kalamkari master artisans since 1984.,https://www.kailash-kalamkari.com/?department=saree&product=srikalahasthi-pen-kalamkari-pure-tussar-silk-DPTS283,https://lh3.googleusercontent.com/d/=w1200,in_stock,19500 INR,Kailash Kalamkari,new,2271,Apparel & Accessories > Clothing > Traditional Clothing > Pen Kalamkari Sarees
DPTS284,Kailash Kalamkari Srikalahasthi Pen Kalamkari Hand-Painted Pure Tussar Silk Saree - DPTS284,Authentic hand-painted Srikalahasthi (Srikalahasti) Pen Kalamkari Pure Tussar Silk Saree (Code: DPTS284). 100% natural organic vegetable dyes hand-drawn using traditional tamarind twig pens directly from Kailash Kalamkari master artisans since 1984.,https://www.kailash-kalamkari.com/?department=saree&product=srikalahasthi-pen-kalamkari-pure-tussar-silk-DPTS284,https://lh3.googleusercontent.com/d/=w1200,in_stock,19500 INR,Kailash Kalamkari,new,2271,Apparel & Accessories > Clothing > Traditional Clothing > Pen Kalamkari Sarees
DPTS285,Kailash Kalamkari Srikalahasthi Pen Kalamkari Hand-Painted Pure Tussar Silk Saree - DPTS285,Authentic hand-painted Srikalahasthi (Srikalahasti) Pen Kalamkari Pure Tussar Silk Saree (Code: DPTS285). 100% natural organic vegetable dyes hand-drawn using traditional tamarind twig pens directly from Kailash Kalamkari master artisans since 1984.,https://www.kailash-kalamkari.com/?department=saree&product=srikalahasthi-pen-kalamkari-pure-tussar-silk-DPTS285,https://lh3.googleusercontent.com/d/=w1200,in_stock,19500 INR,Kailash Kalamkari,new,2271,Apparel & Accessories > Clothing > Traditional Clothing > Pen Kalamkari Sarees
DPTS286,Kailash Kalamkari Srikalahasthi Pen Kalamkari Hand-Painted Pure Tussar Silk Saree - DPTS286,Authentic hand-painted Srikalahasthi (Srikalahasti) Pen Kalamkari Pure Tussar Silk Saree (Code: DPTS286). 100% natural organic vegetable dyes hand-drawn using traditional tamarind twig pens directly from Kailash Kalamkari master artisans since 1984.,https://www.kailash-kalamkari.com/?department=saree&product=srikalahasthi-pen-kalamkari-pure-tussar-silk-DPTS286,https://lh3.googleusercontent.com/d/=w1200,in_stock,19500 INR,Kailash Kalamkari,new,2271,Apparel & Accessories > Clothing > Traditional Clothing > Pen Kalamkari Sarees
